Years,Technologies,F_Mult,f_min,f_max,F_year
YEAR_2020,PV_ROOF,0.0118,0.0118,0.0118,13.595016
YEAR_2020,TRAFO_ML,21.63268777315889,,21.63268777315889,109452.34296856943
YEAR_2020,TRAFO_HM,22.12702441952427,,22.12702441952428,115831.47387984584
YEAR_2020,WIND_ONSHORE,3.946,3.946,3.946,11453.596464
YEAR_2020,CCGT,0.5557,0.5557,0.5557,2190.5694
YEAR_2020,TRAFO_EH,29.23042386174878,,29.23134955970892,178491.63099943532
YEAR_2020,HYDRO_RIVER,15.13,15.13,15.13,73573.19568
YEAR_2020,HYDRO_DAM,26.357,26.357,26.357,127918.533528
YEAR_2020,IND_BOILER_COAL,0.4347336726281075,,0.4347336726281075,3427.4402749999986
YEAR_2020,IND_BOILER_GAS,4.45195125356314,,4.544307390394607,37036.81730000001
YEAR_2020,IND_BOILER_OIL,2.626638692019666,,2.626638692019666,18876.49942499999
YEAR_2020,IND_COGEN_WOOD,1.845150819231803,,1.845150819231803,13738.993
YEAR_2020,DHN_BOILER_GAS,0.5394937567701689,,0.540854018495089,2040.8511075845754
YEAR_2020,DEC_BOILER_GAS,5.109943344040205,,5.109943344040209,19330.406334658677
YEAR_2020,DEC_BOILER_OIL,1.70163133096991,,1.701631330969911,6437.101714209458
YEAR_2020,DEC_BOILER_WOOD,2.254535279756871,,2.254535279756871,8528.682241526785
YEAR_2020,DEC_DIRECT_ELEC,14.1154610852415,,14.11546108524151,53397.38232069007
YEAR_2020,DEC_HP_ELEC,2.065184612364076,,2.065184612364061,7812.387540390718
YEAR_2020,COMMUTER_RAIL_ELEC_SD,0.6446371709607774,,0.6446371709607774,1931.2813932248123
YEAR_2020,BUS_CNG_SD,0.0321117577977293,,0.0321117577957352,83.54580249750826
YEAR_2020,BUS_DIESEL_SD,0.3086542019628826,,0.3086542019628826,803.03181033087
YEAR_2020,BUS_GASOLINE_SD,0.01264400463207071,,0.01264400463207071,32.89615973135101
YEAR_2020,BUS_HY_DIESEL_SD,0.1322803722698064,,0.1322803722698064,344.1564901418007
YEAR_2020,SCHOOLBUS_CNG_SD,0.5756032584885526,,0.5756032584885526,1497.5585096748368
YEAR_2020,SCHOOLBUS_DIESEL_SD,0.8110225828285351,,0.8110225828285351,2110.053674196656
YEAR_2020,SCHOOLBUS_GASOLINE_SD,0.1346686842558632,,0.1346686842558632,350.3702092021644
YEAR_2020,CAR_GASOLINE_SD,65.30842588297833,,65.30842588297833,29177.192347479395
YEAR_2020,CAR_EV_SD,1.176835486424749,,1.176835486425261,525.7630219149
YEAR_2020,SUV_GASOLINE_SD,47.98873594641152,,47.98873594641191,21439.4476714187
YEAR_2020,SUV_DIESEL_SD,0.4279401768815497,,0.4279401768815506,191.18655342360077
YEAR_2020,SUV_HY_GASOLINE_SD,0.6656847195935174,,0.6656847195935174,297.40130532559976
YEAR_2020,CAR_PHEV_SD,0.8915420351699023,,0.8915420351699064,398.30531963250365
YEAR_2020,SUV_PHEV_GASOLINE_SD,0.3328423597967707,,0.3328423597967747,148.70065266280355
YEAR_2020,CAR_DIESEL_SD,0.6300230381867223,,0.6300230381867225,281.46909254030015
YEAR_2020,CAR_HEV_SD,1.022301533661448,,1.022301533661448,456.7234331785884
YEAR_2020,SUV_EV_SD,0.4279401768815473,,0.4279401768815474,191.1865534236001
YEAR_2020,COMMUTER_RAIL_DIESEL_MD,0.00640477946944884,,0.00640477946944884,19.188206908111038
YEAR_2020,COACH_DIESEL_MD,0.04388774339258106,,0.04388774339258106,114.18361974590565
YEAR_2020,COACH_GASOLINE_MD,0.008893667783826508,,0.008893667783102719,23.138833345983283
YEAR_2020,SUV_PHEV_GASOLINE_MD,0.3259879715104148,,0.3259879715104148,145.6383861519929
YEAR_2020,SUV_HY_GASOLINE_MD,0.6519759430208438,,0.6519759430208438,291.2767723039922
YEAR_2020,CAR_DIESEL_MD,0.6170486603590177,,0.6170486603590177,275.67265950199476
YEAR_2020,SUV_DIESEL_MD,0.4191273919419823,,0.4191273919419823,187.24935362400004
YEAR_2020,SUV_EV_MD,0.41912739194197,,0.41912739194197,187.24935362399452
YEAR_2020,CAR_HEV_MD,1.001248769639766,,1.00124876964037,447.31790032400005
YEAR_2020,SUV_GASOLINE_MD,47.00048003527081,,47.00048003527081,20997.93446055759
YEAR_2020,CAR_EV_MD,1.152600327839536,,1.152600327839536,514.9357224655912
YEAR_2020,CAR_PHEV_MD,0.8731820665457803,,0.8731820665457803,390.10282004999294
YEAR_2020,CAR_GASOLINE_MD,63.96349698136808,,63.96349698136808,28576.331911396
YEAR_2020,TRAIN_DIESEL_LD,0.008679864196892595,,0.008679864196892595,20.909792850314258
YEAR_2020,COACH_DIESEL_LD,0.07701006673927563,,0.07701006673570382,200.35863083034843
YEAR_2020,COACH_GASOLINE_LD,0.01560576818396404,,0.01560576818396404,40.60183920013674
YEAR_2020,PLANE_SH_LD,18.07831908295339,18.07831908295339,18.07831908295339,9695.173953119202
YEAR_2020,SUV_GASOLINE_LD,6.000736990779841,,6.000736990779842,2680.889258000802
YEAR_2020,CAR_GASOLINE_LD,8.16647238725401,,8.16647238725401,3648.4532037296017
YEAR_2020,CAR_HEV_LD,0.1278333864759222,,0.1278333864759222,57.110843741983004
YEAR_2020,SUV_DIESEL_LD,0.05351165015310234,,0.05351165015310234,23.906864822399953
YEAR_2020,CAR_DIESEL_LD,0.07878104050317844,,0.07878104050317844,35.196217655200016
YEAR_2020,CAR_EV_LD,0.1471570379210322,,0.1471570379210325,65.74387826160026
YEAR_2020,SUV_EV_LD,0.05351165015310234,,0.05351165015310235,23.906864822400006
YEAR_2020,SUV_HY_GASOLINE_LD,0.08324034468260366,,0.08324034468260366,37.1884563904
YEAR_2020,CAR_PHEV_LD,0.1114826044856299,,0.1114826044856299,49.80596838000001
YEAR_2020,SUV_PHEV_GASOLINE_LD,0.04162017234130183,,0.04162017234130184,18.594228195200007
YEAR_2020,LCV_DIESEL_SD,3.581614262036965,,3.581614262036965,2917.869506996274
YEAR_2020,LCV_GASOLINE_SD,5.537444575788497,,5.537444575792653,4511.245347000001
YEAR_2020,LCV_PROPANE_SD,0.02988074089628966,,0.0298807409053552,24.343241999999996
YEAR_2020,TRUCK_SH_DIESEL_SD,2.029173950512748,,2.029173950512065,1653.1274340037257
YEAR_2020,TRUCK_SH_GASOLINE_SD,2.404041427309179,,2.404041427309494,1958.5244699999998
YEAR_2020,LCV_DIESEL_MD,0.05892121078068158,,0.05892121078068158,48.00193199880567
YEAR_2020,LCV_GASOLINE_MD,3.446890830755365,,3.446890830755365,2808.113021999781
YEAR_2020,LCV_PROPANE_MD,0.01964040359413744,,0.01964040359416686,16.000644000047927
YEAR_2020,SEMI_SH_DIESEL_MD,25.91551254234792,,25.91551254234792,21112.849758
YEAR_2020,TRUCK_SH_DIESEL_MD,1.505764275544644,,1.505764275545516,1226.7160399999998
YEAR_2020,TRUCK_SH_GASOLINE_MD,1.78727672705827,,1.78727672705827,1456.0586039998311
YEAR_2020,TRAIN_FREIGHT_DIESEL_LD,2.655072899140578,,2.655072899140578,7954.385999993241
YEAR_2020,SEMI_LH_DIESEL_LD,15.6776982081308,,15.6776982081308,12772.307176177686
YEAR_2020,TRUCK_LH_DIESEL_LD,0.1858952256100527,,0.1858952256100527,151.44512239999773
YEAR_2020,TRUCK_LH_GASOLINE_LD,0.1618570499203037,,0.1618570498846173,131.86170142907304
YEAR_2020,TRAIN_FREIGHT_DIESEL_ELD,7.963623423855097,,7.963623423855097,23858.378687995966
YEAR_2020,SEMI_LH_DIESEL_ELD,23.85129112289489,,23.85129112289489,19431.169852022304
YEAR_2020,PLANE_FREIGHT_ELD,0.09676728462363826,,0.09676728462363826,508.60884798184003
YEAR_2020,BULK_CARRIER_ELD,8.493776398679946,,8.493776398679946,40923.014688839976
YEAR_2020,CONTAINER_ELD,1.990396223750816,,1.990396223750816,12205.109644040003
YEAR_2020,OIL_TANKER_ELD,4.439364126503046,,4.439364126503046,18666.638279119914
YEAR_2020,DHN,0.5394937567701689,,0.540854018495089,
YEAR_2020,EHV_GRID,35.5217144163113,,35.52266963038637,230676.92682048478
YEAR_2020,HV_GRID,30.06461528282437,,30.06461528282443,185353.45801943532
YEAR_2020,MV_GRID,23.68174841952427,,23.68174841952437,127285.07034384584
YEAR_2020,LV_GRID,21.63363177315889,,21.63363177315889,109465.93798456943
YEAR_2020,EHP_NG_GRID,10.10459662913048,,10.10459662913048,65063.94081872228
YEAR_2020,HP_NG_GRID,10.10459662913048,,10.10459662913048,65063.94081872228
YEAR_2020,MP_NG_GRID,9.759322680543352,,9.76079176320627,61438.42387366248
YEAR_2020,LP_NG_GRID,5.672037111884627,,5.672037111884633,21456.751031471133
YEAR_2020,LT_DEC_WH,0.05989649479703925,,0.05989649479703925,194.8547628623283
YEAR_2020,NG_EXP_EH,10.10459662913048,,10.10459662913048,65063.94081872228
YEAR_2020,NG_EXP_HM,9.759322680543352,,9.76079176320627,61438.42387366248
YEAR_2020,NG_EXP_ML,5.672037111884627,,5.672037111884633,21456.751031471133
YEAR_2020,CAR_DIESEL,1.325852739048919,,1.325852739048919,592.3379696974948
YEAR_2020,CAR_EV,2.476592852185318,,2.47659285218583,1106.4426226420917
YEAR_2020,CAR_GASOLINE,137.4383952516004,,137.4383952516004,61401.977462605
YEAR_2020,CAR_HEV,2.151383689777136,,2.15138368977774,961.1521772445715
YEAR_2020,CAR_PHEV,1.876206706201313,,1.876206706201317,838.2141080624966
YEAR_2020,SUV_DIESEL,0.9005792189766344,,0.9005792189766353,402.3427718700007
YEAR_2020,SUV_EV,0.9005792189766195,,0.9005792189766197,402.3427718699946
YEAR_2020,SUV_GASOLINE,100.9899529724622,,100.9899529724626,45118.27138997708
YEAR_2020,SUV_HY_GASOLINE,1.400901007296965,,1.400901007296965,625.866534019992
YEAR_2020,SUV_PHEV_GASOLINE,0.7004505036484873,,0.7004505036484914,312.9332670099964
YEAR_2020,BUS_CNG,0.0321117577977293,,0.0321117577957352,83.54580249750826
YEAR_2020,BUS_DIESEL,0.3086542019628826,,0.3086542019628826,803.03181033087
YEAR_2020,BUS_GASOLINE,0.01264400463207071,,0.01264400463207071,32.89615973135101
YEAR_2020,BUS_HY_DIESEL,0.1322803722698064,,0.1322803722698064,344.1564901418007
YEAR_2020,SCHOOLBUS_CNG,0.5756032584885526,,0.5756032584885526,1497.5585096748368
YEAR_2020,SCHOOLBUS_DIESEL,0.8110225828285351,,0.8110225828285351,2110.053674196656
YEAR_2020,SCHOOLBUS_GASOLINE,0.1346686842558632,,0.1346686842558632,350.3702092021644
YEAR_2020,COACH_DIESEL,0.1208978101318567,,0.1208978101282849,314.54225057625416
YEAR_2020,COACH_GASOLINE,0.02449943596779055,,0.02449943596706676,63.740672546120024
YEAR_2020,COMMUTER_RAIL_DIESEL,0.00640477946944884,,0.00640477946944884,19.188206908111038
YEAR_2020,COMMUTER_RAIL_ELEC,0.6446371709607774,,0.6446371709607774,1931.2813932248123
YEAR_2020,TRAIN_DIESEL,0.008679864196892595,,0.008679864196892595,20.909792850314258
YEAR_2020,PLANE_SH,18.07831908295339,,18.07831908295339,9695.173953119202
YEAR_2020,LCV_DIESEL,3.640535472817646,,3.640535472817646,2965.87143899508
YEAR_2020,LCV_GASOLINE,8.984335406543861,,8.984335406548018,7319.358368999781
YEAR_2020,LCV_PROPANE,0.0495211444904271,,0.0495211444904271,40.34388600004792
YEAR_2020,TRUCK_SH_DIESEL,3.534938226057392,,3.534938226057581,2879.8434740037255
YEAR_2020,TRUCK_SH_GASOLINE,4.191318154367449,,4.191318154367764,3414.583073999832
YEAR_2020,SEMI_SH_DIESEL,25.91551254234792,,25.91551254234792,21112.849758
YEAR_2020,SEMI_LH_DIESEL,39.52898933102568,,39.52898933102569,32203.477028199995
YEAR_2020,TRAIN_FREIGHT_DIESEL,10.61869632299567,,10.61869632299567,31812.764687989205
YEAR_2020,TRUCK_LH_DIESEL,0.1858952256100527,,0.1858952256100527,151.44512239999773
YEAR_2020,TRUCK_LH_GASOLINE,0.1618570499203037,,0.1618570498846173,131.86170142907304
YEAR_2020,PLANE_FREIGHT,0.09676728462363826,,0.09676728462363826,508.60884798184003
YEAR_2020,BULK_CARRIER,8.493776398679946,,8.493776398679946,40923.014688839976
YEAR_2020,CONTAINER,1.990396223750816,,1.990396223750816,12205.109644040003
YEAR_2020,OIL_TANKER,4.439364126503046,,4.439364126503046,18666.638279119914
YEAR_2025,PV_ROOF,0.0118,0.0118,0.0118,13.595016
YEAR_2025,TRAFO_ML,21.7935393343204,,21.79358206398851,111700.85518217228
YEAR_2025,TRAFO_HM,22.32240482676702,,22.32244761891169,118408.93355381898
YEAR_2025,WIND_ONSHORE,3.992,3.992,3.992,11587.115328
YEAR_2025,CCGT,0.44456,,0.5557,1752.4555199999998
YEAR_2025,TRAFO_EH,29.50766777580089,,29.92090429042308,184205.99044504424
YEAR_2025,HYDRO_RIVER,15.13,15.13,15.13,73573.19568
YEAR_2025,HYDRO_DAM,26.357,26.357,26.357,127918.533528
YEAR_2025,IND_BOILER_COAL,0.355213912354135,,0.4347336726281075,2800.5064850000176
YEAR_2025,IND_BOILER_GAS,4.718514668348952,,4.718514668348952,39267.47906999999
YEAR_2025,IND_BOILER_OIL,2.233614129276102,,2.626638692019666,16780.393304999994
YEAR_2025,IND_COGEN_WOOD,2.234350139672307,,2.234350139672307,16636.97114
YEAR_2025,DHN_BOILER_GAS,0.5394937567701689,,0.540854018495089,2026.822736842105
YEAR_2025,DEC_BOILER_GAS,4.492519253856146,,5.109943344040209,17074.94052398194
YEAR_2025,DEC_BOILER_OIL,1.617804717455121,,1.701631330969911,6148.870548802359
YEAR_2025,DEC_BOILER_WOOD,2.220125858415334,,2.254535279756871,8438.142353125693
YEAR_2025,DEC_DIRECT_ELEC,13.61942679063758,,14.11546108524151,51764.03022007155
YEAR_2025,DEC_HP_ELEC,2.939426725099227,,2.939435329890022,11172.024797131668
YEAR_2025,COMMUTER_RAIL_ELEC_SD,0.6606028455335036,,0.6606028455335036,1979.113276990734
YEAR_2025,BUS_CNG_SD,0.02140783853181953,,0.0321117577957352,46.86167544998119
YEAR_2025,BUS_DIESEL_SD,0.388247580033035,,0.3882475800323815,1010.1114939235479
YEAR_2025,BUS_GASOLINE_SD,0.01511335431259615,,0.01511335431257071,39.32071618216765
YEAR_2025,BUS_HY_DIESEL_SD,0.1663918200141579,,0.1663918200138778,432.9049259672347
YEAR_2025,SCHOOLBUS_CNG_SD,0.6384874616444721,,0.6384874616433986,1661.165598709658
YEAR_2025,SCHOOLBUS_DIESEL_SD,0.6873470728468386,,0.8110225828285351,1788.2846263670765
YEAR_2025,SCHOOLBUS_GASOLINE_SD,0.1567234138991135,,0.1567234138988511,407.75044040960154
YEAR_2025,CAR_GASOLINE_SD,63.66193801493151,,65.30842588297833,28441.607427550778
YEAR_2025,CAR_EV_SD,1.859672459011902,,1.859672459011902,830.8272677881488
YEAR_2025,SUV_GASOLINE_SD,55.02592481482068,,55.02592481482068,24583.38217026929
YEAR_2025,SUV_DIESEL_SD,0.4203369256688155,,0.4279401768815506,187.7897249118
YEAR_2025,SUV_HY_GASOLINE_SD,1.197323364023759,,1.197323364023759,534.9161861112545
YEAR_2025,CAR_PHEV_SD,1.01899860768026,,1.01899860768026,455.2478179672329
YEAR_2025,SUV_PHEV_GASOLINE_SD,0.8788862991241331,,0.8788862991241331,392.6512429966964
YEAR_2025,CAR_DIESEL_SD,0.5859241994171367,,0.6300230381867225,261.76749533159926
YEAR_2025,CAR_HEV_SD,1.197323364048603,,1.197323364026717,534.9161861223538
YEAR_2025,SUV_EV_SD,1.52849791152039,,1.52849791152039,682.8717269508493
YEAR_2025,COMMUTER_RAIL_DIESEL_MD,0.01753506118257064,,0.01753506118257064,52.533640498087024
YEAR_2025,COACH_DIESEL_MD,0.05023928370305961,,0.05023928369942428,130.70854919175798
YEAR_2025,COACH_GASOLINE_MD,0.01349188933041751,,0.01349188933041751,35.102118310154985
YEAR_2025,SUV_PHEV_GASOLINE_MD,0.8613011287343397,,0.8613011287343397,384.7948922733536
YEAR_2025,SUV_HY_GASOLINE_MD,1.173366755088864,,1.173366755088864,524.2133315035009
YEAR_2025,CAR_DIESEL_MD,0.5742007524917182,,0.6170486603590177,256.52992818319956
YEAR_2025,SUV_DIESEL_MD,0.4119266267875369,,0.4191273919419823,184.0323397836
YEAR_2025,SUV_EV_MD,1.49791500649917,,1.49791500649917,669.2085083035877
YEAR_2025,CAR_HEV_MD,1.173366755103377,,1.173366755142834,524.2133315099842
YEAR_2025,SUV_GASOLINE_MD,53.92494023400485,,53.92494023400485,24091.506298944005
YEAR_2025,CAR_EV_MD,1.822463257905838,,1.822463257905838,814.2036851020122
YEAR_2025,CAR_PHEV_MD,0.9986100043315673,,0.9986100043315673,446.1390055351711
YEAR_2025,CAR_GASOLINE_MD,62.3881600207306,,63.96349698136808,27872.534370861613
YEAR_2025,TRAIN_DIESEL_LD,0.02309081159182824,,0.02309081159182824,55.62576512471422
YEAR_2025,COACH_DIESEL_LD,0.09101243389783897,,0.09101243389783897,236.78886952485175
YEAR_2025,COACH_GASOLINE_LD,0.02444162407325019,,0.02444162407227262,63.59026218243532
YEAR_2025,PLANE_SH_LD,18.07831908295339,,18.07831908295339,55269.760233167995
YEAR_2025,SUV_GASOLINE_LD,6.886563935535864,,6.886563935535864,3076.641303840002
YEAR_2025,CAR_GASOLINE_LD,7.967371886529648,,8.16647238725401,3559.503064026005
YEAR_2025,CAR_HEV_LD,0.1498465300849206,,0.149846530082943,66.94543578073912
YEAR_2025,SUV_DIESEL_LD,0.05260569672978783,,0.05351165015310234,23.502121071000012
YEAR_2025,CAR_DIESEL_LD,0.07332915301728,,0.07878104050317844,32.76053240200023
YEAR_2025,CAR_EV_LD,0.2327403552287546,,0.2327403552287546,103.97908110199842
YEAR_2025,SUV_EV_LD,0.1912934426527499,,0.1912934426527499,85.46225843954267
YEAR_2025,SUV_HY_GASOLINE_LD,0.1498465300787866,,0.1498465300787866,66.94543577799877
YEAR_2025,CAR_PHEV_LD,0.1275289617660746,,0.1275289617660746,56.974838958611485
YEAR_2025,SUV_PHEV_GASOLINE_LD,0.1099937295239215,,0.1099937295239215,49.14079860210717
YEAR_2025,LCV_DIESEL_SD,3.733536490395636,,3.733536490395636,3041.637507995516
YEAR_2025,LCV_GASOLINE_SD,6.67066503657915,,6.670665036579521,5434.457391999998
YEAR_2025,LCV_PROPANE_SD,0.03143715569314622,,0.03143715569422056,25.611221999999994
YEAR_2025,TRUCK_SH_DIESEL_SD,2.019463001429377,,2.029173950512065,1645.216118004485
YEAR_2025,TRUCK_SH_GASOLINE_SD,2.514972455442843,,2.514972455443058,2048.89776
YEAR_2025,LCV_DIESEL_MD,0.06268943879841304,,0.06268943879877042,51.071832
YEAR_2025,LCV_GASOLINE_MD,4.186261413070784,,4.186261413071406,3410.463447999999
YEAR_2025,LCV_PROPANE_MD,0.02437922619901656,,0.02437922619901656,19.86126799981481
YEAR_2025,SEMI_SH_DIESEL_MD,27.26294038395444,,27.26294038395444,22210.572272
YEAR_2025,TRUCK_SH_DIESEL_MD,1.466236318554525,,1.505764275545516,1194.5134040001856
YEAR_2025,TRUCK_SH_GASOLINE_MD,1.824959218343596,,1.824959218343793,1486.757776
YEAR_2025,TRAIN_FREIGHT_DIESEL_LD,2.708794663740264,,2.708794663740264,8115.332108992731
YEAR_2025,SEMI_LH_DIESEL_LD,16.44895963377696,,16.44895963377696,13400.638434419296
YEAR_2025,TRUCK_LH_DIESEL_LD,0.1797058077613341,,0.1858952256100527,146.40272746700367
YEAR_2025,TRUCK_LH_GASOLINE_LD,0.1662698594797614,,0.166269859479673,135.45672912097197
YEAR_2025,TRAIN_FREIGHT_DIESEL_ELD,8.12489757102776,,8.12489757102776,24341.543130993487
YEAR_2025,SEMI_LH_DIESEL_ELD,25.00934095718574,,25.00934095718574,20374.609891026194
YEAR_2025,PLANE_FREIGHT_ELD,0.1320801592428325,,0.1320801592428325,694.2133169803277
YEAR_2025,BULK_CARRIER_ELD,7.66414850285803,,8.493776398679946,36925.86748677002
YEAR_2025,CONTAINER_ELD,1.795984674228636,,1.990396223750816,11012.978022369995
YEAR_2025,OIL_TANKER_ELD,4.005750131245247,,4.439364126503046,16843.378151859986
YEAR_2025,DHN,0.5394937567701689,,0.540854018495089,
YEAR_2025,EHV_GRID,35.5217144163113,,35.94812708231295,234084.9039779633
YEAR_2025,HV_GRID,30.68054053956114,,30.68058333791167,191615.01615264424
YEAR_2025,MV_GRID,23.89525282676702,,23.89529561891181,129996.04888181898
YEAR_2025,LV_GRID,21.7944833343204,,21.79452606398851,111714.45019817229
YEAR_2025,EHP_NG_GRID,10.10459662913048,,10.10459662913048,64120.517000710024
YEAR_2025,HP_NG_GRID,10.10459662913048,,10.10459662913048,64120.517000710024
YEAR_2025,MP_NG_GRID,9.759322680543352,,9.76079176320627,61194.98118880942
YEAR_2025,LP_NG_GRID,5.672037111884633,,5.672037111884633,18953.183981619957
YEAR_2025,LT_DEC_WH,0.05989649479703925,,0.05989649479703925,185.28952611249457
YEAR_2025,NG_EXP_EH,10.10459662913048,,10.10459662913048,64120.517000710024
YEAR_2025,NG_EXP_HM,9.759322680543352,,9.76079176320627,61194.98118880942
YEAR_2025,NG_EXP_ML,5.672037111884633,,5.672037111884633,18953.183981619957
YEAR_2025,CAR_DIESEL,1.233454104926135,,1.325852739048919,551.0579559167991
YEAR_2025,CAR_EV,3.914876072146495,,3.914876072149127,1749.0100339921592
YEAR_2025,CAR_GASOLINE,134.0174699221918,,137.4383952516004,59873.644862438385
YEAR_2025,CAR_HEV,2.5205366492369,,2.520536649252495,1126.074953413077
YEAR_2025,CAR_PHEV,2.145137573777902,,2.145137573777902,958.3616624610156
YEAR_2025,SUV_DIESEL,0.8848692491861403,,0.9005792189766353,395.32418576640003
YEAR_2025,SUV_EV,3.21770636067231,,3.21770636067231,1437.5424936939796
YEAR_2025,SUV_GASOLINE,115.8374289843614,,115.8374289843614,51751.5297730533
YEAR_2025,SUV_HY_GASOLINE,2.52053664919141,,2.52053664919141,1126.0749533927542
YEAR_2025,SUV_PHEV_GASOLINE,1.850181157382394,,1.850181157382394,826.5869338721573
YEAR_2025,BUS_CNG,0.02140783853181953,,0.0321117577957352,46.86167544998119
YEAR_2025,BUS_DIESEL,0.388247580033035,,0.3882475800323815,1010.1114939235479
YEAR_2025,BUS_GASOLINE,0.01511335431259615,,0.01511335431257071,39.32071618216765
YEAR_2025,BUS_HY_DIESEL,0.1663918200141579,,0.1663918200138778,432.9049259672347
YEAR_2025,SCHOOLBUS_CNG,0.6384874616444721,,0.6384874616433986,1661.165598709658
YEAR_2025,SCHOOLBUS_DIESEL,0.6873470728468386,,0.8110225828285351,1788.2846263670765
YEAR_2025,SCHOOLBUS_GASOLINE,0.1567234138991135,,0.1567234138988511,407.75044040960154
YEAR_2025,COACH_DIESEL,0.1412517176008986,,0.1412517175972633,367.49741871660973
YEAR_2025,COACH_GASOLINE,0.0379335134036677,,0.03793351340269013,98.6923804925903
YEAR_2025,COMMUTER_RAIL_DIESEL,0.01753506118257064,,0.01753506118257064,52.533640498087024
YEAR_2025,COMMUTER_RAIL_ELEC,0.6606028455335036,,0.6606028455335036,1979.113276990734
YEAR_2025,TRAIN_DIESEL,0.02309081159182824,,0.02309081159182824,55.62576512471422
YEAR_2025,PLANE_SH,18.07831908295339,,18.07831908295339,55269.760233167995
YEAR_2025,LCV_DIESEL,3.796225929194049,,3.796225929194406,3092.7093399955165
YEAR_2025,LCV_GASOLINE,10.85692644964993,,10.85692644965093,8844.920839999995
YEAR_2025,LCV_PROPANE,0.05581638189216278,,0.05581638189227672,45.4724899998148
YEAR_2025,TRUCK_SH_DIESEL,3.485699319983901,,3.534938226057581,2839.7295220046703
YEAR_2025,TRUCK_SH_GASOLINE,4.339931673786438,,4.33993167378685,3535.655536
YEAR_2025,SEMI_SH_DIESEL,27.26294038395444,,27.26294038395444,22210.572272
YEAR_2025,SEMI_LH_DIESEL,41.45830059096269,,41.45830059096269,33775.24832544549
YEAR_2025,TRAIN_FREIGHT_DIESEL,10.83369223476802,,10.83369223476802,32456.875239986217
YEAR_2025,TRUCK_LH_DIESEL,0.1797058077613341,,0.1858952256100527,146.40272746700367
YEAR_2025,TRUCK_LH_GASOLINE,0.1662698594797614,,0.166269859479673,135.45672912097197
YEAR_2025,PLANE_FREIGHT,0.1320801592428325,,0.1320801592428325,694.2133169803277
YEAR_2025,BULK_CARRIER,7.66414850285803,,8.493776398679946,36925.86748677002
YEAR_2025,CONTAINER,1.795984674228636,,1.990396223750816,11012.978022369995
YEAR_2025,OIL_TANKER,4.005750131245247,,4.439364126503046,16843.378151859986
YEAR_2030,PV_ROOF,0.00944,,10000.0,10.8760128
YEAR_2030,PV_GROUND,,,10000.0,
YEAR_2030,TRAFO_ML,21.7935393343204,,10000.0,83568.56800389024
YEAR_2030,AN_DIG_SI,,,10000.0,
YEAR_2030,HYDRO_GAS_CHP,,,10000.0,
YEAR_2030,TIDAL,,,10000.0,
YEAR_2030,TRAFO_HM,22.32240482676702,,10000.0,103582.68801346132
YEAR_2030,TRAFO_LM,,,10000.0,
YEAR_2030,WIND_OFFSHORE,,,2179.0,
YEAR_2030,WIND_ONSHORE,2.4136,,3984.322,7005.6767424
YEAR_2030,NEW_WIND_ONSHORE,,,3984.322,
YEAR_2030,CCGT,,,10000.0,
YEAR_2030,COAL_IGCC,,,10000.0,
YEAR_2030,COAL_US,,,10000.0,
YEAR_2030,H2_CCGT,,,10000.0,
YEAR_2030,H2_NG_CCGT,,,10000.0,
YEAR_2030,OCGT_LARGE,,,10000.0,
YEAR_2030,OCGT_SMALL,,,10000.0,
YEAR_2030,TRAFO_EH,29.50766777580089,,10000.0,185072.1727146469
YEAR_2030,TRAFO_MH,,,10000.0,
YEAR_2030,CCGT_BIOGAS,,,10000.0,
YEAR_2030,H2_SNG_CCGT,,,10000.0,
YEAR_2030,OCGT_BIOGAS_SMALL,,,10000.0,
YEAR_2030,OCGT_BIOGAS_LARGE,,,10000.0,
YEAR_2030,NUCLEAR,,,12.0,
YEAR_2030,TRAFO_HE,,,10000.0,
YEAR_2030,HYDRO_RIVER,15.13,15.13,15.13,73573.19568
YEAR_2030,NEW_HYDRO_DAM,,,15.11,
YEAR_2030,NEW_HYDRO_RIVER,,,25.33,
YEAR_2030,HYDRO_DAM,26.357,26.357,26.357,127918.533528
YEAR_2030,IND_BOILER_COAL,,,10000.0,
YEAR_2030,IND_BOILER_GAS,7.710328403317249,,10000.0,64165.352972406145
YEAR_2030,IND_BOILER_OIL,,,10000.0,
YEAR_2030,IND_BOILER_WASTE,0.3069013161092055,,10000.0,2419.609976204976
YEAR_2030,IND_BOILER_WOOD,4.562900081199819,,10000.0,35973.90424017938
YEAR_2030,IND_BOILER_BIOGAS,,,10000.0,
YEAR_2030,IND_BOILER_BIOOIL,,,10000.0,
YEAR_2030,IND_COGEN_GAS,,,10000.0,
YEAR_2030,IND_COGEN_WASTE,,,10000.0,
YEAR_2030,IND_COGEN_WOOD,,,10000.0,
YEAR_2030,IND_DIRECT_ELEC,0.4458002949666052,,10000.0,2621.305734403639
YEAR_2030,IND_COGEN_BIOGAS,,,10000.0,
YEAR_2030,DHN_BOILER_GAS,0.3808191224260015,,10000.0,1522.0576700797242
YEAR_2030,DHN_BOILER_OIL,,,10000.0,
YEAR_2030,DHN_BOILER_WOOD,0.1175307858820396,,10000.0,198.49105500464313
YEAR_2030,DHN_BOILER_BIOGAS,,,10000.0,
YEAR_2030,DHN_BOILER_BIOOIL,,,10000.0,
YEAR_2030,DHN_COGEN_GAS,,,10000.0,
YEAR_2030,DHN_COGEN_WASTE,,,10000.0,
YEAR_2030,DHN_COGEN_WOOD,,,10000.0,
YEAR_2030,DHN_COGEN_BIOGAS,,,10000.0,
YEAR_2030,DHN_DEEP_GEO,,,10000.0,
YEAR_2030,DHN_HP_ELEC,0.04114384846212781,,10000.0,329.80908927241654
YEAR_2030,AFC,,,10000.0,
YEAR_2030,DEC_ADVCOGEN_H2,,,10000.0,
YEAR_2030,DEC_BOILER_GAS,15.58255532939854,,10000.0,59228.336015850706
YEAR_2030,DEC_BOILER_OIL,,,10000.0,
YEAR_2030,DEC_BOILER_WOOD,1.557027246722137,,10000.0,5924.009980717217
YEAR_2030,DEC_BOILER_BIOGAS,,,10000.0,
YEAR_2030,DEC_BOILER_BIOOIL,,,10000.0,
YEAR_2030,DEC_COGEN_GAS,,,10000.0,
YEAR_2030,DEC_COGEN_OIL,,,10000.0,
YEAR_2030,DEC_COGEN_WOOD,,,10000.0,
YEAR_2030,DEC_COGEN_BIOGAS,,,10000.0,
YEAR_2030,DEC_COGEN_BIOOIL,,,10000.0,
YEAR_2030,DEC_DIRECT_ELEC,6.011293152037111,,10000.0,22852.54491105982
YEAR_2030,DEC_HP_ELEC,2.365764332775873,,10000.0,8997.632953706541
YEAR_2030,DEC_RENOVATION,,,10000.0,
YEAR_2030,DEC_SOLAR,0.0213585717418935,,10000.0,24.60763767527034
YEAR_2030,PAFC,,,10000.0,
YEAR_2030,PEMFC,,,10000.0,
YEAR_2030,SOFC,,,10000.0,
YEAR_2030,COMMUTER_RAIL_DIESEL_SD,,,10000.0,
YEAR_2030,COMMUTER_RAIL_ELEC_SD,0.658785022840179,,10000.0,1973.6672256273507
YEAR_2030,TRAMWAY_SD,,,10000.0,
YEAR_2030,BUS_BIODIESEL_B100_SD,,,10000.0,
YEAR_2030,BUS_BIODIESEL_B20_SD,,,10000.0,
YEAR_2030,BUS_CNG_SD,0.1666949393023778,,10000.0,433.6935574817825
YEAR_2030,BUS_CSNG_SD,,,10000.0,
YEAR_2030,BUS_DIESEL_SD,0.2853628460454075,,10000.0,742.4342238132574
YEAR_2030,BUS_GASOLINE_SD,0.01089868610190591,,10000.0,28.355329605050645
YEAR_2030,BUS_EV_SD,,,10000.0,
YEAR_2030,BUS_FC_H2_SD,,,10000.0,
YEAR_2030,BUS_HY_DIESEL_SD,0.1222983625908891,,10000.0,318.1860959199679
YEAR_2030,BUS_PROPANE_SD,,,10000.0,
YEAR_2030,SCHOOLBUS_BIODIESEL_B100_SD,,,10000.0,
YEAR_2030,SCHOOLBUS_BIODIESEL_B20_SD,,,10000.0,
YEAR_2030,SCHOOLBUS_CNG_SD,0.4466197088149546,,10000.0,1161.9794288180435
YEAR_2030,SCHOOLBUS_CSNG_SD,,,10000.0,
YEAR_2030,SCHOOLBUS_DIESEL_SD,0.4170062119039936,,10000.0,1084.9334016348575
YEAR_2030,SCHOOLBUS_ETOH_E10_SD,,,10000.0,
YEAR_2030,SCHOOLBUS_BIOETOH_E10_SD,,,10000.0,
YEAR_2030,SCHOOLBUS_EV_SD,,,10000.0,
YEAR_2030,SCHOOLBUS_GASOLINE_SD,0.6157447162191326,,10000.0,1601.9953430816413
YEAR_2030,SCHOOLBUS_HY_DIESEL_SD,,,10000.0,
YEAR_2030,SCHOOLBUS_PROPANE_SD,,,10000.0,
YEAR_2030,CAR_GASOLINE_SD,41.89246272060541,,10000.0,18715.876645057677
YEAR_2030,CAR_EV_SD,24.28909220465155,,10000.0,10851.394833350125
YEAR_2030,SUV_GASOLINE_SD,39.02967949935017,,10000.0,17436.899613129677
YEAR_2030,CAR_MEOH_SD,,,10000.0,
YEAR_2030,CAR_ETOH_E10_SD,,,10000.0,
YEAR_2030,SUV_CNG_SD,,,10000.0,
YEAR_2030,CAR_BIODIESEL_B100_SD,,,10000.0,
YEAR_2030,SUV_BIODIESEL_B100_SD,,,10000.0,
YEAR_2030,SUV_DIESEL_SD,0.2776902000416323,,10000.0,124.06087377059967
YEAR_2030,SUV_HY_GASOLINE_SD,0.975428457492587,,10000.0,435.78241766938817
YEAR_2030,CAR_PROPANE_SD,,,10000.0,
YEAR_2030,CAR_PHEV_SD,0.7218179292902925,,10000.0,322.47937808973114
YEAR_2030,SUV_BIODIESEL_B20_SD,,,10000.0,
YEAR_2030,CAR_CNG_SD,,,10000.0,
YEAR_2030,SUV_PHEV_GASOLINE_SD,0.7679388458585428,,10000.0,343.08435877576244
YEAR_2030,CAR_DIESEL_SD,0.3759165200215626,,10000.0,167.9444644848333
YEAR_2030,CAR_HEV_SD,0.8565561861614533,,10000.0,382.6750417294909
YEAR_2030,SUV_PROPANE_SD,,,10000.0,
YEAR_2030,CAR_BIODIESEL_B20_SD,,,10000.0,
YEAR_2030,CAR_FC_H2_SD,,,10000.0,
YEAR_2030,CAR_ETOH_E85_SD,,,10000.0,
YEAR_2030,SUV_ETOH_E10_SD,,,10000.0,
YEAR_2030,SUV_EV_SD,17.83773801954372,,10000.0,7969.187837611351
YEAR_2030,SUV_ETOH_E85_SD,,,10000.0,
YEAR_2030,SUV_FC_H2_SD,,,10000.0,
YEAR_2030,CAR_CSNG_SD,,,10000.0,
YEAR_2030,CAR_BIOETOH_E10_SD,,,10000.0,
YEAR_2030,CAR_BIOETOH_E85_SD,,,10000.0,
YEAR_2030,CAR_BIOMEOH_SD,,,10000.0,
YEAR_2030,SUV_CSNG_SD,,,10000.0,
YEAR_2030,SUV_BIOETOH_E10_SD,,,10000.0,
YEAR_2030,SUV_BIOETOH_E85_SD,,,10000.0,
YEAR_2030,COMMUTER_RAIL_DIESEL_MD,0.01673446374888954,,10000.0,50.13511463457314
YEAR_2030,COMMUTER_RAIL_ELEC_MD,0.0007523450972904938,,10000.0,2.2539657238745363
YEAR_2030,COACH_BIODIESEL_B100_MD,,,10000.0,
YEAR_2030,COACH_BIODIESEL_B20_MD,,,10000.0,
YEAR_2030,COACH_CNG_MD,0.02498120809045107,,10000.0,64.99410871308837
YEAR_2030,COACH_CSNG_MD,,,10000.0,
YEAR_2030,COACH_DIESEL_MD,0.03561003590553256,,10000.0,92.64734261614217
YEAR_2030,COACH_ETOH_E10_MD,,,10000.0,
YEAR_2030,COACH_BIOETOH_E10_MD,,,10000.0,
YEAR_2030,COACH_EV_MD,,,10000.0,
YEAR_2030,COACH_GASOLINE_MD,0.00296455592794217,,10000.0,7.712944448845716
YEAR_2030,COACH_HY_DIESEL_MD,,,10000.0,
YEAR_2030,COACH_PROPANE_MD,,,10000.0,
YEAR_2030,SUV_PHEV_GASOLINE_MD,0.7526384715642015,,10000.0,336.2487635560227
YEAR_2030,SUV_ETOH_E10_MD,,,10000.0,
YEAR_2030,SUV_ETOH_E85_MD,,,10000.0,
YEAR_2030,SUV_HY_GASOLINE_MD,0.9560414407485828,,10000.0,427.12107406883683
YEAR_2030,CAR_BIODIESEL_B100_MD,,,10000.0,
YEAR_2030,CAR_DIESEL_MD,0.368517865705379,,10000.0,164.63904168253515
YEAR_2030,SUV_DIESEL_MD,0.2722174961402095,,10000.0,121.61588857559113
YEAR_2030,SUV_EV_MD,17.47119575643216,,10000.0,7805.431416143633
YEAR_2030,CAR_MEOH_MD,,,10000.0,
YEAR_2030,CAR_HEV_MD,0.8396171652234546,,10000.0,375.10736473523053
YEAR_2030,CAR_ETOH_E10_MD,,,10000.0,
YEAR_2030,SUV_CNG_MD,,,10000.0,
YEAR_2030,SUV_GASOLINE_MD,38.25811355558125,,10000.0,17092.194812091482
YEAR_2030,SUV_BIODIESEL_B20_MD,,,10000.0,
YEAR_2030,CAR_EV_MD,23.78987281371511,,10000.0,10628.363578255365
YEAR_2030,SUV_PROPANE_MD,,,10000.0,
YEAR_2030,CAR_ETOH_E85_MD,,,10000.0,
YEAR_2030,SUV_BIODIESEL_B100_MD,,,10000.0,
YEAR_2030,CAR_PHEV_MD,0.7075493154829741,,10000.0,316.1047321851736
YEAR_2030,CAR_PROPANE_MD,,,10000.0,
YEAR_2030,SUV_FC_H2_MD,,,10000.0,
YEAR_2030,CAR_GASOLINE_MD,41.06699436027458,,10000.0,18347.090400396275
YEAR_2030,CAR_FC_H2_MD,,,10000.0,
YEAR_2030,CAR_BIODIESEL_B20_MD,,,10000.0,
YEAR_2030,CAR_CNG_MD,,,10000.0,
YEAR_2030,CAR_CSNG_MD,,,10000.0,
YEAR_2030,CAR_BIOETOH_E10_MD,,,10000.0,
YEAR_2030,CAR_BIOETOH_E85_MD,,,10000.0,
YEAR_2030,CAR_BIOMEOH_MD,,,10000.0,
YEAR_2030,SUV_CSNG_MD,,,10000.0,
YEAR_2030,SUV_BIOETOH_E10_MD,,,10000.0,
YEAR_2030,SUV_BIOETOH_E85_MD,,,10000.0,
YEAR_2030,TRAIN_DIESEL_LD,0.02200582856721666,,10000.0,0.08782775045285261
YEAR_2030,TRAIN_BIODIESEL_LD,,,10000.0,
YEAR_2030,TRAIN_ELEC_LD,0.02299081296720264,,10000.0,55.384868437991145
YEAR_2030,TRAIN_H2_LD,,,10000.0,
YEAR_2030,TRAIN_NG_LD,,,10000.0,
YEAR_2030,TRAIN_SNG_LD,,,10000.0,
YEAR_2030,COACH_BIODIESEL_B100_LD,,,10000.0,
YEAR_2030,COACH_BIODIESEL_B20_LD,,,10000.0,
YEAR_2030,COACH_CNG_LD,0.04459202134588346,,10000.0,116.0159537760119
YEAR_2030,COACH_CSNG_LD,,,10000.0,
YEAR_2030,COACH_DIESEL_LD,0.06534241165141377,,10000.0,170.00265924171623
YEAR_2030,COACH_ETOH_E10_LD,,,10000.0,
YEAR_2030,COACH_BIOETOH_E10_LD,,,10000.0,
YEAR_2030,COACH_EV_LD,,,10000.0,
YEAR_2030,COACH_GASOLINE_LD,0.005201922727988015,,10000.0,13.533946399860973
YEAR_2030,COACH_HY_DIESEL_LD,,,10000.0,
YEAR_2030,COACH_PROPANE_LD,,,10000.0,
YEAR_2030,PLANE_SH_LD,16.2592450994604,,10000.0,49708.41448787433
YEAR_2030,PLANE_SH_BIO_LD,1.769326727690225,,10000.0,5409.256444963636
YEAR_2030,SUV_GASOLINE_LD,4.886318271942585,,10000.0,2183.011551173069
YEAR_2030,CAR_CNG_LD,,,10000.0,
YEAR_2030,CAR_GASOLINE_LD,5.245214424111644,,10000.0,2343.3519961161182
YEAR_2030,CAR_ETOH_E85_LD,,,10000.0,
YEAR_2030,CAR_FC_H2_LD,,,10000.0,
YEAR_2030,CAR_HEV_LD,0.1072354012596132,,10000.0,47.9084878667448
YEAR_2030,SUV_DIESEL_LD,0.03476848001208699,,10000.0,15.533166130208878
YEAR_2030,CAR_ETOH_E10_LD,,,10000.0,
YEAR_2030,SUV_PROPANE_LD,,,10000.0,
YEAR_2030,CAR_BIODIESEL_B100_LD,,,10000.0,
YEAR_2030,CAR_MEOH_LD,,,10000.0,
YEAR_2030,SUV_FC_H2_LD,,,10000.0,
YEAR_2030,CAR_BIODIESEL_B20_LD,,,10000.0,
YEAR_2030,CAR_DIESEL_LD,0.0470688061828872,,10000.0,21.02845985026669
YEAR_2030,CAR_EV_LD,3.037400336981751,,10000.0,1356.988974549967
YEAR_2030,CAR_PROPANE_LD,,,10000.0,
YEAR_2030,SUV_EV_LD,2.230660129479182,,10000.0,996.5697194461194
YEAR_2030,SUV_HY_GASOLINE_LD,0.1220997485179187,,10000.0,54.54928364786537
YEAR_2030,SUV_ETOH_E10_LD,,,10000.0,
YEAR_2030,CAR_PHEV_LD,0.09036809360419795,,10000.0,40.37284949861148
YEAR_2030,SUV_PHEV_GASOLINE_LD,0.09612033874348756,,10000.0,42.94272253704051
YEAR_2030,SUV_BIODIESEL_B100_LD,,,10000.0,
YEAR_2030,SUV_ETOH_E85_LD,,,10000.0,
YEAR_2030,SUV_BIODIESEL_B20_LD,,,10000.0,
YEAR_2030,SUV_CNG_LD,,,10000.0,
YEAR_2030,CAR_CSNG_LD,,,10000.0,
YEAR_2030,CAR_BIOETOH_E10_LD,,,10000.0,
YEAR_2030,CAR_BIOETOH_E85_LD,,,10000.0,
YEAR_2030,CAR_BIOMEOH_LD,,,10000.0,
YEAR_2030,SUV_CSNG_LD,,,10000.0,
YEAR_2030,SUV_BIOETOH_E10_LD,,,10000.0,
YEAR_2030,SUV_BIOETOH_E85_LD,,,10000.0,
YEAR_2030,TRAIN_DIESEL_ELD,,,10000.0,
YEAR_2030,TRAIN_BIODIESEL_ELD,,,10000.0,
YEAR_2030,TRAIN_ELEC_ELD,,,10000.0,
YEAR_2030,TRAIN_H2_ELD,,,10000.0,
YEAR_2030,TRAIN_NG_ELD,,,10000.0,
YEAR_2030,TRAIN_SNG_ELD,,,10000.0,
YEAR_2030,COACH_BIODIESEL_B100_ELD,,,10000.0,
YEAR_2030,COACH_BIODIESEL_B20_ELD,,,10000.0,
YEAR_2030,COACH_CNG_ELD,,,10000.0,
YEAR_2030,COACH_CSNG_ELD,,,10000.0,
YEAR_2030,COACH_DIESEL_ELD,,,10000.0,
YEAR_2030,COACH_ETOH_E10_ELD,,,10000.0,
YEAR_2030,COACH_BIOETOH_E10_ELD,,,10000.0,
YEAR_2030,COACH_EV_ELD,,,10000.0,
YEAR_2030,COACH_GASOLINE_ELD,,,10000.0,
YEAR_2030,COACH_HY_DIESEL_ELD,,,10000.0,
YEAR_2030,COACH_PROPANE_ELD,,,10000.0,
YEAR_2030,PLANE_LH_ELD,,,10000.0,
YEAR_2030,PLANE_LH_BIO_ELD,,,10000.0,
YEAR_2030,CAR_CNG_ELD,,,10000.0,
YEAR_2030,SUV_BIODIESEL_B100_ELD,,,10000.0,
YEAR_2030,CAR_HEV_ELD,,,10000.0,
YEAR_2030,SUV_BIODIESEL_B20_ELD,,,10000.0,
YEAR_2030,CAR_GASOLINE_ELD,,,10000.0,
YEAR_2030,CAR_ETOH_E85_ELD,,,10000.0,
YEAR_2030,SUV_PROPANE_ELD,,,10000.0,
YEAR_2030,CAR_PROPANE_ELD,,,10000.0,
YEAR_2030,CAR_BIODIESEL_B100_ELD,,,10000.0,
YEAR_2030,CAR_ETOH_E10_ELD,,,10000.0,
YEAR_2030,SUV_PHEV_GASOLINE_ELD,,,10000.0,
YEAR_2030,CAR_FC_H2_ELD,,,10000.0,
YEAR_2030,CAR_MEOH_ELD,,,10000.0,
YEAR_2030,SUV_EV_ELD,,,10000.0,
YEAR_2030,CAR_DIESEL_ELD,,,10000.0,
YEAR_2030,CAR_BIODIESEL_B20_ELD,,,10000.0,
YEAR_2030,SUV_ETOH_E10_ELD,,,10000.0,
YEAR_2030,CAR_PHEV_ELD,,,10000.0,
YEAR_2030,CAR_EV_ELD,,,10000.0,
YEAR_2030,SUV_HY_GASOLINE_ELD,,,10000.0,
YEAR_2030,SUV_GASOLINE_ELD,,,10000.0,
YEAR_2030,SUV_FC_H2_ELD,,,10000.0,
YEAR_2030,SUV_CNG_ELD,,,10000.0,
YEAR_2030,SUV_DIESEL_ELD,,,10000.0,
YEAR_2030,SUV_ETOH_E85_ELD,,,10000.0,
YEAR_2030,CAR_CSNG_ELD,,,10000.0,
YEAR_2030,CAR_BIOETOH_E10_ELD,,,10000.0,
YEAR_2030,CAR_BIOETOH_E85_ELD,,,10000.0,
YEAR_2030,CAR_BIOMEOH_ELD,,,10000.0,
YEAR_2030,SUV_CSNG_ELD,,,10000.0,
YEAR_2030,SUV_BIOETOH_E10_ELD,,,10000.0,
YEAR_2030,SUV_BIOETOH_E85_ELD,,,10000.0,
YEAR_2030,LCV_BIODIESEL_B100_SD,,,10000.0,
YEAR_2030,LCV_BIODIESEL_B20_SD,,,10000.0,
YEAR_2030,LCV_CNG_SD,,,10000.0,
YEAR_2030,LCV_CSNG_SD,,,10000.0,
YEAR_2030,LCV_DIESEL_SD,1.193871420678988,,10000.0,972.6231689987583
YEAR_2030,LCV_GASOLINE_SD,1.845814858596166,,10000.0,1503.7484490011243
YEAR_2030,LCV_ETOH_E10_SD,,,10000.0,
YEAR_2030,LCV_ETOH_E85_SD,,,10000.0,
YEAR_2030,LCV_EV_SD,,,10000.0,
YEAR_2030,LCV_FC_H2_SD,8.579670583222324,,10000.0,6989.686030739563
YEAR_2030,LCV_PHEV_DIESEL_SD,,,10000.0,
YEAR_2030,LCV_PROPANE_SD,0.009960246978153012,,10000.0,8.114414008161695
YEAR_2030,TRUCK_SH_BIODIESEL_B100_SD,,,10000.0,
YEAR_2030,TRUCK_SH_BIODIESEL_B20_SD,,,10000.0,
YEAR_2030,TRUCK_SH_CNG_SD,,,10000.0,
YEAR_2030,TRUCK_SH_CSNG_SD,,,10000.0,
YEAR_2030,TRUCK_SH_DIESEL_SD,1.343071684591794,,10000.0,1094.1736400032432
YEAR_2030,TRUCK_SH_GASOLINE_SD,1.713625313006449,,10000.0,1396.0562700000942
YEAR_2030,TRUCK_SH_EV_SD,,,10000.0,
YEAR_2030,TRUCK_SH_HY_DIESEL_SD,,,10000.0,
YEAR_2030,TRUCK_SH_PROPANE_SD,,,10000.0,
YEAR_2030,LCV_BIODIESEL_B100_MD,,,10000.0,
YEAR_2030,LCV_BIODIESEL_B20_MD,,,10000.0,
YEAR_2030,LCV_CNG_MD,,,10000.0,
YEAR_2030,LCV_CSNG_MD,,,10000.0,
YEAR_2030,LCV_DIESEL_MD,0.01964040359356053,,10000.0,16.000643999601902
YEAR_2030,LCV_GASOLINE_MD,1.148963610251789,,10000.0,
YEAR_2030,LCV_ETOH_E10_MD,,,10000.0,
YEAR_2030,LCV_ETOH_E85_MD,,,10000.0,
YEAR_2030,LCV_EV_MD,,,10000.0,
YEAR_2030,LCV_FC_H2_MD,,,10000.0,
YEAR_2030,LCV_PHEV_DIESEL_MD,,,10000.0,
YEAR_2030,LCV_PROPANE_MD,0.006546801185322693,,10000.0,
YEAR_2030,SEMI_SH_BIODIESEL_B100_MD,,,10000.0,
YEAR_2030,SEMI_SH_BIODIESEL_B20_MD,,,10000.0,
YEAR_2030,SEMI_SH_CNG_MD,,,10000.0,
YEAR_2030,SEMI_SH_CSNG_MD,,,10000.0,
YEAR_2030,SEMI_SH_DIESEL_MD,18.6244362031718,,10000.0,15172.955686000005
YEAR_2030,SEMI_SH_EV_MD,,,10000.0,
YEAR_2030,SEMI_SH_FC_H2_MD,,,10000.0,
YEAR_2030,SEMI_SH_HY_DIESEL_MD,14.78191937889724,,10000.0,12042.534079600002
YEAR_2030,SEMI_SH_PROPANE_MD,,,10000.0,
YEAR_2030,TRUCK_SH_BIODIESEL_B100_MD,,,10000.0,
YEAR_2030,TRUCK_SH_BIODIESEL_B20_MD,,,10000.0,
YEAR_2030,TRUCK_SH_CNG_MD,,,10000.0,
YEAR_2030,TRUCK_SH_CSNG_MD,,,10000.0,
YEAR_2030,TRUCK_SH_DIESEL_MD,0.5019214251815389,,10000.0,408.9053466668957
YEAR_2030,TRUCK_SH_GASOLINE_MD,0.5957589090194234,,10000.0,
YEAR_2030,TRUCK_SH_EV_MD,,,10000.0,
YEAR_2030,TRUCK_SH_HY_DIESEL_MD,,,10000.0,
YEAR_2030,TRUCK_SH_PROPANE_MD,,,10000.0,
YEAR_2030,TRAIN_FREIGHT_DIESEL_LD,2.376910551347692,,10000.0,7121.033858993577
YEAR_2030,TRAIN_FREIGHT_BIODIESEL_LD,,,10000.0,
YEAR_2030,TRAIN_FREIGHT_ELEC_LD,0.2619194352280678,,10000.0,784.6896743884729
YEAR_2030,TRAIN_FREIGHT_H2_LD,,,10000.0,
YEAR_2030,TRAIN_FREIGHT_NG_LD,,,10000.0,
YEAR_2030,TRAIN_FREIGHT_SNG_LD,,,10000.0,
YEAR_2030,SEMI_LH_BIODIESEL_B100_LD,,,10000.0,
YEAR_2030,SEMI_LH_BIODIESEL_B20_LD,,,10000.0,
YEAR_2030,SEMI_LH_CNG_LD,5.076118448193563,,10000.0,4135.412177374331
YEAR_2030,SEMI_LH_CSNG_LD,,,10000.0,
YEAR_2030,SEMI_LH_DIESEL_LD,11.22306023106669,,10000.0,9143.202709045408
YEAR_2030,SEMI_LH_EV_LD,,,10000.0,
YEAR_2030,SEMI_LH_FC_H2_LD,,,10000.0,
YEAR_2030,SEMI_LH_HY_DIESEL_LD,,,10000.0,
YEAR_2030,SEMI_LH_PROPANE_LD,,,10000.0,
YEAR_2030,TRUCK_LH_BIODIESEL_B100_LD,,,10000.0,
YEAR_2030,TRUCK_LH_BIODIESEL_B20_LD,,,10000.0,
YEAR_2030,TRUCK_LH_CNG_LD,,,10000.0,
YEAR_2030,TRUCK_LH_CSNG_LD,,,10000.0,
YEAR_2030,TRUCK_LH_DIESEL_LD,0.06196507520335099,,10000.0,50.48170746666598
YEAR_2030,TRUCK_LH_GASOLINE_LD,0.05395234997343459,,10000.0,
YEAR_2030,TRUCK_LH_EV_LD,,,10000.0,
YEAR_2030,TRUCK_LH_HY_DIESEL_LD,,,10000.0,
YEAR_2030,TRUCK_LH_PROPANE_LD,,,10000.0,
YEAR_2030,TRAIN_FREIGHT_DIESEL_ELD,7.129444643045872,,10000.0,21359.245794993974
YEAR_2030,TRAIN_FREIGHT_BIODIESEL_ELD,,,10000.0,
YEAR_2030,TRAIN_FREIGHT_ELEC_ELD,0.785597288802446,,10000.0,2353.586629469023
YEAR_2030,TRAIN_FREIGHT_H2_ELD,,,10000.0,
YEAR_2030,TRAIN_FREIGHT_NG_ELD,,,10000.0,
YEAR_2030,TRAIN_FREIGHT_SNG_ELD,,,10000.0,
YEAR_2030,SEMI_LH_BIODIESEL_B100_ELD,,,10000.0,
YEAR_2030,SEMI_LH_BIODIESEL_B20_ELD,,,10000.0,
YEAR_2030,SEMI_LH_CNG_ELD,7.304471310051674,,10000.0,5950.806686872898
YEAR_2030,SEMI_LH_CSNG_ELD,,,10000.0,
YEAR_2030,SEMI_LH_DIESEL_ELD,17.05891058288744,,10000.0,13897.553273666741
YEAR_2030,SEMI_LH_EV_ELD,,,10000.0,
YEAR_2030,SEMI_LH_FC_H2_ELD,,,10000.0,
YEAR_2030,SEMI_LH_HY_DIESEL_ELD,,,10000.0,
YEAR_2030,SEMI_LH_PROPANE_ELD,,,10000.0,
YEAR_2030,PLANE_FREIGHT_ELD,0.1127267023181049,,10000.0,592.4915473839592
YEAR_2030,PLANE_FREIGHT_BIO_ELD,0.0159419965377905,,10000.0,83.79113380262686
YEAR_2030,BULK_CARRIER_ELD,5.965393223122041,,10000.0,28741.264549002004
YEAR_2030,CONTAINER_ELD,1.326930815833877,,10000.0,
YEAR_2030,OIL_TANKER_ELD,3.265856110161406,,10000.0,13732.271772006683
YEAR_2030,BULK_CARRIER_BIO_ELD,,,10000.0,
YEAR_2030,CONTAINER_BIO_ELD,,,10000.0,
YEAR_2030,OIL_TANKER_BIO_ELD,,,10000.0,
YEAR_2030,BULK_CARRIER_MEOH_ELD,1.50080019552856,,10000.0,7230.8553420566
YEAR_2030,CONTAINER_MEOH_ELD,1.749596703367999,,10000.0,10728.526985052573
YEAR_2030,OIL_TANKER_MEOH_ELD,0.6364306547034699,,10000.0,2676.0636168971505
YEAR_2030,BULK_CARRIER_BIOMEOH_ELD,,,10000.0,
YEAR_2030,CONTAINER_BIOMEOH_ELD,,,10000.0,
YEAR_2030,OIL_TANKER_BIOMEOH_ELD,,,10000.0,
YEAR_2030,ETHANE_OXIDATION,,,10000.0,
YEAR_2030,METHANOL_CARBONYLATION,,,10000.0,
YEAR_2030,BIOMETHANOL_CARBONYLATION,,,10000.0,
YEAR_2030,CUMENE_PROCESS,,,10000.0,
YEAR_2030,CO2_METHANOL,,,10000.0,
YEAR_2030,METHANE_TO_METHANOL,,,10000.0,
YEAR_2030,METHANOL_FT,0.2619265814779,,10000.0,1950.3053256844428
YEAR_2030,BIOMETHANE_TO_BIOMETHANOL,,,10000.0,
YEAR_2030,BIOMETHANOL_FT,,,10000.0,
YEAR_2030,WOOD_METHANOL,,,10000.0,
YEAR_2030,ETHYLENE_POLYMERIZATION,,,10000.0,
YEAR_2030,STYRENE_POLYMERIZATION,,,10000.0,
YEAR_2030,DHN_TH_STORAGE,,,10000.0,
YEAR_2030,DEC_TH_STORAGE,,,10000.0,
YEAR_2030,DHN,0.5394937567701689,,10000.0,
YEAR_2030,BATTERY,,,10000.0,
YEAR_2030,EHV_GRID,35.5217144163113,,10000.0,235380.72920799998
YEAR_2030,HV_GRID,30.68054053956114,,10000.0,185072.1727146469
YEAR_2030,MV_GRID,23.89525282676702,,10000.0,110588.36475586129
YEAR_2030,LV_GRID,21.7944833343204,,10000.0,83579.44401669022
YEAR_2030,EHP_H2_GRID,0.6765995072599321,,10000.0,1006.780066802779
YEAR_2030,HP_H2_GRID,5.353670881556109,,10000.0,46795.15302120744
YEAR_2030,MP_H2_GRID,4.79506699428343,,10000.0,42004.78686992284
YEAR_2030,LP_H2_GRID,,,10000.0,
YEAR_2030,EHP_NG_GRID,29.27657767194914,,10000.0,184213.1666510532
YEAR_2030,HP_NG_GRID,29.27657767194914,,10000.0,184213.1666510532
YEAR_2030,MP_NG_GRID,24.24561491971375,,10000.0,148194.68373390933
YEAR_2030,LP_NG_GRID,17.21504850457655,,10000.0,65433.34233728556
YEAR_2030,ALKALINE_ELECTROLYSIS,,,10000.0,
YEAR_2030,AN_DIG,,,10000.0,
YEAR_2030,ATR,,,10000.0,
YEAR_2030,BIOGAS_BIOMETHANE,,,10000.0,
YEAR_2030,BIOMASS_GAS_EF_H2,,,10000.0,
YEAR_2030,BIOMASS_GAS_FB_H2,,,10000.0,
YEAR_2030,CO2_TO_DIESEL,2.944985449739369,,10000.0,25798.072539716868
YEAR_2030,CO2_STO,921.5107161725398,,10000.0,1215.583948597391
YEAR_2030,CO2_TO_JETFUELS,0.2232599769615799,,10000.0,1955.7573981834385
YEAR_2030,COAL_GAS_H2,,,10000.0,
YEAR_2030,COAL_GAS_H2_ADV,,,10000.0,
YEAR_2030,CROPS_TO_ETHANOL,,,10000.0,
YEAR_2030,CROPS_TO_JETFUELS,,,10000.0,
YEAR_2030,DIE_STO,,,10000.0,
YEAR_2030,ELEC_STO,,,10000.0,
YEAR_2030,ETHANE_CRACKING,,,10000.0,
YEAR_2030,ETHANE_TO_ETHYLENE,,,10000.0,
YEAR_2030,ETHANOL_TO_JETFUELS,,,10000.0,
YEAR_2030,FT,,,10000.0,
YEAR_2030,GASIFICATION_H2,,,10000.0,
YEAR_2030,GASIFICATION_SNG,,,10000.0,
YEAR_2030,GASO_STO,,,10000.0,
YEAR_2030,BIOETHANOL_TO_BIOJETFUELS,,,10000.0,
YEAR_2030,H2_COMP_HE,0.06922305189788085,,10000.0,503.3900334013895
YEAR_2030,H2_COMP_LM,,,10000.0,
YEAR_2030,H2_COMP_MH,,,10000.0,
YEAR_2030,H2_EXP_EH,0.6765995072599321,,10000.0,503.3900334013895
YEAR_2030,H2_EXP_EH_COGEN,,,10000.0,
YEAR_2030,H2_EXP_HM,4.795066994283429,,10000.0,42004.78686992284
YEAR_2030,H2_EXP_HM_COGEN,,,10000.0,
YEAR_2030,H2_EXP_ML,,,10000.0,
YEAR_2030,H2_EXP_ML_COGEN,,,10000.0,
YEAR_2030,H2_STO,503.3900334013895,,10000.0,503.3900334013895
YEAR_2030,HYDRO_GAS,,,10000.0,
YEAR_2030,LT_DEC_WH,0.1,,0.1,12.613119491605213
YEAR_2030,LT_DHN_WH,0.1,,0.1,
YEAR_2030,METATHESIS_PROPYLENE,,,10000.0,
YEAR_2030,METHANATION,,,10000.0,
YEAR_2030,METHANOL_TO_AROMATICS,,,10000.0,
YEAR_2030,METHANOL_TO_OLEFINS,,,10000.0,
YEAR_2030,BIOMETHANOL_TO_AROMATICS,,,10000.0,
YEAR_2030,BIOMETHANOL_TO_OLEFINS,,,10000.0,
YEAR_2030,NG_COMP_HE,,,10000.0,
YEAR_2030,NG_COMP_LM,,,10000.0,
YEAR_2030,NG_COMP_MH,,,10000.0,
YEAR_2030,NG_EXP_EH,29.27657767194914,,10000.0,184213.1666510532
YEAR_2030,NG_EXP_EH_COGEN,,,10000.0,
YEAR_2030,NG_EXP_HM,24.24561491971375,,10000.0,134315.68045649535
YEAR_2030,NG_EXP_HM_COGEN,,,10000.0,
YEAR_2030,NG_EXP_ML,17.21504850457655,,10000.0,65433.34233728556
YEAR_2030,SNG_COMP_HE,,,10000.0,
YEAR_2030,SNG_COMP_LM,,,10000.0,
YEAR_2030,SNG_COMP_MH,,,10000.0,
YEAR_2030,SNG_EXP_EH,,,10000.0,
YEAR_2030,SNG_EXP_EH_COGEN,,,10000.0,
YEAR_2030,SNG_EXP_HM,,,10000.0,
YEAR_2030,SNG_EXP_HM_COGEN,,,10000.0,
YEAR_2030,SNG_EXP_ML,,,10000.0,
YEAR_2030,NG_EXP_ML_COGEN,,,10000.0,
YEAR_2030,NG_PYROLYSIS_PLASMA,,,10000.0,
YEAR_2030,NG_PYROLYSIS_THERMAL,,,10000.0,
YEAR_2030,NG_REFORMING,,,10000.0,
YEAR_2030,NG_STO,,,10000.0,
YEAR_2030,PEM_ELECTROLYSIS,,,10000.0,
YEAR_2030,PYROLYSIS,,,10000.0,
YEAR_2030,SNG_EXP_ML_COGEN,,,10000.0,
YEAR_2030,SNG_PYROLYSIS_PLASMA,,,10000.0,
YEAR_2030,SNG_PYROLYSIS_THERMAL,,,10000.0,
YEAR_2030,SNG_REFORMING,,,10000.0,
YEAR_2030,SNG_STO,,,10000.0,
YEAR_2030,SMART_PROCESS,,,10000.0,
YEAR_2030,SMR,6.216997446656736,,10000.0,46291.762987806054
YEAR_2030,SOEC_ELECTROLYSIS,,,10000.0,
YEAR_2030,STO_CO2,921.5107161725398,,10000.0,1215.5839485973947
YEAR_2030,STO_DIE,,,10000.0,
YEAR_2030,STO_ELEC,,,10000.0,
YEAR_2030,STO_GASO,,,10000.0,
YEAR_2030,STO_H2,503.3900334013895,,10000.0,503.3900334013895
YEAR_2030,STO_NG,,,10000.0,
YEAR_2030,STO_SNG,,,10000.0,
YEAR_2030,DAC_HT,,,10000.0,
YEAR_2030,DAC_LT,,,10000.0,
YEAR_2030,CARBON_CAPTURE,,,10000.0,
YEAR_2030,CARBON_CAPTURE_AMINES,,,10000.0,
YEAR_2030,CARBON_CAPTURE_MEMBRANES,1.384525576388207,,10000.0,10309.177441786589
YEAR_2030,CARBON_CAPTURE_MOF,,,10000.0,
YEAR_2030,CARBON_MINERALIZATION,,,10000.0,
YEAR_2030,CARBON_TRANSPORT_INJECTION,,,10000.0,
YEAR_2030,CAR_BIODIESEL_B100,,,10000.0,
YEAR_2030,CAR_BIODIESEL_B20,,,10000.0,
YEAR_2030,CAR_CNG,,,10000.0,
YEAR_2030,CAR_CSNG,,,10000.0,
YEAR_2030,CAR_DIESEL,0.7915031919098288,,10000.0,353.61196601763515
YEAR_2030,CAR_ETOH_E10,,,10000.0,
YEAR_2030,CAR_ETOH_E85,,,10000.0,
YEAR_2030,CAR_BIOETOH_E10,,,10000.0,
YEAR_2030,CAR_BIOETOH_E85,,,10000.0,
YEAR_2030,CAR_EV,51.11636535534842,,10000.0,22836.747386155457
YEAR_2030,CAR_FC_H2,,,10000.0,
YEAR_2030,CAR_GASOLINE,88.20467150499164,,10000.0,39406.31904157007
YEAR_2030,CAR_HEV,1.803408752644521,,10000.0,805.6908943314661
YEAR_2030,CAR_MEOH,,,10000.0,
YEAR_2030,CAR_BIOMEOH,,,10000.0,
YEAR_2030,CAR_PHEV,1.519735338377465,,10000.0,678.956959773516
YEAR_2030,CAR_PROPANE,,,10000.0,
YEAR_2030,SUV_BIODIESEL_B100,,,10000.0,
YEAR_2030,SUV_BIODIESEL_B20,,,10000.0,
YEAR_2030,SUV_CNG,,,10000.0,
YEAR_2030,SUV_CSNG,,,10000.0,
YEAR_2030,SUV_DIESEL,0.5846761761939288,,10000.0,261.2099284763997
YEAR_2030,SUV_ETOH_E10,,,10000.0,
YEAR_2030,SUV_ETOH_E85,,,10000.0,
YEAR_2030,SUV_BIOETOH_E10,,,10000.0,
YEAR_2030,SUV_BIOETOH_E85,,,10000.0,
YEAR_2030,SUV_EV,37.53959390545506,,10000.0,16771.188973201104
YEAR_2030,SUV_FC_H2,,,10000.0,
YEAR_2030,SUV_GASOLINE,82.174111326874,,10000.0,36712.105976394225
YEAR_2030,SUV_HY_GASOLINE,2.053569646759088,,10000.0,917.4527753860903
YEAR_2030,SUV_PHEV_GASOLINE,1.616697656166232,,10000.0,722.2758448688257
YEAR_2030,SUV_PROPANE,,,10000.0,
YEAR_2030,BUS_BIODIESEL_B100,,,10000.0,
YEAR_2030,BUS_BIODIESEL_B20,,,10000.0,
YEAR_2030,BUS_CNG,0.1666949393023778,,10000.0,433.6935574817825
YEAR_2030,BUS_CSNG,,,10000.0,
YEAR_2030,BUS_DIESEL,0.2853628460454075,,10000.0,742.4342238132574
YEAR_2030,BUS_GASOLINE,0.01089868610190591,,10000.0,28.355329605050645
YEAR_2030,BUS_EV,,,10000.0,
YEAR_2030,BUS_FC_H2,,,10000.0,
YEAR_2030,BUS_HY_DIESEL,0.1222983625908891,,10000.0,318.1860959199679
YEAR_2030,BUS_PROPANE,,,10000.0,
YEAR_2030,SCHOOLBUS_BIODIESEL_B100,,,10000.0,
YEAR_2030,SCHOOLBUS_BIODIESEL_B20,,,10000.0,
YEAR_2030,SCHOOLBUS_CNG,0.4466197088149546,,10000.0,1161.9794288180435
YEAR_2030,SCHOOLBUS_CSNG,,,10000.0,
YEAR_2030,SCHOOLBUS_DIESEL,0.4170062119039936,,10000.0,1084.9334016348575
YEAR_2030,SCHOOLBUS_ETOH_E10,,,10000.0,
YEAR_2030,SCHOOLBUS_BIOETOH_E10,,,10000.0,
YEAR_2030,SCHOOLBUS_EV,,,10000.0,
YEAR_2030,SCHOOLBUS_GASOLINE,0.6157447162191326,,10000.0,1601.9953430816413
YEAR_2030,SCHOOLBUS_HY_DIESEL,,,10000.0,
YEAR_2030,SCHOOLBUS_PROPANE,,,10000.0,
YEAR_2030,COACH_BIODIESEL_B100,,,10000.0,
YEAR_2030,COACH_BIODIESEL_B20,,,10000.0,
YEAR_2030,COACH_CNG,0.06957322943633454,,10000.0,181.01006248910028
YEAR_2030,COACH_CSNG,,,10000.0,
YEAR_2030,COACH_DIESEL,0.1009524475569464,,10000.0,262.6500018578584
YEAR_2030,COACH_ETOH_E10,,,10000.0,
YEAR_2030,COACH_BIOETOH_E10,,,10000.0,
YEAR_2030,COACH_EV,,,10000.0,
YEAR_2030,COACH_GASOLINE,0.008166478655930185,,10000.0,21.24689084870669
YEAR_2030,COACH_HY_DIESEL,,,10000.0,
YEAR_2030,COACH_PROPANE,,,10000.0,
YEAR_2030,COMMUTER_RAIL_DIESEL,0.01673446374888954,,10000.0,50.13511463457314
YEAR_2030,COMMUTER_RAIL_ELEC,0.6595373679374695,,10000.0,1975.9211913512254
YEAR_2030,TRAIN_DIESEL,0.02200582856721666,,10000.0,0.08782775045285261
YEAR_2030,TRAIN_BIODIESEL,,,10000.0,
YEAR_2030,TRAIN_ELEC,0.02299081296720264,,10000.0,55.384868437991145
YEAR_2030,TRAIN_H2,,,10000.0,
YEAR_2030,TRAIN_NG,,,10000.0,
YEAR_2030,TRAIN_SNG,,,10000.0,
YEAR_2030,PLANE_SH,16.2592450994604,,10000.0,49708.41448787433
YEAR_2030,PLANE_LH,,,10000.0,
YEAR_2030,PLANE_SH_BIO,1.769326727690225,,10000.0,5409.256444963636
YEAR_2030,PLANE_LH_BIO,,,10000.0,
YEAR_2030,LCV_BIODIESEL_B100,,,10000.0,
YEAR_2030,LCV_BIODIESEL_B20,,,10000.0,
YEAR_2030,LCV_CNG,,,10000.0,
YEAR_2030,LCV_CSNG,,,10000.0,
YEAR_2030,LCV_DIESEL,1.213511824272549,,10000.0,988.6238129983599
YEAR_2030,LCV_GASOLINE,2.994778468847329,,10000.0,1503.7484490011243
YEAR_2030,LCV_ETOH_E10,,,10000.0,
YEAR_2030,LCV_ETOH_E85,,,10000.0,
YEAR_2030,LCV_EV,,,10000.0,
YEAR_2030,LCV_FC_H2,8.579670583222324,,10000.0,6989.686030739563
YEAR_2030,LCV_PHEV_DIESEL,,,10000.0,
YEAR_2030,LCV_PROPANE,0.01650704816347571,,10000.0,8.114414008161695
YEAR_2030,TRUCK_SH_BIODIESEL_B100,,,10000.0,
YEAR_2030,TRUCK_SH_BIODIESEL_B20,,,10000.0,
YEAR_2030,TRUCK_SH_CNG,,,10000.0,
YEAR_2030,TRUCK_SH_CSNG,,,10000.0,
YEAR_2030,TRUCK_SH_DIESEL,1.844993109773333,,10000.0,1503.0789866701386
YEAR_2030,TRUCK_SH_GASOLINE,2.309384222025872,,10000.0,1396.0562700000942
YEAR_2030,TRUCK_SH_EV,,,10000.0,
YEAR_2030,TRUCK_SH_HY_DIESEL,,,10000.0,
YEAR_2030,TRUCK_SH_PROPANE,,,10000.0,
YEAR_2030,SEMI_SH_BIODIESEL_B100,,,10000.0,
YEAR_2030,SEMI_SH_BIODIESEL_B20,,,10000.0,
YEAR_2030,SEMI_SH_CNG,,,10000.0,
YEAR_2030,SEMI_SH_CSNG,,,10000.0,
YEAR_2030,SEMI_SH_DIESEL,18.6244362031718,,10000.0,15172.955686000005
YEAR_2030,SEMI_SH_EV,,,10000.0,
YEAR_2030,SEMI_SH_FC_H2,,,10000.0,
YEAR_2030,SEMI_SH_HY_DIESEL,14.78191937889724,,10000.0,12042.534079600002
YEAR_2030,SEMI_SH_PROPANE,,,10000.0,
YEAR_2030,SEMI_LH_BIODIESEL_B100,,,10000.0,
YEAR_2030,SEMI_LH_BIODIESEL_B20,,,10000.0,
YEAR_2030,SEMI_LH_CNG,12.38058975824524,,10000.0,10086.218864247228
YEAR_2030,SEMI_LH_CSNG,,,10000.0,
YEAR_2030,SEMI_LH_DIESEL,28.28197081395414,,10000.0,23040.75598271215
YEAR_2030,SEMI_LH_EV,,,10000.0,
YEAR_2030,SEMI_LH_FC_H2,,,10000.0,
YEAR_2030,SEMI_LH_HY_DIESEL,,,10000.0,
YEAR_2030,SEMI_LH_PROPANE,,,10000.0,
YEAR_2030,TRAIN_FREIGHT_DIESEL,9.50635519439356,,10000.0,28480.27965398755
YEAR_2030,TRAIN_FREIGHT_BIODIESEL,,,10000.0,
YEAR_2030,TRAIN_FREIGHT_ELEC,1.047516724030514,,10000.0,3138.2763038574967
YEAR_2030,TRAIN_FREIGHT_H2,,,10000.0,
YEAR_2030,TRAIN_FREIGHT_NG,,,10000.0,
YEAR_2030,TRAIN_FREIGHT_SNG,,,10000.0,
YEAR_2030,TRUCK_LH_BIODIESEL_B100,,,10000.0,
YEAR_2030,TRUCK_LH_BIODIESEL_B20,,,10000.0,
YEAR_2030,TRUCK_LH_CNG,,,10000.0,
YEAR_2030,TRUCK_LH_CSNG,,,10000.0,
YEAR_2030,TRUCK_LH_DIESEL,0.06196507520335099,,10000.0,50.48170746666598
YEAR_2030,TRUCK_LH_GASOLINE,0.05395234997343459,,10000.0,
YEAR_2030,TRUCK_LH_EV,,,10000.0,
YEAR_2030,TRUCK_LH_HY_DIESEL,,,10000.0,
YEAR_2030,TRUCK_LH_PROPANE,,,10000.0,
YEAR_2030,PLANE_FREIGHT,0.1127267023181049,,10000.0,592.4915473839592
YEAR_2030,PLANE_FREIGHT_BIO,0.0159419965377905,,10000.0,83.79113380262686
YEAR_2030,BULK_CARRIER,5.965393223122041,,10000.0,28741.264549002004
YEAR_2030,CONTAINER,1.326930815833877,,10000.0,
YEAR_2030,OIL_TANKER,3.265856110161406,,10000.0,13732.271772006683
YEAR_2030,BULK_CARRIER_BIO,,,10000.0,
YEAR_2030,CONTAINER_BIO,,,10000.0,
YEAR_2030,OIL_TANKER_BIO,,,10000.0,
YEAR_2030,BULK_CARRIER_MEOH,1.50080019552856,,10000.0,7230.8553420566
YEAR_2030,CONTAINER_MEOH,1.749596703367999,,10000.0,10728.526985052573
YEAR_2030,OIL_TANKER_MEOH,0.6364306547034699,,10000.0,2676.0636168971505
YEAR_2030,BULK_CARRIER_BIOMEOH,,,10000.0,
YEAR_2030,CONTAINER_BIOMEOH,,,10000.0,
YEAR_2030,OIL_TANKER_BIOMEOH,,,10000.0,
YEAR_2035,PV_ROOF,0.3,,10000.0,345.63599999999997
YEAR_2035,PV_GROUND,,,10000.0,
YEAR_2035,TRAFO_ML,21.7935393343204,,10000.0,99497.8708330539
YEAR_2035,AN_DIG_SI,,,10000.0,
YEAR_2035,HYDRO_GAS_CHP,,,10000.0,
YEAR_2035,TIDAL,,,10000.0,
YEAR_2035,TRAFO_HM,22.32240482676702,,10000.0,105611.9680465325
YEAR_2035,TRAFO_LM,,,10000.0,
YEAR_2035,WIND_OFFSHORE,,,2179.0,
YEAR_2035,WIND_ONSHORE,10.0,,3984.322,29025.84
YEAR_2035,NEW_WIND_ONSHORE,,,3984.322,
YEAR_2035,CCGT,,,10000.0,
YEAR_2035,COAL_IGCC,,,10000.0,
YEAR_2035,COAL_US,,,10000.0,
YEAR_2035,H2_CCGT,,,10000.0,
YEAR_2035,H2_NG_CCGT,,,10000.0,
YEAR_2035,OCGT_LARGE,,,10000.0,
YEAR_2035,OCGT_SMALL,,,10000.0,
YEAR_2035,TRAFO_EH,29.50766777580089,,10000.0,202289.29613017713
YEAR_2035,TRAFO_MH,,,10000.0,
YEAR_2035,CCGT_BIOGAS,,,10000.0,
YEAR_2035,H2_SNG_CCGT,,,10000.0,
YEAR_2035,OCGT_BIOGAS_SMALL,,,10000.0,
YEAR_2035,OCGT_BIOGAS_LARGE,,,10000.0,
YEAR_2035,NUCLEAR,,,12.0,
YEAR_2035,TRAFO_HE,,,10000.0,
YEAR_2035,HYDRO_RIVER,15.13,15.13,15.13,73573.19568
YEAR_2035,NEW_HYDRO_DAM,4.0,,15.11,18800.832
YEAR_2035,NEW_HYDRO_RIVER,,,25.33,
YEAR_2035,HYDRO_DAM,26.357,26.357,26.357,127400.76956489868
YEAR_2035,IND_BOILER_COAL,,,10000.0,
YEAR_2035,IND_BOILER_GAS,5.87717200479125,,10000.0,41719.68524673851
YEAR_2035,IND_BOILER_OIL,,,10000.0,
YEAR_2035,IND_BOILER_WASTE,0.4039439718836955,,10000.0,3184.6942743310556
YEAR_2035,IND_BOILER_WOOD,5.632217971467838,,10000.0,44404.40648705244
YEAR_2035,IND_BOILER_BIOGAS,,,10000.0,
YEAR_2035,IND_BOILER_BIOOIL,,,10000.0,
YEAR_2035,IND_COGEN_GAS,,,10000.0,
YEAR_2035,IND_COGEN_WASTE,,,10000.0,
YEAR_2035,IND_COGEN_WOOD,,,10000.0,
YEAR_2035,IND_DIRECT_ELEC,2.015593934179837,,10000.0,14775.600808722325
YEAR_2035,IND_COGEN_BIOGAS,,,10000.0,
YEAR_2035,DHN_BOILER_GAS,0.1769081126793045,,10000.0,294.451365299186
YEAR_2035,DHN_BOILER_OIL,,,10000.0,
YEAR_2035,DHN_BOILER_WOOD,0.1175307858820396,,10000.0,425.9315680365115
YEAR_2035,DHN_BOILER_BIOGAS,,,10000.0,
YEAR_2035,DHN_BOILER_BIOOIL,,,10000.0,
YEAR_2035,DHN_COGEN_GAS,,,10000.0,
YEAR_2035,DHN_COGEN_WASTE,,,10000.0,
YEAR_2035,DHN_COGEN_WOOD,,,10000.0,
YEAR_2035,DHN_COGEN_BIOGAS,,,10000.0,
YEAR_2035,DHN_DEEP_GEO,,,10000.0,
YEAR_2035,DHN_HP_ELEC,0.2450548582088248,,10000.0,1329.4054166581432
YEAR_2035,AFC,0.0002460269839983376,,10000.0,0.18304407609476317
YEAR_2035,DEC_ADVCOGEN_H2,,,10000.0,
YEAR_2035,DEC_BOILER_GAS,14.07963081644554,,10000.0,53501.57495183578
YEAR_2035,DEC_BOILER_OIL,,,10000.0,
YEAR_2035,DEC_BOILER_WOOD,0.8939286350289397,,10000.0,3402.9438207431226
YEAR_2035,DEC_BOILER_BIOGAS,,,10000.0,
YEAR_2035,DEC_BOILER_BIOOIL,,,10000.0,
YEAR_2035,DEC_COGEN_GAS,,,10000.0,
YEAR_2035,DEC_COGEN_OIL,,,10000.0,
YEAR_2035,DEC_COGEN_WOOD,,,10000.0,
YEAR_2035,DEC_COGEN_BIOGAS,,,10000.0,
YEAR_2035,DEC_COGEN_BIOOIL,,,10000.0,
YEAR_2035,DEC_DIRECT_ELEC,9.766857792651571,,10000.0,37115.33917171228
YEAR_2035,DEC_HP_ELEC,1.792101940452516,,10000.0,6815.523029731117
YEAR_2035,DEC_RENOVATION,,,10000.0,
YEAR_2035,DEC_SOLAR,0.0213585717418935,,10000.0,24.60763767527034
YEAR_2035,PAFC,,,10000.0,
YEAR_2035,PEMFC,,,10000.0,
YEAR_2035,SOFC,,,10000.0,
YEAR_2035,COMMUTER_RAIL_DIESEL_SD,,,10000.0,
YEAR_2035,COMMUTER_RAIL_ELEC_SD,0.6577419942774592,,10000.0,1970.542395495726
YEAR_2035,TRAMWAY_SD,,,10000.0,
YEAR_2035,BUS_BIODIESEL_B100_SD,,,10000.0,
YEAR_2035,BUS_BIODIESEL_B20_SD,,,10000.0,
YEAR_2035,BUS_CNG_SD,0.3169611878335328,,10000.0,824.6442616102589
YEAR_2035,BUS_CSNG_SD,,,10000.0,
YEAR_2035,BUS_DIESEL_SD,0.1824781120577799,,10000.0,474.75695370296694
YEAR_2035,BUS_GASOLINE_SD,0.006684017891215674,,10000.0,17.389943027933636
YEAR_2035,BUS_EV_SD,,,10000.0,
YEAR_2035,BUS_FC_H2_SD,,,10000.0,
YEAR_2035,BUS_HY_DIESEL_SD,0.07820490516762024,,10000.0,203.46726587270095
YEAR_2035,BUS_PROPANE_SD,,,10000.0,
YEAR_2035,SCHOOLBUS_BIODIESEL_B100_SD,,,10000.0,
YEAR_2035,SCHOOLBUS_BIODIESEL_B20_SD,,,10000.0,
YEAR_2035,SCHOOLBUS_CNG_SD,0.254751955985437,,10000.0,662.7932589264313
YEAR_2035,SCHOOLBUS_CSNG_SD,,,10000.0,
YEAR_2035,SCHOOLBUS_DIESEL_SD,0.1466653509611485,,10000.0,381.58217690263905
YEAR_2035,SCHOOLBUS_ETOH_E10_SD,,,10000.0,
YEAR_2035,SCHOOLBUS_BIOETOH_E10_SD,,,10000.0,
YEAR_2035,SCHOOLBUS_EV_SD,,,10000.0,
YEAR_2035,SCHOOLBUS_GASOLINE_SD,1.075611100317658,,10000.0,2798.4389119184566
YEAR_2035,SCHOOLBUS_HY_DIESEL_SD,,,10000.0,
YEAR_2035,SCHOOLBUS_PROPANE_SD,,,10000.0,
YEAR_2035,CAR_GASOLINE_SD,20.12298742627929,,10000.0,8990.145862564541
YEAR_2035,CAR_EV_SD,46.79864621507091,,10000.0,20907.763183045077
YEAR_2035,SUV_GASOLINE_SD,23.03343418387965,,10000.0,10290.41705599007
YEAR_2035,CAR_MEOH_SD,,,10000.0,
YEAR_2035,CAR_ETOH_E10_SD,,,10000.0,
YEAR_2035,SUV_CNG_SD,,,10000.0,
YEAR_2035,CAR_BIODIESEL_B100_SD,,,10000.0,
YEAR_2035,SUV_BIODIESEL_B100_SD,,,10000.0,
YEAR_2035,SUV_DIESEL_SD,0.135043474414449,,10000.0,60.33202262939922
YEAR_2035,SUV_HY_GASOLINE_SD,0.7535335509614143,,10000.0,336.6486492275214
YEAR_2035,CAR_PROPANE_SD,,,10000.0,
YEAR_2035,CAR_PHEV_SD,0.424637250900325,,10000.0,189.71093821222914
YEAR_2035,SUV_BIODIESEL_B20_SD,,,10000.0,
YEAR_2035,CAR_CNG_SD,,,10000.0,
YEAR_2035,SUV_PHEV_GASOLINE_SD,0.6569913925929524,,10000.0,293.51747455482746
YEAR_2035,CAR_DIESEL_SD,0.1659088406259884,,10000.0,74.1214336380666
YEAR_2035,CAR_HEV_SD,0.5157890082524186,,10000.0,230.4338973268505
YEAR_2035,SUV_PROPANE_SD,,,10000.0,
YEAR_2035,CAR_BIODIESEL_B20_SD,,,10000.0,
YEAR_2035,CAR_FC_H2_SD,,,10000.0,
YEAR_2035,CAR_ETOH_E85_SD,,,10000.0,
YEAR_2035,SUV_ETOH_E10_SD,,,10000.0,
YEAR_2035,SUV_EV_SD,34.21623660096174,,10000.0,15286.445863845667
YEAR_2035,SUV_ETOH_E85_SD,,,10000.0,
YEAR_2035,SUV_FC_H2_SD,,,10000.0,
YEAR_2035,CAR_CSNG_SD,,,10000.0,
YEAR_2035,CAR_BIOETOH_E10_SD,,,10000.0,
YEAR_2035,CAR_BIOETOH_E85_SD,,,10000.0,
YEAR_2035,CAR_BIOMEOH_SD,,,10000.0,
YEAR_2035,SUV_CSNG_SD,,,10000.0,
YEAR_2035,SUV_BIOETOH_E10_SD,,,10000.0,
YEAR_2035,SUV_BIOETOH_E85_SD,,,10000.0,
YEAR_2035,COMMUTER_RAIL_DIESEL_MD,0.01593386631520843,,10000.0,47.73658877105925
YEAR_2035,COMMUTER_RAIL_ELEC_MD,0.001525256350404289,,10000.0,4.569546005303216
YEAR_2035,COACH_BIODIESEL_B100_MD,,,10000.0,
YEAR_2035,COACH_BIODIESEL_B20_MD,,,10000.0,
YEAR_2035,COACH_CNG_MD,0.04247438640345818,,10000.0,110.50646059360521
YEAR_2035,COACH_CSNG_MD,,,10000.0,
YEAR_2035,COACH_DIESEL_MD,0.02098078810800552,,10000.0,54.58613603636011
YEAR_2035,COACH_ETOH_E10_MD,,,10000.0,
YEAR_2035,COACH_BIOETOH_E10_MD,,,10000.0,
YEAR_2035,COACH_EV_MD,,,10000.0,
YEAR_2035,COACH_GASOLINE_MD,,,10000.0,
YEAR_2035,COACH_HY_DIESEL_MD,,,10000.0,
YEAR_2035,COACH_PROPANE_MD,,,10000.0,
YEAR_2035,SUV_PHEV_GASOLINE_MD,0.6439758143940632,,10000.0,287.7026348386916
YEAR_2035,SUV_ETOH_E10_MD,,,10000.0,
YEAR_2035,SUV_ETOH_E85_MD,,,10000.0,
YEAR_2035,SUV_HY_GASOLINE_MD,0.7387161264083014,,10000.0,330.0288166341728
YEAR_2035,CAR_BIODIESEL_B100_MD,,,10000.0,
YEAR_2035,CAR_DIESEL_MD,0.1628349789190396,,10000.0,72.74815518187015
YEAR_2035,SUV_DIESEL_MD,0.132508365492882,,10000.0,59.199437367591074
YEAR_2035,SUV_EV_MD,33.51234922365942,,10000.0,14971.977139162082
YEAR_2035,CAR_MEOH_MD,,,10000.0,
YEAR_2035,CAR_HEV_MD,0.5058675753435327,,10000.0,226.0013979604766
YEAR_2035,CAR_ETOH_E10_MD,,,10000.0,
YEAR_2035,SUV_CNG_MD,,,10000.0,
YEAR_2035,SUV_GASOLINE_MD,22.59128687715764,,10000.0,10092.883325238947
YEAR_2035,SUV_BIODIESEL_B20_MD,,,10000.0,
YEAR_2035,CAR_EV_MD,45.83581327022289,,10000.0,20477.607936604778
YEAR_2035,SUV_PROPANE_MD,,,10000.0,
YEAR_2035,CAR_ETOH_E85_MD,,,10000.0,
YEAR_2035,SUV_BIODIESEL_B100_MD,,,10000.0,
YEAR_2035,CAR_PHEV_MD,0.4164886266343806,,10000.0,186.07045883517588
YEAR_2035,CAR_PROPANE_MD,,,10000.0,
YEAR_2035,SUV_FC_H2_MD,,,10000.0,
YEAR_2035,CAR_GASOLINE_MD,19.74582869981855,,10000.0,8821.646429930934
YEAR_2035,CAR_FC_H2_MD,,,10000.0,
YEAR_2035,CAR_BIODIESEL_B20_MD,,,10000.0,
YEAR_2035,CAR_CNG_MD,,,10000.0,
YEAR_2035,CAR_CSNG_MD,,,10000.0,
YEAR_2035,CAR_BIOETOH_E10_MD,,,10000.0,
YEAR_2035,CAR_BIOETOH_E85_MD,,,10000.0,
YEAR_2035,CAR_BIOMEOH_MD,,,10000.0,
YEAR_2035,SUV_CSNG_MD,,,10000.0,
YEAR_2035,SUV_BIOETOH_E10_MD,,,10000.0,
YEAR_2035,SUV_BIOETOH_E85_MD,,,10000.0,
YEAR_2035,TRAIN_DIESEL_LD,0.02092084554260509,,10000.0,
YEAR_2035,TRAIN_BIODIESEL_LD,,,10000.0,
YEAR_2035,TRAIN_ELEC_LD,0.02299081296720264,,10000.0,55.384868437991145
YEAR_2035,TRAIN_H2_LD,,,10000.0,
YEAR_2035,TRAIN_NG_LD,,,10000.0,
YEAR_2035,TRAIN_SNG_LD,,,10000.0,
YEAR_2035,COACH_BIODIESEL_B100_LD,,,10000.0,
YEAR_2035,COACH_BIODIESEL_B20_LD,,,10000.0,
YEAR_2035,COACH_CNG_LD,0.0752816754310688,,10000.0,195.86184060252026
YEAR_2035,COACH_CSNG_LD,,,10000.0,
YEAR_2035,COACH_DIESEL_LD,0.03967238940498858,,10000.0,103.21644896274688
YEAR_2035,COACH_ETOH_E10_LD,,,10000.0,
YEAR_2035,COACH_BIOETOH_E10_LD,,,10000.0,
YEAR_2035,COACH_EV_LD,,,10000.0,
YEAR_2035,COACH_GASOLINE_LD,,,10000.0,
YEAR_2035,COACH_HY_DIESEL_LD,,,10000.0,
YEAR_2035,COACH_PROPANE_LD,,,10000.0,
YEAR_2035,PLANE_SH_LD,16.23070116675273,,10000.0,49621.14883504312
YEAR_2035,PLANE_SH_BIO_LD,1.769326727690225,,10000.0,5409.256444963646
YEAR_2035,SUV_GASOLINE_LD,2.886072608349302,,10000.0,1289.3817985061341
YEAR_2035,CAR_CNG_LD,,,10000.0,
YEAR_2035,CAR_GASOLINE_LD,2.523056961693641,,10000.0,1127.2009282062509
YEAR_2035,CAR_ETOH_E85_LD,,,10000.0,
YEAR_2035,CAR_FC_H2_LD,,,10000.0,
YEAR_2035,CAR_HEV_LD,0.06462427245619098,,10000.0,28.87153996252816
YEAR_2035,SUV_DIESEL_LD,0.01693126329438627,,10000.0,7.564211189408907
YEAR_2035,CAR_ETOH_E10_LD,,,10000.0,
YEAR_2035,SUV_PROPANE_LD,,,10000.0,
YEAR_2035,CAR_BIODIESEL_B100_LD,,,10000.0,
YEAR_2035,CAR_MEOH_LD,,,10000.0,
YEAR_2035,SUV_FC_H2_LD,,,10000.0,
YEAR_2035,CAR_BIODIESEL_B20_LD,,,10000.0,
YEAR_2035,CAR_DIESEL_LD,0.02080845934849438,,10000.0,9.29638729853335
YEAR_2035,CAR_EV_LD,5.852089223081438,,10000.0,2614.4793813038627
YEAR_2035,CAR_PROPANE_LD,,,10000.0,
YEAR_2035,SUV_EV_LD,4.2786946016566,,10000.0,1911.5496002361028
YEAR_2035,SUV_HY_GASOLINE_LD,0.09435296695705082,,10000.0,42.153131517732035
YEAR_2035,SUV_ETOH_E10_LD,,,10000.0,
YEAR_2035,CAR_PHEV_LD,0.05320722544232132,,10000.0,23.770860038611463
YEAR_2035,SUV_PHEV_GASOLINE_LD,0.08224694796305361,,10000.0,36.74464647197383
YEAR_2035,SUV_BIODIESEL_B100_LD,,,10000.0,
YEAR_2035,SUV_ETOH_E85_LD,,,10000.0,
YEAR_2035,SUV_BIODIESEL_B20_LD,,,10000.0,
YEAR_2035,SUV_CNG_LD,,,10000.0,
YEAR_2035,CAR_CSNG_LD,,,10000.0,
YEAR_2035,CAR_BIOETOH_E10_LD,,,10000.0,
YEAR_2035,CAR_BIOETOH_E85_LD,,,10000.0,
YEAR_2035,CAR_BIOMEOH_LD,,,10000.0,
YEAR_2035,SUV_CSNG_LD,,,10000.0,
YEAR_2035,SUV_BIOETOH_E10_LD,,,10000.0,
YEAR_2035,SUV_BIOETOH_E85_LD,,,10000.0,
YEAR_2035,TRAIN_DIESEL_ELD,,,10000.0,
YEAR_2035,TRAIN_BIODIESEL_ELD,,,10000.0,
YEAR_2035,TRAIN_ELEC_ELD,,,10000.0,
YEAR_2035,TRAIN_H2_ELD,,,10000.0,
YEAR_2035,TRAIN_NG_ELD,,,10000.0,
YEAR_2035,TRAIN_SNG_ELD,,,10000.0,
YEAR_2035,COACH_BIODIESEL_B100_ELD,,,10000.0,
YEAR_2035,COACH_BIODIESEL_B20_ELD,,,10000.0,
YEAR_2035,COACH_CNG_ELD,,,10000.0,
YEAR_2035,COACH_CSNG_ELD,,,10000.0,
YEAR_2035,COACH_DIESEL_ELD,,,10000.0,
YEAR_2035,COACH_ETOH_E10_ELD,,,10000.0,
YEAR_2035,COACH_BIOETOH_E10_ELD,,,10000.0,
YEAR_2035,COACH_EV_ELD,,,10000.0,
YEAR_2035,COACH_GASOLINE_ELD,,,10000.0,
YEAR_2035,COACH_HY_DIESEL_ELD,,,10000.0,
YEAR_2035,COACH_PROPANE_ELD,,,10000.0,
YEAR_2035,PLANE_LH_ELD,,,10000.0,
YEAR_2035,PLANE_LH_BIO_ELD,,,10000.0,
YEAR_2035,CAR_CNG_ELD,,,10000.0,
YEAR_2035,SUV_BIODIESEL_B100_ELD,,,10000.0,
YEAR_2035,CAR_HEV_ELD,,,10000.0,
YEAR_2035,SUV_BIODIESEL_B20_ELD,,,10000.0,
YEAR_2035,CAR_GASOLINE_ELD,,,10000.0,
YEAR_2035,CAR_ETOH_E85_ELD,,,10000.0,
YEAR_2035,SUV_PROPANE_ELD,,,10000.0,
YEAR_2035,CAR_PROPANE_ELD,,,10000.0,
YEAR_2035,CAR_BIODIESEL_B100_ELD,,,10000.0,
YEAR_2035,CAR_ETOH_E10_ELD,,,10000.0,
YEAR_2035,SUV_PHEV_GASOLINE_ELD,,,10000.0,
YEAR_2035,CAR_FC_H2_ELD,,,10000.0,
YEAR_2035,CAR_MEOH_ELD,,,10000.0,
YEAR_2035,SUV_EV_ELD,,,10000.0,
YEAR_2035,CAR_DIESEL_ELD,,,10000.0,
YEAR_2035,CAR_BIODIESEL_B20_ELD,,,10000.0,
YEAR_2035,SUV_ETOH_E10_ELD,,,10000.0,
YEAR_2035,CAR_PHEV_ELD,,,10000.0,
YEAR_2035,CAR_EV_ELD,,,10000.0,
YEAR_2035,SUV_HY_GASOLINE_ELD,,,10000.0,
YEAR_2035,SUV_GASOLINE_ELD,,,10000.0,
YEAR_2035,SUV_FC_H2_ELD,,,10000.0,
YEAR_2035,SUV_CNG_ELD,,,10000.0,
YEAR_2035,SUV_DIESEL_ELD,,,10000.0,
YEAR_2035,SUV_ETOH_E85_ELD,,,10000.0,
YEAR_2035,CAR_CSNG_ELD,,,10000.0,
YEAR_2035,CAR_BIOETOH_E10_ELD,,,10000.0,
YEAR_2035,CAR_BIOETOH_E85_ELD,,,10000.0,
YEAR_2035,CAR_BIOMEOH_ELD,,,10000.0,
YEAR_2035,SUV_CSNG_ELD,,,10000.0,
YEAR_2035,SUV_BIOETOH_E10_ELD,,,10000.0,
YEAR_2035,SUV_BIOETOH_E85_ELD,,,10000.0,
YEAR_2035,LCV_BIODIESEL_B100_SD,,,10000.0,
YEAR_2035,LCV_BIODIESEL_B20_SD,,,10000.0,
YEAR_2035,LCV_CNG_SD,,,10000.0,
YEAR_2035,LCV_CSNG_SD,,,10000.0,
YEAR_2035,LCV_DIESEL_SD,,,10000.0,
YEAR_2035,LCV_GASOLINE_SD,,,10000.0,
YEAR_2035,LCV_ETOH_E10_SD,,,10000.0,
YEAR_2035,LCV_ETOH_E85_SD,,,10000.0,
YEAR_2035,LCV_EV_SD,,,10000.0,
YEAR_2035,LCV_FC_H2_SD,13.06851377210853,,10000.0,10646.656799861383
YEAR_2035,LCV_PHEV_DIESEL_SD,,,10000.0,
YEAR_2035,LCV_PROPANE_SD,,,10000.0,
YEAR_2035,TRUCK_SH_BIODIESEL_B100_SD,,,10000.0,
YEAR_2035,TRUCK_SH_BIODIESEL_B20_SD,,,10000.0,
YEAR_2035,TRUCK_SH_CNG_SD,,,10000.0,
YEAR_2035,TRUCK_SH_CSNG_SD,,,10000.0,
YEAR_2035,TRUCK_SH_DIESEL_SD,0.6666803677541978,,10000.0,543.1311620019898
YEAR_2035,TRUCK_SH_GASOLINE_SD,0.9122781705700557,,10000.0,743.2147800000128
YEAR_2035,TRUCK_SH_EV_SD,,,10000.0,
YEAR_2035,TRUCK_SH_HY_DIESEL_SD,,,10000.0,
YEAR_2035,TRUCK_SH_PROPANE_SD,,,10000.0,
YEAR_2035,LCV_BIODIESEL_B100_MD,,,10000.0,
YEAR_2035,LCV_BIODIESEL_B20_MD,,,10000.0,
YEAR_2035,LCV_CNG_MD,,,10000.0,
YEAR_2035,LCV_CSNG_MD,,,10000.0,
YEAR_2035,LCV_DIESEL_MD,,,10000.0,
YEAR_2035,LCV_GASOLINE_MD,,,10000.0,
YEAR_2035,LCV_ETOH_E10_MD,,,10000.0,
YEAR_2035,LCV_ETOH_E85_MD,,,10000.0,
YEAR_2035,LCV_EV_MD,,,10000.0,
YEAR_2035,LCV_FC_H2_MD,,,10000.0,
YEAR_2035,LCV_PHEV_DIESEL_MD,,,10000.0,
YEAR_2035,LCV_PROPANE_MD,,,10000.0,
YEAR_2035,SEMI_SH_BIODIESEL_B100_MD,,,10000.0,
YEAR_2035,SEMI_SH_BIODIESEL_B20_MD,,,10000.0,
YEAR_2035,SEMI_SH_CNG_MD,,,10000.0,
YEAR_2035,SEMI_SH_CSNG_MD,,,10000.0,
YEAR_2035,SEMI_SH_DIESEL_MD,9.985932022389163,,10000.0,8135.339100000005
YEAR_2035,SEMI_SH_EV_MD,,,10000.0,
YEAR_2035,SEMI_SH_FC_H2_MD,,,10000.0,
YEAR_2035,SEMI_SH_HY_DIESEL_MD,23.81993295309665,,10000.0,19405.622978228766
YEAR_2035,SEMI_SH_PROPANE_MD,,,10000.0,
YEAR_2035,TRUCK_SH_BIODIESEL_B100_MD,,,10000.0,
YEAR_2035,TRUCK_SH_BIODIESEL_B20_MD,,,10000.0,
YEAR_2035,TRUCK_SH_CNG_MD,,,10000.0,
YEAR_2035,TRUCK_SH_CSNG_MD,,,10000.0,
YEAR_2035,TRUCK_SH_DIESEL_MD,,,10000.0,
YEAR_2035,TRUCK_SH_GASOLINE_MD,,,10000.0,
YEAR_2035,TRUCK_SH_EV_MD,,,10000.0,
YEAR_2035,TRUCK_SH_HY_DIESEL_MD,,,10000.0,
YEAR_2035,TRUCK_SH_PROPANE_MD,,,10000.0,
YEAR_2035,TRAIN_FREIGHT_DIESEL_LD,2.045026438955119,,10000.0,6126.73560899442
YEAR_2035,TRAIN_FREIGHT_BIODIESEL_LD,,,10000.0,
YEAR_2035,TRAIN_FREIGHT_ELEC_LD,0.5843106093286131,,10000.0,1750.5478406997784
YEAR_2035,TRAIN_FREIGHT_H2_LD,,,10000.0,
YEAR_2035,TRAIN_FREIGHT_NG_LD,,,10000.0,
YEAR_2035,TRAIN_FREIGHT_SNG_LD,,,10000.0,
YEAR_2035,SEMI_LH_BIODIESEL_B100_LD,,,10000.0,
YEAR_2035,SEMI_LH_BIODIESEL_B20_LD,,,10000.0,
YEAR_2035,SEMI_LH_CNG_LD,5.076118448193563,,10000.0,4135.412177374333
YEAR_2035,SEMI_LH_CSNG_LD,,,10000.0,
YEAR_2035,SEMI_LH_DIESEL_LD,5.997160828356428,,10000.0,4885.766983645414
YEAR_2035,SEMI_LH_EV_LD,,,10000.0,
YEAR_2035,SEMI_LH_FC_H2_LD,,,10000.0,
YEAR_2035,SEMI_LH_HY_DIESEL_LD,5.229006829320016,,10000.0,4259.967283710431
YEAR_2035,SEMI_LH_PROPANE_LD,,,10000.0,
YEAR_2035,TRUCK_LH_BIODIESEL_B100_LD,,,10000.0,
YEAR_2035,TRUCK_LH_BIODIESEL_B20_LD,,,10000.0,
YEAR_2035,TRUCK_LH_CNG_LD,,,10000.0,
YEAR_2035,TRUCK_LH_CSNG_LD,,,10000.0,
YEAR_2035,TRUCK_LH_DIESEL_LD,,,10000.0,
YEAR_2035,TRUCK_LH_GASOLINE_LD,,,10000.0,
YEAR_2035,TRUCK_LH_EV_LD,,,10000.0,
YEAR_2035,TRUCK_LH_HY_DIESEL_LD,,,10000.0,
YEAR_2035,TRUCK_LH_PROPANE_LD,,,10000.0,
YEAR_2035,TRAIN_FREIGHT_DIESEL_ELD,6.133991715063985,,10000.0,18376.94845899449
YEAR_2035,TRAIN_FREIGHT_BIODIESEL_ELD,,,10000.0,
YEAR_2035,TRAIN_FREIGHT_ELEC_ELD,1.752576611049926,,10000.0,5250.579320576696
YEAR_2035,TRAIN_FREIGHT_H2_ELD,,,10000.0,
YEAR_2035,TRAIN_FREIGHT_NG_ELD,,,10000.0,
YEAR_2035,TRAIN_FREIGHT_SNG_ELD,,,10000.0,
YEAR_2035,SEMI_LH_BIODIESEL_B100_ELD,,,10000.0,
YEAR_2035,SEMI_LH_BIODIESEL_B20_ELD,,,10000.0,
YEAR_2035,SEMI_LH_CNG_ELD,7.304471310051674,,10000.0,5950.8066868729
YEAR_2035,SEMI_LH_CSNG_ELD,,,10000.0,
YEAR_2035,SEMI_LH_DIESEL_ELD,9.108480208589144,,10000.0,7420.496656333405
YEAR_2035,SEMI_LH_EV_ELD,,,10000.0,
YEAR_2035,SEMI_LH_FC_H2_ELD,,,10000.0,
YEAR_2035,SEMI_LH_HY_DIESEL_ELD,7.86278543996323,,10000.0,6405.654042229244
YEAR_2035,SEMI_LH_PROPANE_ELD,,,10000.0,
YEAR_2035,PLANE_FREIGHT_ELD,0.1122638289899373,,10000.0,590.0586851711105
YEAR_2035,PLANE_FREIGHT_BIO_ELD,0.0159419965377905,,10000.0,83.79113380262683
YEAR_2035,BULK_CARRIER_ELD,3.397510559471979,,10000.0,7864.3728819161015
YEAR_2035,CONTAINER_ELD,0.995198111875408,,10000.0,
YEAR_2035,OIL_TANKER_ELD,2.525962089077565,,10000.0,10621.165392153353
YEAR_2035,BULK_CARRIER_BIO_ELD,,,10000.0,
YEAR_2035,CONTAINER_BIO_ELD,,,10000.0,
YEAR_2035,OIL_TANKER_BIO_ELD,,,10000.0,
YEAR_2035,BULK_CARRIER_MEOH_ELD,5.799034018704525,,10000.0,27939.7459021184
YEAR_2035,CONTAINER_MEOH_ELD,1.749596703367999,,10000.0,10728.526985052575
YEAR_2035,OIL_TANKER_MEOH_ELD,1.362286572671503,,10000.0,5728.142580769137
YEAR_2035,BULK_CARRIER_BIOMEOH_ELD,,,10000.0,
YEAR_2035,CONTAINER_BIOMEOH_ELD,,,10000.0,
YEAR_2035,OIL_TANKER_BIOMEOH_ELD,,,10000.0,
YEAR_2035,ETHANE_OXIDATION,,,10000.0,
YEAR_2035,METHANOL_CARBONYLATION,,,10000.0,
YEAR_2035,BIOMETHANOL_CARBONYLATION,,,10000.0,
YEAR_2035,CUMENE_PROCESS,,,10000.0,
YEAR_2035,CO2_METHANOL,,,10000.0,
YEAR_2035,METHANE_TO_METHANOL,,,10000.0,
YEAR_2035,METHANOL_FT,0.4714574254648654,,10000.0,3510.471990011387
YEAR_2035,BIOMETHANE_TO_BIOMETHANOL,,,10000.0,
YEAR_2035,BIOMETHANOL_FT,,,10000.0,
YEAR_2035,WOOD_METHANOL,,,10000.0,
YEAR_2035,ETHYLENE_POLYMERIZATION,,,10000.0,
YEAR_2035,STYRENE_POLYMERIZATION,,,10000.0,
YEAR_2035,DHN_TH_STORAGE,,,10000.0,
YEAR_2035,DEC_TH_STORAGE,,,10000.0,
YEAR_2035,DHN,0.5394937567701689,,10000.0,
YEAR_2035,BATTERY,,,10000.0,
YEAR_2035,EHV_GRID,35.5217144163113,,10000.0,253663.79724489865
YEAR_2035,HV_GRID,30.68054053956114,,10000.0,202289.29613017713
YEAR_2035,MV_GRID,23.89525282676702,,10000.0,134637.8080465325
YEAR_2035,LV_GRID,21.7944833343204,,10000.0,99844.0404065357
YEAR_2035,EHP_H2_GRID,0.6765995072599321,,10000.0,99.68119473294841
YEAR_2035,HP_H2_GRID,5.353670881556109,,10000.0,39747.133524385834
YEAR_2035,MP_H2_GRID,4.79506699428343,,10000.0,33557.19612293334
YEAR_2035,LP_H2_GRID,,,10000.0,
YEAR_2035,EHP_NG_GRID,29.27657767194914,,10000.0,148971.4650443165
YEAR_2035,HP_NG_GRID,29.27657767194914,,10000.0,148971.4650443165
YEAR_2035,MP_NG_GRID,24.24561491971375,,10000.0,105567.79138269898
YEAR_2035,LP_NG_GRID,17.21504850457655,,10000.0,59106.62201400577
YEAR_2035,ALKALINE_ELECTROLYSIS,,,10000.0,
YEAR_2035,AN_DIG,,,10000.0,
YEAR_2035,ATR,,,10000.0,
YEAR_2035,BIOGAS_BIOMETHANE,,,10000.0,
YEAR_2035,BIOMASS_GAS_EF_H2,,,10000.0,
YEAR_2035,BIOMASS_GAS_FB_H2,,,10000.0,
YEAR_2035,CO2_TO_DIESEL,2.317978399502932,,10000.0,20305.490779645686
YEAR_2035,CO2_STO,921.5107161725398,,10000.0,1039.5086784237149
YEAR_2035,CO2_TO_JETFUELS,0.2232599769615799,,10000.0,1955.7573981834264
YEAR_2035,COAL_GAS_H2,,,10000.0,
YEAR_2035,COAL_GAS_H2_ADV,,,10000.0,
YEAR_2035,CROPS_TO_ETHANOL,,,10000.0,
YEAR_2035,CROPS_TO_JETFUELS,,,10000.0,
YEAR_2035,DIE_STO,,,10000.0,
YEAR_2035,ELEC_STO,,,10000.0,
YEAR_2035,ETHANE_CRACKING,,,10000.0,
YEAR_2035,ETHANE_TO_ETHYLENE,,,10000.0,
YEAR_2035,ETHANOL_TO_JETFUELS,,,10000.0,
YEAR_2035,FT,,,10000.0,
YEAR_2035,GASIFICATION_H2,,,10000.0,
YEAR_2035,GASIFICATION_SNG,,,10000.0,
YEAR_2035,GASO_STO,,,10000.0,
YEAR_2035,BIOETHANOL_TO_BIOJETFUELS,,,10000.0,
YEAR_2035,H2_COMP_HE,0.06922305189788085,,10000.0,49.840597366474206
YEAR_2035,H2_COMP_LM,,,10000.0,
YEAR_2035,H2_COMP_MH,,,10000.0,
YEAR_2035,H2_EXP_EH,0.5159221727624814,,10000.0,49.840597366474206
YEAR_2035,H2_EXP_EH_COGEN,,,10000.0,
YEAR_2035,H2_EXP_HM,3.830730151019787,,10000.0,33557.19612293334
YEAR_2035,H2_EXP_HM_COGEN,,,10000.0,
YEAR_2035,H2_EXP_ML,,,10000.0,
YEAR_2035,H2_EXP_ML_COGEN,,,10000.0,
YEAR_2035,H2_STO,503.3900334013895,,10000.0,49.840597366474206
YEAR_2035,HYDRO_GAS,,,10000.0,
YEAR_2035,LT_DEC_WH,0.1,,0.1,0.42460279338022583
YEAR_2035,LT_DHN_WH,0.1,,0.1,
YEAR_2035,METATHESIS_PROPYLENE,,,10000.0,
YEAR_2035,METHANATION,,,10000.0,
YEAR_2035,METHANOL_TO_AROMATICS,,,10000.0,
YEAR_2035,METHANOL_TO_OLEFINS,,,10000.0,
YEAR_2035,BIOMETHANOL_TO_AROMATICS,,,10000.0,
YEAR_2035,BIOMETHANOL_TO_OLEFINS,,,10000.0,
YEAR_2035,NG_COMP_HE,,,10000.0,
YEAR_2035,NG_COMP_LM,,,10000.0,
YEAR_2035,NG_COMP_MH,,,10000.0,
YEAR_2035,NG_EXP_EH,29.27220250358175,,10000.0,148971.4650443165
YEAR_2035,NG_EXP_EH_COGEN,,,10000.0,
YEAR_2035,NG_EXP_HM,24.24561491971375,,10000.0,105567.79138269898
YEAR_2035,NG_EXP_HM_COGEN,,,10000.0,
YEAR_2035,NG_EXP_ML,17.21504850457655,,10000.0,59106.62201400577
YEAR_2035,SNG_COMP_HE,,,10000.0,
YEAR_2035,SNG_COMP_LM,,,10000.0,
YEAR_2035,SNG_COMP_MH,,,10000.0,
YEAR_2035,SNG_EXP_EH,,,10000.0,
YEAR_2035,SNG_EXP_EH_COGEN,,,10000.0,
YEAR_2035,SNG_EXP_HM,,,10000.0,
YEAR_2035,SNG_EXP_HM_COGEN,,,10000.0,
YEAR_2035,SNG_EXP_ML,,,10000.0,
YEAR_2035,NG_EXP_ML_COGEN,,,10000.0,
YEAR_2035,NG_PYROLYSIS_PLASMA,,,10000.0,
YEAR_2035,NG_PYROLYSIS_THERMAL,,,10000.0,
YEAR_2035,NG_REFORMING,,,10000.0,
YEAR_2035,NG_STO,,,10000.0,
YEAR_2035,PEM_ELECTROLYSIS,,,10000.0,
YEAR_2035,PYROLYSIS,,,10000.0,
YEAR_2035,SNG_EXP_ML_COGEN,,,10000.0,
YEAR_2035,SNG_PYROLYSIS_PLASMA,,,10000.0,
YEAR_2035,SNG_PYROLYSIS_THERMAL,,,10000.0,
YEAR_2035,SNG_REFORMING,,,10000.0,
YEAR_2035,SNG_STO,,,10000.0,
YEAR_2035,SMART_PROCESS,,,10000.0,
YEAR_2035,SMR,5.331358169086672,,10000.0,39697.292927019356
YEAR_2035,SOEC_ELECTROLYSIS,,,10000.0,
YEAR_2035,STO_CO2,921.5107161725398,,10000.0,1039.5086784237146
YEAR_2035,STO_DIE,,,10000.0,
YEAR_2035,STO_ELEC,,,10000.0,
YEAR_2035,STO_GASO,,,10000.0,
YEAR_2035,STO_H2,503.3900334013895,,10000.0,49.840597366474206
YEAR_2035,STO_NG,,,10000.0,
YEAR_2035,STO_SNG,,,10000.0,
YEAR_2035,DAC_HT,,,10000.0,
YEAR_2035,DAC_LT,,,10000.0,
YEAR_2035,CARBON_CAPTURE,,,10000.0,
YEAR_2035,CARBON_CAPTURE_AMINES,,,10000.0,
YEAR_2035,CARBON_CAPTURE_MEMBRANES,1.384525576388207,,10000.0,10309.17744178659
YEAR_2035,CARBON_CAPTURE_MOF,,,10000.0,
YEAR_2035,CARBON_MINERALIZATION,,,10000.0,
YEAR_2035,CARBON_TRANSPORT_INJECTION,0.2139108715154392,,10000.0,1592.7803493039603
YEAR_2035,CAR_BIODIESEL_B100,,,10000.0,
YEAR_2035,CAR_BIODIESEL_B20,,,10000.0,
YEAR_2035,CAR_CNG,,,10000.0,
YEAR_2035,CAR_CSNG,,,10000.0,
YEAR_2035,CAR_DIESEL,0.3495522788935225,,10000.0,156.16597611847007
YEAR_2035,CAR_ETOH_E10,,,10000.0,
YEAR_2035,CAR_ETOH_E85,,,10000.0,
YEAR_2035,CAR_BIOETOH_E10,,,10000.0,
YEAR_2035,CAR_BIOETOH_E85,,,10000.0,
YEAR_2035,CAR_EV,98.48654870837524,,10000.0,43999.850500953726
YEAR_2035,CAR_FC_H2,,,10000.0,
YEAR_2035,CAR_GASOLINE,42.39187308779148,,10000.0,18938.993220701726
YEAR_2035,CAR_HEV,1.086280856052142,,10000.0,485.3068352498553
YEAR_2035,CAR_MEOH,,,10000.0,
YEAR_2035,CAR_BIOMEOH,,,10000.0,
YEAR_2035,CAR_PHEV,0.8943331029770268,,10000.0,399.55225708601654
YEAR_2035,CAR_PROPANE,,,10000.0,
YEAR_2035,SUV_BIODIESEL_B100,,,10000.0,
YEAR_2035,SUV_BIODIESEL_B20,,,10000.0,
YEAR_2035,SUV_CNG,,,10000.0,
YEAR_2035,SUV_CSNG,,,10000.0,
YEAR_2035,SUV_DIESEL,0.2844831032017172,,10000.0,127.0956711863992
YEAR_2035,SUV_ETOH_E10,,,10000.0,
YEAR_2035,SUV_ETOH_E85,,,10000.0,
YEAR_2035,SUV_BIOETOH_E10,,,10000.0,
YEAR_2035,SUV_BIOETOH_E85,,,10000.0,
YEAR_2035,SUV_EV,72.00728042627775,,10000.0,32169.972603243852
YEAR_2035,SUV_FC_H2,,,10000.0,
YEAR_2035,SUV_GASOLINE,48.51079366938659,,10000.0,21672.68217973516
YEAR_2035,SUV_HY_GASOLINE,1.586602644326767,,10000.0,708.8305973794262
YEAR_2035,SUV_PHEV_GASOLINE,1.383214154950069,,10000.0,617.964755865493
YEAR_2035,SUV_PROPANE,,,10000.0,
YEAR_2035,BUS_BIODIESEL_B100,,,10000.0,
YEAR_2035,BUS_BIODIESEL_B20,,,10000.0,
YEAR_2035,BUS_CNG,0.3169611878335328,,10000.0,824.6442616102589
YEAR_2035,BUS_CSNG,,,10000.0,
YEAR_2035,BUS_DIESEL,0.1824781120577799,,10000.0,474.75695370296694
YEAR_2035,BUS_GASOLINE,0.006684017891215674,,10000.0,17.389943027933636
YEAR_2035,BUS_EV,,,10000.0,
YEAR_2035,BUS_FC_H2,,,10000.0,
YEAR_2035,BUS_HY_DIESEL,0.07820490516762024,,10000.0,203.46726587270095
YEAR_2035,BUS_PROPANE,,,10000.0,
YEAR_2035,SCHOOLBUS_BIODIESEL_B100,,,10000.0,
YEAR_2035,SCHOOLBUS_BIODIESEL_B20,,,10000.0,
YEAR_2035,SCHOOLBUS_CNG,0.254751955985437,,10000.0,662.7932589264313
YEAR_2035,SCHOOLBUS_CSNG,,,10000.0,
YEAR_2035,SCHOOLBUS_DIESEL,0.1466653509611485,,10000.0,381.58217690263905
YEAR_2035,SCHOOLBUS_ETOH_E10,,,10000.0,
YEAR_2035,SCHOOLBUS_BIOETOH_E10,,,10000.0,
YEAR_2035,SCHOOLBUS_EV,,,10000.0,
YEAR_2035,SCHOOLBUS_GASOLINE,1.075611100317658,,10000.0,2798.4389119184566
YEAR_2035,SCHOOLBUS_HY_DIESEL,,,10000.0,
YEAR_2035,SCHOOLBUS_PROPANE,,,10000.0,
YEAR_2035,COACH_BIODIESEL_B100,,,10000.0,
YEAR_2035,COACH_BIODIESEL_B20,,,10000.0,
YEAR_2035,COACH_CNG,0.117756061834527,,10000.0,306.36830119612546
YEAR_2035,COACH_CSNG,,,10000.0,
YEAR_2035,COACH_DIESEL,0.0606531775129941,,10000.0,157.80258499910698
YEAR_2035,COACH_ETOH_E10,,,10000.0,
YEAR_2035,COACH_BIOETOH_E10,,,10000.0,
YEAR_2035,COACH_EV,,,10000.0,
YEAR_2035,COACH_GASOLINE,,,10000.0,
YEAR_2035,COACH_HY_DIESEL,,,10000.0,
YEAR_2035,COACH_PROPANE,,,10000.0,
YEAR_2035,COMMUTER_RAIL_DIESEL,0.01593386631520843,,10000.0,47.73658877105925
YEAR_2035,COMMUTER_RAIL_ELEC,0.6592672506278634,,10000.0,1975.1119415010292
YEAR_2035,TRAIN_DIESEL,0.02092084554260509,,10000.0,
YEAR_2035,TRAIN_BIODIESEL,,,10000.0,
YEAR_2035,TRAIN_ELEC,0.02299081296720264,,10000.0,55.384868437991145
YEAR_2035,TRAIN_H2,,,10000.0,
YEAR_2035,TRAIN_NG,,,10000.0,
YEAR_2035,TRAIN_SNG,,,10000.0,
YEAR_2035,PLANE_SH,16.23070116675273,,10000.0,49621.14883504312
YEAR_2035,PLANE_LH,,,10000.0,
YEAR_2035,PLANE_SH_BIO,1.769326727690225,,10000.0,5409.256444963646
YEAR_2035,PLANE_LH_BIO,,,10000.0,
YEAR_2035,LCV_BIODIESEL_B100,,,10000.0,
YEAR_2035,LCV_BIODIESEL_B20,,,10000.0,
YEAR_2035,LCV_CNG,,,10000.0,
YEAR_2035,LCV_CSNG,,,10000.0,
YEAR_2035,LCV_DIESEL,,,10000.0,
YEAR_2035,LCV_GASOLINE,,,10000.0,
YEAR_2035,LCV_ETOH_E10,,,10000.0,
YEAR_2035,LCV_ETOH_E85,,,10000.0,
YEAR_2035,LCV_EV,,,10000.0,
YEAR_2035,LCV_FC_H2,13.06851377210853,,10000.0,10646.656799861383
YEAR_2035,LCV_PHEV_DIESEL,,,10000.0,
YEAR_2035,LCV_PROPANE,,,10000.0,
YEAR_2035,TRUCK_SH_BIODIESEL_B100,,,10000.0,
YEAR_2035,TRUCK_SH_BIODIESEL_B20,,,10000.0,
YEAR_2035,TRUCK_SH_CNG,,,10000.0,
YEAR_2035,TRUCK_SH_CSNG,,,10000.0,
YEAR_2035,TRUCK_SH_DIESEL,0.6666803677541978,,10000.0,543.1311620019898
YEAR_2035,TRUCK_SH_GASOLINE,0.9122781705700557,,10000.0,743.2147800000128
YEAR_2035,TRUCK_SH_EV,,,10000.0,
YEAR_2035,TRUCK_SH_HY_DIESEL,,,10000.0,
YEAR_2035,TRUCK_SH_PROPANE,,,10000.0,
YEAR_2035,SEMI_SH_BIODIESEL_B100,,,10000.0,
YEAR_2035,SEMI_SH_BIODIESEL_B20,,,10000.0,
YEAR_2035,SEMI_SH_CNG,,,10000.0,
YEAR_2035,SEMI_SH_CSNG,,,10000.0,
YEAR_2035,SEMI_SH_DIESEL,9.985932022389163,,10000.0,8135.339100000005
YEAR_2035,SEMI_SH_EV,,,10000.0,
YEAR_2035,SEMI_SH_FC_H2,,,10000.0,
YEAR_2035,SEMI_SH_HY_DIESEL,23.81993295309665,,10000.0,19405.622978228766
YEAR_2035,SEMI_SH_PROPANE,,,10000.0,
YEAR_2035,SEMI_LH_BIODIESEL_B100,,,10000.0,
YEAR_2035,SEMI_LH_BIODIESEL_B20,,,10000.0,
YEAR_2035,SEMI_LH_CNG,12.38058975824524,,10000.0,10086.218864247232
YEAR_2035,SEMI_LH_CSNG,,,10000.0,
YEAR_2035,SEMI_LH_DIESEL,15.10564103694557,,10000.0,12306.263639978817
YEAR_2035,SEMI_LH_EV,,,10000.0,
YEAR_2035,SEMI_LH_FC_H2,,,10000.0,
YEAR_2035,SEMI_LH_HY_DIESEL,13.09179226928325,,10000.0,10665.621325939674
YEAR_2035,SEMI_LH_PROPANE,,,10000.0,
YEAR_2035,TRAIN_FREIGHT_DIESEL,8.179018154019104,,10000.0,24503.684067988914
YEAR_2035,TRAIN_FREIGHT_BIODIESEL,,,10000.0,
YEAR_2035,TRAIN_FREIGHT_ELEC,2.336887220378539,,10000.0,7001.127161276474
YEAR_2035,TRAIN_FREIGHT_H2,,,10000.0,
YEAR_2035,TRAIN_FREIGHT_NG,,,10000.0,
YEAR_2035,TRAIN_FREIGHT_SNG,,,10000.0,
YEAR_2035,TRUCK_LH_BIODIESEL_B100,,,10000.0,
YEAR_2035,TRUCK_LH_BIODIESEL_B20,,,10000.0,
YEAR_2035,TRUCK_LH_CNG,,,10000.0,
YEAR_2035,TRUCK_LH_CSNG,,,10000.0,
YEAR_2035,TRUCK_LH_DIESEL,,,10000.0,
YEAR_2035,TRUCK_LH_GASOLINE,,,10000.0,
YEAR_2035,TRUCK_LH_EV,,,10000.0,
YEAR_2035,TRUCK_LH_HY_DIESEL,,,10000.0,
YEAR_2035,TRUCK_LH_PROPANE,,,10000.0,
YEAR_2035,PLANE_FREIGHT,0.1122638289899373,,10000.0,590.0586851711105
YEAR_2035,PLANE_FREIGHT_BIO,0.0159419965377905,,10000.0,83.79113380262683
YEAR_2035,BULK_CARRIER,3.397510559471979,,10000.0,7864.3728819161015
YEAR_2035,CONTAINER,0.995198111875408,,10000.0,
YEAR_2035,OIL_TANKER,2.525962089077565,,10000.0,10621.165392153353
YEAR_2035,BULK_CARRIER_BIO,,,10000.0,
YEAR_2035,CONTAINER_BIO,,,10000.0,
YEAR_2035,OIL_TANKER_BIO,,,10000.0,
YEAR_2035,BULK_CARRIER_MEOH,5.799034018704525,,10000.0,27939.7459021184
YEAR_2035,CONTAINER_MEOH,1.749596703367999,,10000.0,10728.526985052575
YEAR_2035,OIL_TANKER_MEOH,1.362286572671503,,10000.0,5728.142580769137
YEAR_2035,BULK_CARRIER_BIOMEOH,,,10000.0,
YEAR_2035,CONTAINER_BIOMEOH,,,10000.0,
YEAR_2035,OIL_TANKER_BIOMEOH,,,10000.0,
YEAR_2040,PV_ROOF,0.3,,10000.0,345.63599999999997
YEAR_2040,PV_GROUND,,,10000.0,
YEAR_2040,TRAFO_ML,21.7935393343204,,10000.0,97055.40181201512
YEAR_2040,AN_DIG_SI,,,10000.0,
YEAR_2040,HYDRO_GAS_CHP,,,10000.0,
YEAR_2040,TIDAL,,,10000.0,
YEAR_2040,TRAFO_HM,22.32240482676702,,10000.0,108476.15090962844
YEAR_2040,TRAFO_LM,,,10000.0,
YEAR_2040,WIND_OFFSHORE,,,2179.0,
YEAR_2040,WIND_ONSHORE,10.0,,3984.322,29025.84
YEAR_2040,NEW_WIND_ONSHORE,,,3984.322,
YEAR_2040,CCGT,,,10000.0,
YEAR_2040,COAL_IGCC,,,10000.0,
YEAR_2040,COAL_US,,,10000.0,
YEAR_2040,H2_CCGT,,,10000.0,
YEAR_2040,H2_NG_CCGT,,,10000.0,
YEAR_2040,OCGT_LARGE,,,10000.0,
YEAR_2040,OCGT_SMALL,,,10000.0,
YEAR_2040,TRAFO_EH,29.50766777580089,,10000.0,202325.8717164598
YEAR_2040,TRAFO_MH,,,10000.0,
YEAR_2040,CCGT_BIOGAS,,,10000.0,
YEAR_2040,H2_SNG_CCGT,,,10000.0,
YEAR_2040,OCGT_BIOGAS_SMALL,,,10000.0,
YEAR_2040,OCGT_BIOGAS_LARGE,,,10000.0,
YEAR_2040,NUCLEAR,,,12.0,
YEAR_2040,TRAFO_HE,,,10000.0,
YEAR_2040,HYDRO_RIVER,15.13,15.13,15.13,73573.19568
YEAR_2040,NEW_HYDRO_DAM,4.0,,15.11,18800.832
YEAR_2040,NEW_HYDRO_RIVER,,,25.33,
YEAR_2040,HYDRO_DAM,26.357,26.357,26.357,127918.533528
YEAR_2040,IND_BOILER_COAL,,,10000.0,
YEAR_2040,IND_BOILER_GAS,6.067808655651951,,10000.0,50496.30363233553
YEAR_2040,IND_BOILER_OIL,,,10000.0,
YEAR_2040,IND_BOILER_WASTE,0.4039439718836955,,10000.0,2943.60776490984
YEAR_2040,IND_BOILER_WOOD,5.334673628538864,,10000.0,39609.42571806171
YEAR_2040,IND_BOILER_BIOGAS,,,10000.0,
YEAR_2040,IND_BOILER_BIOOIL,,,10000.0,
YEAR_2040,IND_COGEN_GAS,,,10000.0,
YEAR_2040,IND_COGEN_WASTE,,,10000.0,
YEAR_2040,IND_COGEN_WOOD,,,10000.0,
YEAR_2040,IND_DIRECT_ELEC,2.015593934179837,,10000.0,10599.676422554916
YEAR_2040,IND_COGEN_BIOGAS,,,10000.0,
YEAR_2040,DHN_BOILER_GAS,0.1769081126793045,,10000.0,557.3268339170057
YEAR_2040,DHN_BOILER_OIL,,,10000.0,
YEAR_2040,DHN_BOILER_WOOD,0.1175307858820396,,10000.0,162.95705913985145
YEAR_2040,DHN_BOILER_BIOGAS,,,10000.0,
YEAR_2040,DHN_BOILER_BIOOIL,,,10000.0,
YEAR_2040,DHN_COGEN_GAS,,,10000.0,
YEAR_2040,DHN_COGEN_WASTE,,,10000.0,
YEAR_2040,DHN_COGEN_WOOD,,,10000.0,
YEAR_2040,DHN_COGEN_BIOGAS,,,10000.0,
YEAR_2040,DHN_DEEP_GEO,,,10000.0,
YEAR_2040,DHN_HP_ELEC,0.2450548582088248,,10000.0,1328.7398849270503
YEAR_2040,AFC,0.0002460269839983376,,10000.0,0.18304407609476317
YEAR_2040,DEC_ADVCOGEN_H2,,,10000.0,
YEAR_2040,DEC_BOILER_GAS,17.0336214451069,,10000.0,64701.0202914737
YEAR_2040,DEC_BOILER_OIL,,,10000.0,
YEAR_2040,DEC_BOILER_WOOD,0.6286891903516605,,10000.0,2394.282086662463
YEAR_2040,DEC_BOILER_BIOGAS,,,10000.0,
YEAR_2040,DEC_BOILER_BIOOIL,,,10000.0,
YEAR_2040,DEC_COGEN_GAS,,,10000.0,
YEAR_2040,DEC_COGEN_OIL,,,10000.0,
YEAR_2040,DEC_COGEN_WOOD,,,10000.0,
YEAR_2040,DEC_COGEN_BIOGAS,,,10000.0,
YEAR_2040,DEC_COGEN_BIOOIL,,,10000.0,
YEAR_2040,DEC_DIRECT_ELEC,8.473426905076634,,10000.0,32188.981112932262
YEAR_2040,DEC_HP_ELEC,1.447904505058505,,10000.0,5505.7020763436685
YEAR_2040,DEC_RENOVATION,,,10000.0,
YEAR_2040,DEC_SOLAR,0.0213585717418935,,10000.0,24.60763767527034
YEAR_2040,PAFC,,,10000.0,
YEAR_2040,PEMFC,,,10000.0,
YEAR_2040,SOFC,,,10000.0,
YEAR_2040,COMMUTER_RAIL_DIESEL_SD,,,10000.0,
YEAR_2040,COMMUTER_RAIL_ELEC_SD,0.6537336007140515,,10000.0,1958.5335690512416
YEAR_2040,TRAMWAY_SD,,,10000.0,
YEAR_2040,BUS_BIODIESEL_B100_SD,,,10000.0,
YEAR_2040,BUS_BIODIESEL_B20_SD,,,10000.0,
YEAR_2040,BUS_CNG_SD,0.580767225616576,,10000.0,1510.9937062311583
YEAR_2040,BUS_CSNG_SD,,,10000.0,
YEAR_2040,BUS_DIESEL_SD,,,10000.0,
YEAR_2040,BUS_GASOLINE_SD,,,10000.0,
YEAR_2040,BUS_EV_SD,,,10000.0,
YEAR_2040,BUS_FC_H2_SD,,,10000.0,
YEAR_2040,BUS_HY_DIESEL_SD,,,10000.0,
YEAR_2040,BUS_PROPANE_SD,,,10000.0,
YEAR_2040,SCHOOLBUS_BIODIESEL_B100_SD,,,10000.0,
YEAR_2040,SCHOOLBUS_BIODIESEL_B20_SD,,,10000.0,
YEAR_2040,SCHOOLBUS_CNG_SD,,,10000.0,
YEAR_2040,SCHOOLBUS_CSNG_SD,,,10000.0,
YEAR_2040,SCHOOLBUS_DIESEL_SD,,,10000.0,
YEAR_2040,SCHOOLBUS_ETOH_E10_SD,,,10000.0,
YEAR_2040,SCHOOLBUS_BIOETOH_E10_SD,,,10000.0,
YEAR_2040,SCHOOLBUS_EV_SD,,,10000.0,
YEAR_2040,SCHOOLBUS_GASOLINE_SD,1.468027140487667,,10000.0,3819.395571949574
YEAR_2040,SCHOOLBUS_HY_DIESEL_SD,,,10000.0,
YEAR_2040,SCHOOLBUS_PROPANE_SD,,,10000.0,
YEAR_2040,CAR_GASOLINE_SD,,,10000.0,
YEAR_2040,CAR_EV_SD,45.72353074700885,,10000.0,20427.44459653367
YEAR_2040,SUV_GASOLINE_SD,,,10000.0,
YEAR_2040,CAR_MEOH_SD,,,10000.0,
YEAR_2040,CAR_ETOH_E10_SD,,,10000.0,
YEAR_2040,SUV_CNG_SD,,,10000.0,
YEAR_2040,CAR_BIODIESEL_B100_SD,,,10000.0,
YEAR_2040,SUV_BIODIESEL_B100_SD,,,10000.0,
YEAR_2040,SUV_DIESEL_SD,,,10000.0,
YEAR_2040,SUV_HY_GASOLINE_SD,,,10000.0,
YEAR_2040,CAR_PROPANE_SD,,,10000.0,
YEAR_2040,CAR_PHEV_SD,,,10000.0,
YEAR_2040,SUV_BIODIESEL_B20_SD,,,10000.0,
YEAR_2040,CAR_CNG_SD,,,10000.0,
YEAR_2040,SUV_PHEV_GASOLINE_SD,,,10000.0,
YEAR_2040,CAR_DIESEL_SD,,,10000.0,
YEAR_2040,CAR_HEV_SD,21.88986377747279,,10000.0,9779.515541223742
YEAR_2040,SUV_PROPANE_SD,,,10000.0,
YEAR_2040,CAR_BIODIESEL_B20_SD,,,10000.0,
YEAR_2040,CAR_FC_H2_SD,,,10000.0,
YEAR_2040,CAR_ETOH_E85_SD,,,10000.0,
YEAR_2040,SUV_ETOH_E10_SD,,,10000.0,
YEAR_2040,SUV_EV_SD,58.43693083808665,,10000.0,26107.283221223588
YEAR_2040,SUV_ETOH_E85_SD,,,10000.0,
YEAR_2040,SUV_FC_H2_SD,,,10000.0,
YEAR_2040,CAR_CSNG_SD,,,10000.0,
YEAR_2040,CAR_BIOETOH_E10_SD,,,10000.0,
YEAR_2040,CAR_BIOETOH_E85_SD,,,10000.0,
YEAR_2040,CAR_BIOMEOH_SD,,,10000.0,
YEAR_2040,SUV_CSNG_SD,,,10000.0,
YEAR_2040,SUV_BIOETOH_E10_SD,,,10000.0,
YEAR_2040,SUV_BIOETOH_E85_SD,,,10000.0,
YEAR_2040,COMMUTER_RAIL_DIESEL_MD,0.01513326888152733,,10000.0,45.33806290754534
YEAR_2040,COMMUTER_RAIL_ELEC_MD,0.002219454868516046,,10000.0,6.649309229684377
YEAR_2040,COACH_BIODIESEL_B100_MD,,,10000.0,
YEAR_2040,COACH_BIODIESEL_B20_MD,,,10000.0,
YEAR_2040,COACH_CNG_MD,0.04247438640345818,,10000.0,110.50646059360521
YEAR_2040,COACH_CSNG_MD,,,10000.0,
YEAR_2040,COACH_DIESEL_MD,,,10000.0,
YEAR_2040,COACH_ETOH_E10_MD,,,10000.0,
YEAR_2040,COACH_BIOETOH_E10_MD,,,10000.0,
YEAR_2040,COACH_EV_MD,,,10000.0,
YEAR_2040,COACH_GASOLINE_MD,0.02059408129091065,,10000.0,53.58003317618805
YEAR_2040,COACH_HY_DIESEL_MD,,,10000.0,
YEAR_2040,COACH_PROPANE_MD,,,10000.0,
YEAR_2040,SUV_PHEV_GASOLINE_MD,,,10000.0,
YEAR_2040,SUV_ETOH_E10_MD,,,10000.0,
YEAR_2040,SUV_ETOH_E85_MD,,,10000.0,
YEAR_2040,SUV_HY_GASOLINE_MD,,,10000.0,
YEAR_2040,CAR_BIODIESEL_B100_MD,,,10000.0,
YEAR_2040,CAR_DIESEL_MD,,,10000.0,
YEAR_2040,SUV_DIESEL_MD,,,10000.0,
YEAR_2040,SUV_EV_MD,57.26769724465227,,10000.0,25584.916421020844
YEAR_2040,CAR_MEOH_MD,,,10000.0,
YEAR_2040,CAR_HEV_MD,17.39435987455928,,10000.0,7771.104217558094
YEAR_2040,CAR_ETOH_E10_MD,,,10000.0,
YEAR_2040,SUV_CNG_MD,,,10000.0,
YEAR_2040,SUV_GASOLINE_MD,,,10000.0,
YEAR_2040,SUV_BIODIESEL_B20_MD,,,10000.0,
YEAR_2040,CAR_EV_MD,48.8661940556208,,10000.0,21831.46085628915
YEAR_2040,SUV_PROPANE_MD,,,10000.0,
YEAR_2040,CAR_ETOH_E85_MD,,,10000.0,
YEAR_2040,SUV_BIODIESEL_B100_MD,,,10000.0,
YEAR_2040,CAR_PHEV_MD,,,10000.0,
YEAR_2040,CAR_PROPANE_MD,,,10000.0,
YEAR_2040,SUV_FC_H2_MD,,,10000.0,
YEAR_2040,CAR_GASOLINE_MD,,,10000.0,
YEAR_2040,CAR_FC_H2_MD,,,10000.0,
YEAR_2040,CAR_BIODIESEL_B20_MD,,,10000.0,
YEAR_2040,CAR_CNG_MD,,,10000.0,
YEAR_2040,CAR_CSNG_MD,,,10000.0,
YEAR_2040,CAR_BIOETOH_E10_MD,,,10000.0,
YEAR_2040,CAR_BIOETOH_E85_MD,,,10000.0,
YEAR_2040,CAR_BIOMEOH_MD,,,10000.0,
YEAR_2040,SUV_CSNG_MD,,,10000.0,
YEAR_2040,SUV_BIOETOH_E10_MD,,,10000.0,
YEAR_2040,SUV_BIOETOH_E85_MD,,,10000.0,
YEAR_2040,TRAIN_DIESEL_LD,0.01983586251799352,,10000.0,
YEAR_2040,TRAIN_BIODIESEL_LD,,,10000.0,
YEAR_2040,TRAIN_ELEC_LD,0.02299081296720264,,10000.0,55.04734346303716
YEAR_2040,TRAIN_H2_LD,,,10000.0,
YEAR_2040,TRAIN_NG_LD,,,10000.0,
YEAR_2040,TRAIN_SNG_LD,,,10000.0,
YEAR_2040,COACH_BIODIESEL_B100_LD,,,10000.0,
YEAR_2040,COACH_BIODIESEL_B20_LD,,,10000.0,
YEAR_2040,COACH_CNG_LD,0.0752816754310688,,10000.0,195.86184060252032
YEAR_2040,COACH_CSNG_LD,,,10000.0,
YEAR_2040,COACH_DIESEL_LD,,,10000.0,
YEAR_2040,COACH_ETOH_E10_LD,,,10000.0,
YEAR_2040,COACH_BIOETOH_E10_LD,,,10000.0,
YEAR_2040,COACH_EV_LD,,,10000.0,
YEAR_2040,COACH_GASOLINE_LD,0.03897183943616025,,10000.0,101.39381409784683
YEAR_2040,COACH_HY_DIESEL_LD,,,10000.0,
YEAR_2040,COACH_PROPANE_LD,,,10000.0,
YEAR_2040,PLANE_SH_LD,16.12100588109212,,10000.0,49285.78401991007
YEAR_2040,PLANE_SH_BIO_LD,1.769326727690225,,10000.0,5409.256444963656
YEAR_2040,SUV_GASOLINE_LD,,,10000.0,
YEAR_2040,CAR_CNG_LD,,,10000.0,
YEAR_2040,CAR_GASOLINE_LD,,,10000.0,
YEAR_2040,CAR_ETOH_E85_LD,,,10000.0,
YEAR_2040,CAR_FC_H2_LD,,,10000.0,
YEAR_2040,CAR_HEV_LD,2.744448095799055,,10000.0,1226.109631279186
YEAR_2040,SUV_DIESEL_LD,,,10000.0,
YEAR_2040,CAR_ETOH_E10_LD,,,10000.0,
YEAR_2040,SUV_PROPANE_LD,,,10000.0,
YEAR_2040,CAR_BIODIESEL_B100_LD,,,10000.0,
YEAR_2040,CAR_MEOH_LD,,,10000.0,
YEAR_2040,SUV_FC_H2_LD,,,10000.0,
YEAR_2040,CAR_BIODIESEL_B20_LD,,,10000.0,
YEAR_2040,CAR_DIESEL_LD,,,10000.0,
YEAR_2040,CAR_EV_LD,5.717453559800038,,10000.0,2554.3295523762577
YEAR_2040,CAR_PROPANE_LD,,,10000.0,
YEAR_2040,SUV_EV_LD,7.313455644175491,,10000.0,3267.3594435918426
YEAR_2040,SUV_HY_GASOLINE_LD,,,10000.0,
YEAR_2040,SUV_ETOH_E10_LD,,,10000.0,
YEAR_2040,CAR_PHEV_LD,,,10000.0,
YEAR_2040,SUV_PHEV_GASOLINE_LD,,,10000.0,
YEAR_2040,SUV_BIODIESEL_B100_LD,,,10000.0,
YEAR_2040,SUV_ETOH_E85_LD,,,10000.0,
YEAR_2040,SUV_BIODIESEL_B20_LD,,,10000.0,
YEAR_2040,SUV_CNG_LD,,,10000.0,
YEAR_2040,CAR_CSNG_LD,,,10000.0,
YEAR_2040,CAR_BIOETOH_E10_LD,,,10000.0,
YEAR_2040,CAR_BIOETOH_E85_LD,,,10000.0,
YEAR_2040,CAR_BIOMEOH_LD,,,10000.0,
YEAR_2040,SUV_CSNG_LD,,,10000.0,
YEAR_2040,SUV_BIOETOH_E10_LD,,,10000.0,
YEAR_2040,SUV_BIOETOH_E85_LD,,,10000.0,
YEAR_2040,TRAIN_DIESEL_ELD,,,10000.0,
YEAR_2040,TRAIN_BIODIESEL_ELD,,,10000.0,
YEAR_2040,TRAIN_ELEC_ELD,,,10000.0,
YEAR_2040,TRAIN_H2_ELD,,,10000.0,
YEAR_2040,TRAIN_NG_ELD,,,10000.0,
YEAR_2040,TRAIN_SNG_ELD,,,10000.0,
YEAR_2040,COACH_BIODIESEL_B100_ELD,,,10000.0,
YEAR_2040,COACH_BIODIESEL_B20_ELD,,,10000.0,
YEAR_2040,COACH_CNG_ELD,,,10000.0,
YEAR_2040,COACH_CSNG_ELD,,,10000.0,
YEAR_2040,COACH_DIESEL_ELD,,,10000.0,
YEAR_2040,COACH_ETOH_E10_ELD,,,10000.0,
YEAR_2040,COACH_BIOETOH_E10_ELD,,,10000.0,
YEAR_2040,COACH_EV_ELD,,,10000.0,
YEAR_2040,COACH_GASOLINE_ELD,,,10000.0,
YEAR_2040,COACH_HY_DIESEL_ELD,,,10000.0,
YEAR_2040,COACH_PROPANE_ELD,,,10000.0,
YEAR_2040,PLANE_LH_ELD,,,10000.0,
YEAR_2040,PLANE_LH_BIO_ELD,,,10000.0,
YEAR_2040,CAR_CNG_ELD,,,10000.0,
YEAR_2040,SUV_BIODIESEL_B100_ELD,,,10000.0,
YEAR_2040,CAR_HEV_ELD,,,10000.0,
YEAR_2040,SUV_BIODIESEL_B20_ELD,,,10000.0,
YEAR_2040,CAR_GASOLINE_ELD,,,10000.0,
YEAR_2040,CAR_ETOH_E85_ELD,,,10000.0,
YEAR_2040,SUV_PROPANE_ELD,,,10000.0,
YEAR_2040,CAR_PROPANE_ELD,,,10000.0,
YEAR_2040,CAR_BIODIESEL_B100_ELD,,,10000.0,
YEAR_2040,CAR_ETOH_E10_ELD,,,10000.0,
YEAR_2040,SUV_PHEV_GASOLINE_ELD,,,10000.0,
YEAR_2040,CAR_FC_H2_ELD,,,10000.0,
YEAR_2040,CAR_MEOH_ELD,,,10000.0,
YEAR_2040,SUV_EV_ELD,,,10000.0,
YEAR_2040,CAR_DIESEL_ELD,,,10000.0,
YEAR_2040,CAR_BIODIESEL_B20_ELD,,,10000.0,
YEAR_2040,SUV_ETOH_E10_ELD,,,10000.0,
YEAR_2040,CAR_PHEV_ELD,,,10000.0,
YEAR_2040,CAR_EV_ELD,,,10000.0,
YEAR_2040,SUV_HY_GASOLINE_ELD,,,10000.0,
YEAR_2040,SUV_GASOLINE_ELD,,,10000.0,
YEAR_2040,SUV_FC_H2_ELD,,,10000.0,
YEAR_2040,SUV_CNG_ELD,,,10000.0,
YEAR_2040,SUV_DIESEL_ELD,,,10000.0,
YEAR_2040,SUV_ETOH_E85_ELD,,,10000.0,
YEAR_2040,CAR_CSNG_ELD,,,10000.0,
YEAR_2040,CAR_BIOETOH_E10_ELD,,,10000.0,
YEAR_2040,CAR_BIOETOH_E85_ELD,,,10000.0,
YEAR_2040,CAR_BIOMEOH_ELD,,,10000.0,
YEAR_2040,SUV_CSNG_ELD,,,10000.0,
YEAR_2040,SUV_BIOETOH_E10_ELD,,,10000.0,
YEAR_2040,SUV_BIOETOH_E85_ELD,,,10000.0,
YEAR_2040,LCV_BIODIESEL_B100_SD,,,10000.0,
YEAR_2040,LCV_BIODIESEL_B20_SD,,,10000.0,
YEAR_2040,LCV_CNG_SD,,,10000.0,
YEAR_2040,LCV_CSNG_SD,,,10000.0,
YEAR_2040,LCV_DIESEL_SD,,,10000.0,
YEAR_2040,LCV_GASOLINE_SD,,,10000.0,
YEAR_2040,LCV_ETOH_E10_SD,,,10000.0,
YEAR_2040,LCV_ETOH_E85_SD,,,10000.0,
YEAR_2040,LCV_EV_SD,,,10000.0,
YEAR_2040,LCV_FC_H2_SD,14.73135331457564,,10000.0,12001.338918318477
YEAR_2040,LCV_PHEV_DIESEL_SD,,,10000.0,
YEAR_2040,LCV_PROPANE_SD,,,10000.0,
YEAR_2040,TRUCK_SH_BIODIESEL_B100_SD,,,10000.0,
YEAR_2040,TRUCK_SH_BIODIESEL_B20_SD,,,10000.0,
YEAR_2040,TRUCK_SH_CNG_SD,,,10000.0,
YEAR_2040,TRUCK_SH_CSNG_SD,,,10000.0,
YEAR_2040,TRUCK_SH_DIESEL_SD,,,10000.0,
YEAR_2040,TRUCK_SH_GASOLINE_SD,,,10000.0,
YEAR_2040,TRUCK_SH_EV_SD,,,10000.0,
YEAR_2040,TRUCK_SH_HY_DIESEL_SD,,,10000.0,
YEAR_2040,TRUCK_SH_PROPANE_SD,,,10000.0,
YEAR_2040,LCV_BIODIESEL_B100_MD,,,10000.0,
YEAR_2040,LCV_BIODIESEL_B20_MD,,,10000.0,
YEAR_2040,LCV_CNG_MD,,,10000.0,
YEAR_2040,LCV_CSNG_MD,,,10000.0,
YEAR_2040,LCV_DIESEL_MD,,,10000.0,
YEAR_2040,LCV_GASOLINE_MD,,,10000.0,
YEAR_2040,LCV_ETOH_E10_MD,,,10000.0,
YEAR_2040,LCV_ETOH_E85_MD,,,10000.0,
YEAR_2040,LCV_EV_MD,,,10000.0,
YEAR_2040,LCV_FC_H2_MD,,,10000.0,
YEAR_2040,LCV_PHEV_DIESEL_MD,,,10000.0,
YEAR_2040,LCV_PROPANE_MD,,,10000.0,
YEAR_2040,SEMI_SH_BIODIESEL_B100_MD,,,10000.0,
YEAR_2040,SEMI_SH_BIODIESEL_B20_MD,,,10000.0,
YEAR_2040,SEMI_SH_CNG_MD,,,10000.0,
YEAR_2040,SEMI_SH_CSNG_MD,,,10000.0,
YEAR_2040,SEMI_SH_DIESEL_MD,,,10000.0,
YEAR_2040,SEMI_SH_EV_MD,,,10000.0,
YEAR_2040,SEMI_SH_FC_H2_MD,,,10000.0,
YEAR_2040,SEMI_SH_HY_DIESEL_MD,34.07149558246745,,10000.0,27757.366021124577
YEAR_2040,SEMI_SH_PROPANE_MD,,,10000.0,
YEAR_2040,TRUCK_SH_BIODIESEL_B100_MD,,,10000.0,
YEAR_2040,TRUCK_SH_BIODIESEL_B20_MD,,,10000.0,
YEAR_2040,TRUCK_SH_CNG_MD,,,10000.0,
YEAR_2040,TRUCK_SH_CSNG_MD,,,10000.0,
YEAR_2040,TRUCK_SH_DIESEL_MD,,,10000.0,
YEAR_2040,TRUCK_SH_GASOLINE_MD,,,10000.0,
YEAR_2040,TRUCK_SH_EV_MD,,,10000.0,
YEAR_2040,TRUCK_SH_HY_DIESEL_MD,,,10000.0,
YEAR_2040,TRUCK_SH_PROPANE_MD,,,10000.0,
YEAR_2040,TRAIN_FREIGHT_DIESEL_LD,1.713142326562547,,10000.0,5132.437358995265
YEAR_2040,TRAIN_FREIGHT_BIODIESEL_LD,,,10000.0,
YEAR_2040,TRAIN_FREIGHT_ELEC_LD,0.9368548171395783,,10000.0,2806.742083764806
YEAR_2040,TRAIN_FREIGHT_H2_LD,,,10000.0,
YEAR_2040,TRAIN_FREIGHT_NG_LD,,,10000.0,
YEAR_2040,TRAIN_FREIGHT_SNG_LD,,,10000.0,
YEAR_2040,SEMI_LH_BIODIESEL_B100_LD,,,10000.0,
YEAR_2040,SEMI_LH_BIODIESEL_B20_LD,,,10000.0,
YEAR_2040,SEMI_LH_CNG_LD,5.076118448193568,,10000.0,4135.412177374335
YEAR_2040,SEMI_LH_CSNG_LD,,,10000.0,
YEAR_2040,SEMI_LH_DIESEL_LD,,,10000.0,
YEAR_2040,SEMI_LH_EV_LD,,,10000.0,
YEAR_2040,SEMI_LH_FC_H2_LD,,,10000.0,
YEAR_2040,SEMI_LH_HY_DIESEL_LD,11.35426336404665,,10000.0,9250.091277421527
YEAR_2040,SEMI_LH_PROPANE_LD,,,10000.0,
YEAR_2040,TRUCK_LH_BIODIESEL_B100_LD,,,10000.0,
YEAR_2040,TRUCK_LH_BIODIESEL_B20_LD,,,10000.0,
YEAR_2040,TRUCK_LH_CNG_LD,,,10000.0,
YEAR_2040,TRUCK_LH_CSNG_LD,,,10000.0,
YEAR_2040,TRUCK_LH_DIESEL_LD,,,10000.0,
YEAR_2040,TRUCK_LH_GASOLINE_LD,,,10000.0,
YEAR_2040,TRUCK_LH_EV_LD,,,10000.0,
YEAR_2040,TRUCK_LH_HY_DIESEL_LD,,,10000.0,
YEAR_2040,TRUCK_LH_PROPANE_LD,,,10000.0,
YEAR_2040,TRAIN_FREIGHT_DIESEL_ELD,5.138538787082098,,10000.0,15394.651122995005
YEAR_2040,TRAIN_FREIGHT_BIODIESEL_ELD,,,10000.0,
YEAR_2040,TRAIN_FREIGHT_ELEC_ELD,2.809998488295119,,10000.0,8418.530671053111
YEAR_2040,TRAIN_FREIGHT_H2_ELD,,,10000.0,
YEAR_2040,TRAIN_FREIGHT_NG_ELD,,,10000.0,
YEAR_2040,TRAIN_FREIGHT_SNG_ELD,,,10000.0,
YEAR_2040,SEMI_LH_BIODIESEL_B100_ELD,,,10000.0,
YEAR_2040,SEMI_LH_BIODIESEL_B20_ELD,,,10000.0,
YEAR_2040,SEMI_LH_CNG_ELD,7.304471310051675,,10000.0,5950.806686872898
YEAR_2040,SEMI_LH_CSNG_ELD,,,10000.0,
YEAR_2040,SEMI_LH_DIESEL_ELD,,,10000.0,
YEAR_2040,SEMI_LH_EV_ELD,,,10000.0,
YEAR_2040,SEMI_LH_FC_H2_ELD,,,10000.0,
YEAR_2040,SEMI_LH_HY_DIESEL_ELD,17.16201298626781,,10000.0,13981.548739652662
YEAR_2040,SEMI_LH_PROPANE_ELD,,,10000.0,
YEAR_2040,PLANE_FREIGHT_ELD,0.1132712101434208,,10000.0,595.3534805138194
YEAR_2040,PLANE_FREIGHT_BIO_ELD,0.0159419965377905,,10000.0,83.79113380262686
YEAR_2040,BULK_CARRIER_ELD,1.698755279735989,,10000.0,8184.602937767997
YEAR_2040,CONTAINER_ELD,0.6634654079169386,,10000.0,
YEAR_2040,OIL_TANKER_ELD,1.786068067993724,,10000.0,7510.059012300015
YEAR_2040,BULK_CARRIER_BIO_ELD,,,10000.0,
YEAR_2040,CONTAINER_BIO_ELD,,,10000.0,
YEAR_2040,OIL_TANKER_BIO_ELD,,,10000.0,
YEAR_2040,BULK_CARRIER_MEOH_ELD,5.799034018704525,,10000.0,27939.745902118397
YEAR_2040,CONTAINER_MEOH_ELD,1.757000750386436,,10000.0,10773.928601369626
YEAR_2040,OIL_TANKER_MEOH_ELD,2.132732625270139,,10000.0,8967.714142735884
YEAR_2040,BULK_CARRIER_BIOMEOH_ELD,,,10000.0,
YEAR_2040,CONTAINER_BIOMEOH_ELD,,,10000.0,
YEAR_2040,OIL_TANKER_BIOMEOH_ELD,,,10000.0,
YEAR_2040,ETHANE_OXIDATION,,,10000.0,
YEAR_2040,METHANOL_CARBONYLATION,,,10000.0,
YEAR_2040,BIOMETHANOL_CARBONYLATION,,,10000.0,
YEAR_2040,CUMENE_PROCESS,,,10000.0,
YEAR_2040,CO2_METHANOL,,,10000.0,
YEAR_2040,METHANE_TO_METHANOL,,,10000.0,
YEAR_2040,METHANOL_FT,0.5156722715150202,,10000.0,3839.695733700839
YEAR_2040,BIOMETHANE_TO_BIOMETHANOL,,,10000.0,
YEAR_2040,BIOMETHANOL_FT,,,10000.0,
YEAR_2040,WOOD_METHANOL,,,10000.0,
YEAR_2040,ETHYLENE_POLYMERIZATION,,,10000.0,
YEAR_2040,STYRENE_POLYMERIZATION,,,10000.0,
YEAR_2040,DHN_TH_STORAGE,,,10000.0,
YEAR_2040,DEC_TH_STORAGE,,,10000.0,
YEAR_2040,DHN,0.5394937567701689,,10000.0,
YEAR_2040,BATTERY,,,10000.0,
YEAR_2040,EHV_GRID,35.5217144163113,,10000.0,254181.56120800003
YEAR_2040,HV_GRID,30.68054053956114,,10000.0,202325.8717164598
YEAR_2040,MV_GRID,23.89525282676702,,10000.0,137501.99090962845
YEAR_2040,LV_GRID,21.7944833343204,,10000.0,97401.57138549695
YEAR_2040,EHP_H2_GRID,0.6765995072599321,,10000.0,894.1757941445187
YEAR_2040,HP_H2_GRID,5.353670881556109,,10000.0,35343.89178875983
YEAR_2040,MP_H2_GRID,4.79506699428343,,10000.0,28366.12324415345
YEAR_2040,LP_H2_GRID,,,10000.0,
YEAR_2040,EHP_NG_GRID,29.27657767194914,,10000.0,166260.84234179815
YEAR_2040,HP_NG_GRID,29.27657767194914,,10000.0,166260.84234179815
YEAR_2040,MP_NG_GRID,25.35338504679456,,10000.0,127488.58870486029
YEAR_2040,LP_NG_GRID,18.81813432953997,,10000.0,71479.36773321911
YEAR_2040,ALKALINE_ELECTROLYSIS,,,10000.0,
YEAR_2040,AN_DIG,,,10000.0,
YEAR_2040,ATR,,,10000.0,
YEAR_2040,BIOGAS_BIOMETHANE,,,10000.0,
YEAR_2040,BIOMASS_GAS_EF_H2,,,10000.0,
YEAR_2040,BIOMASS_GAS_FB_H2,,,10000.0,
YEAR_2040,CO2_TO_DIESEL,1.932680461810332,,10000.0,16930.280845458507
YEAR_2040,CO2_STO,921.5107161725398,,10000.0,1376.3454159754394
YEAR_2040,CO2_TO_JETFUELS,0.2232599769615772,,10000.0,1955.7573981834164
YEAR_2040,COAL_GAS_H2,,,10000.0,
YEAR_2040,COAL_GAS_H2_ADV,,,10000.0,
YEAR_2040,CROPS_TO_ETHANOL,,,10000.0,
YEAR_2040,CROPS_TO_JETFUELS,,,10000.0,
YEAR_2040,DIE_STO,,,10000.0,
YEAR_2040,ELEC_STO,,,10000.0,
YEAR_2040,ETHANE_CRACKING,,,10000.0,
YEAR_2040,ETHANE_TO_ETHYLENE,,,10000.0,
YEAR_2040,ETHANOL_TO_JETFUELS,,,10000.0,
YEAR_2040,FT,,,10000.0,
YEAR_2040,GASIFICATION_H2,,,10000.0,
YEAR_2040,GASIFICATION_SNG,,,10000.0,
YEAR_2040,GASO_STO,,,10000.0,
YEAR_2040,BIOETHANOL_TO_BIOJETFUELS,,,10000.0,
YEAR_2040,H2_COMP_HE,0.06922305189788085,,10000.0,447.0878970722594
YEAR_2040,H2_COMP_LM,,,10000.0,
YEAR_2040,H2_COMP_MH,,,10000.0,
YEAR_2040,H2_EXP_EH,0.5159221727624814,,10000.0,447.0878970722594
YEAR_2040,H2_EXP_EH_COGEN,,,10000.0,
YEAR_2040,H2_EXP_HM,3.238141922848569,,10000.0,28366.12324415345
YEAR_2040,H2_EXP_HM_COGEN,,,10000.0,
YEAR_2040,H2_EXP_ML,,,10000.0,
YEAR_2040,H2_EXP_ML_COGEN,,,10000.0,
YEAR_2040,H2_STO,503.3900334013895,,10000.0,447.0878970722594
YEAR_2040,HYDRO_GAS,,,10000.0,
YEAR_2040,LT_DEC_WH,0.1,,0.1,2.6368166738739798
YEAR_2040,LT_DHN_WH,0.1,,0.1,
YEAR_2040,METATHESIS_PROPYLENE,,,10000.0,
YEAR_2040,METHANATION,,,10000.0,
YEAR_2040,METHANOL_TO_AROMATICS,,,10000.0,
YEAR_2040,METHANOL_TO_OLEFINS,,,10000.0,
YEAR_2040,BIOMETHANOL_TO_AROMATICS,,,10000.0,
YEAR_2040,BIOMETHANOL_TO_OLEFINS,,,10000.0,
YEAR_2040,NG_COMP_HE,,,10000.0,
YEAR_2040,NG_COMP_LM,,,10000.0,
YEAR_2040,NG_COMP_MH,,,10000.0,
YEAR_2040,NG_EXP_EH,29.27220250358175,,10000.0,166260.84234179815
YEAR_2040,NG_EXP_EH_COGEN,,,10000.0,
YEAR_2040,NG_EXP_HM,25.35338504679456,,10000.0,127488.58870486029
YEAR_2040,NG_EXP_HM_COGEN,,,10000.0,
YEAR_2040,NG_EXP_ML,18.81813432953997,,10000.0,71479.36773321911
YEAR_2040,SNG_COMP_HE,,,10000.0,
YEAR_2040,SNG_COMP_LM,,,10000.0,
YEAR_2040,SNG_COMP_MH,,,10000.0,
YEAR_2040,SNG_EXP_EH,,,10000.0,
YEAR_2040,SNG_EXP_EH_COGEN,,,10000.0,
YEAR_2040,SNG_EXP_HM,,,10000.0,
YEAR_2040,SNG_EXP_HM_COGEN,,,10000.0,
YEAR_2040,SNG_EXP_ML,,,10000.0,
YEAR_2040,NG_EXP_ML_COGEN,,,10000.0,
YEAR_2040,NG_PYROLYSIS_PLASMA,,,10000.0,
YEAR_2040,NG_PYROLYSIS_THERMAL,,,10000.0,
YEAR_2040,NG_REFORMING,,,10000.0,
YEAR_2040,NG_STO,,,10000.0,
YEAR_2040,PEM_ELECTROLYSIS,,,10000.0,
YEAR_2040,PYROLYSIS,,,10000.0,
YEAR_2040,SNG_EXP_ML_COGEN,,,10000.0,
YEAR_2040,SNG_PYROLYSIS_PLASMA,,,10000.0,
YEAR_2040,SNG_PYROLYSIS_THERMAL,,,10000.0,
YEAR_2040,SNG_REFORMING,,,10000.0,
YEAR_2040,SNG_STO,,,10000.0,
YEAR_2040,SMART_PROCESS,,,10000.0,
YEAR_2040,SMR,4.686651073286002,,10000.0,34896.803891687574
YEAR_2040,SOEC_ELECTROLYSIS,,,10000.0,
YEAR_2040,STO_CO2,921.5107161725398,,10000.0,1376.3454159754392
YEAR_2040,STO_DIE,,,10000.0,
YEAR_2040,STO_ELEC,,,10000.0,
YEAR_2040,STO_GASO,,,10000.0,
YEAR_2040,STO_H2,503.3900334013895,,10000.0,447.0878970722594
YEAR_2040,STO_NG,,,10000.0,
YEAR_2040,STO_SNG,,,10000.0,
YEAR_2040,DAC_HT,,,10000.0,
YEAR_2040,DAC_LT,,,10000.0,
YEAR_2040,CARBON_CAPTURE,,,10000.0,
YEAR_2040,CARBON_CAPTURE_AMINES,,,10000.0,
YEAR_2040,CARBON_CAPTURE_MEMBRANES,1.18653654460897,,10000.0,8187.210572769152
YEAR_2040,CARBON_CAPTURE_MOF,,,10000.0,
YEAR_2040,CARBON_MINERALIZATION,,,10000.0,
YEAR_2040,CARBON_TRANSPORT_INJECTION,0.2139108715154392,,10000.0,606.9583306057366
YEAR_2040,CAR_BIODIESEL_B100,,,10000.0,
YEAR_2040,CAR_BIODIESEL_B20,,,10000.0,
YEAR_2040,CAR_CNG,,,10000.0,
YEAR_2040,CAR_CSNG,,,10000.0,
YEAR_2040,CAR_DIESEL,,,10000.0,
YEAR_2040,CAR_ETOH_E10,,,10000.0,
YEAR_2040,CAR_ETOH_E85,,,10000.0,
YEAR_2040,CAR_BIOETOH_E10,,,10000.0,
YEAR_2040,CAR_BIOETOH_E85,,,10000.0,
YEAR_2040,CAR_EV,100.3071783624297,,10000.0,44813.23500519909
YEAR_2040,CAR_FC_H2,,,10000.0,
YEAR_2040,CAR_GASOLINE,,,10000.0,
YEAR_2040,CAR_HEV,42.02867174783113,,10000.0,18776.729390061024
YEAR_2040,CAR_MEOH,,,10000.0,
YEAR_2040,CAR_BIOMEOH,,,10000.0,
YEAR_2040,CAR_PHEV,,,10000.0,
YEAR_2040,CAR_PROPANE,,,10000.0,
YEAR_2040,SUV_BIODIESEL_B100,,,10000.0,
YEAR_2040,SUV_BIODIESEL_B20,,,10000.0,
YEAR_2040,SUV_CNG,,,10000.0,
YEAR_2040,SUV_CSNG,,,10000.0,
YEAR_2040,SUV_DIESEL,,,10000.0,
YEAR_2040,SUV_ETOH_E10,,,10000.0,
YEAR_2040,SUV_ETOH_E85,,,10000.0,
YEAR_2040,SUV_BIOETOH_E10,,,10000.0,
YEAR_2040,SUV_BIOETOH_E85,,,10000.0,
YEAR_2040,SUV_EV,123.0180837269144,,10000.0,54959.55908583626
YEAR_2040,SUV_FC_H2,,,10000.0,
YEAR_2040,SUV_GASOLINE,,,10000.0,
YEAR_2040,SUV_HY_GASOLINE,,,10000.0,
YEAR_2040,SUV_PHEV_GASOLINE,,,10000.0,
YEAR_2040,SUV_PROPANE,,,10000.0,
YEAR_2040,BUS_BIODIESEL_B100,,,10000.0,
YEAR_2040,BUS_BIODIESEL_B20,,,10000.0,
YEAR_2040,BUS_CNG,0.580767225616576,,10000.0,1510.9937062311583
YEAR_2040,BUS_CSNG,,,10000.0,
YEAR_2040,BUS_DIESEL,,,10000.0,
YEAR_2040,BUS_GASOLINE,,,10000.0,
YEAR_2040,BUS_EV,,,10000.0,
YEAR_2040,BUS_FC_H2,,,10000.0,
YEAR_2040,BUS_HY_DIESEL,,,10000.0,
YEAR_2040,BUS_PROPANE,,,10000.0,
YEAR_2040,SCHOOLBUS_BIODIESEL_B100,,,10000.0,
YEAR_2040,SCHOOLBUS_BIODIESEL_B20,,,10000.0,
YEAR_2040,SCHOOLBUS_CNG,,,10000.0,
YEAR_2040,SCHOOLBUS_CSNG,,,10000.0,
YEAR_2040,SCHOOLBUS_DIESEL,,,10000.0,
YEAR_2040,SCHOOLBUS_ETOH_E10,,,10000.0,
YEAR_2040,SCHOOLBUS_BIOETOH_E10,,,10000.0,
YEAR_2040,SCHOOLBUS_EV,,,10000.0,
YEAR_2040,SCHOOLBUS_GASOLINE,1.468027140487667,,10000.0,3819.395571949574
YEAR_2040,SCHOOLBUS_HY_DIESEL,,,10000.0,
YEAR_2040,SCHOOLBUS_PROPANE,,,10000.0,
YEAR_2040,COACH_BIODIESEL_B100,,,10000.0,
YEAR_2040,COACH_BIODIESEL_B20,,,10000.0,
YEAR_2040,COACH_CNG,0.117756061834527,,10000.0,306.3683011961255
YEAR_2040,COACH_CSNG,,,10000.0,
YEAR_2040,COACH_DIESEL,,,10000.0,
YEAR_2040,COACH_ETOH_E10,,,10000.0,
YEAR_2040,COACH_BIOETOH_E10,,,10000.0,
YEAR_2040,COACH_EV,,,10000.0,
YEAR_2040,COACH_GASOLINE,0.0595659207270709,,10000.0,154.9738472740349
YEAR_2040,COACH_HY_DIESEL,,,10000.0,
YEAR_2040,COACH_PROPANE,,,10000.0,
YEAR_2040,COMMUTER_RAIL_DIESEL,0.01513326888152733,,10000.0,45.33806290754534
YEAR_2040,COMMUTER_RAIL_ELEC,0.6559530555825676,,10000.0,1965.1828782809262
YEAR_2040,TRAIN_DIESEL,0.01983586251799352,,10000.0,
YEAR_2040,TRAIN_BIODIESEL,,,10000.0,
YEAR_2040,TRAIN_ELEC,0.02299081296720264,,10000.0,55.04734346303716
YEAR_2040,TRAIN_H2,,,10000.0,
YEAR_2040,TRAIN_NG,,,10000.0,
YEAR_2040,TRAIN_SNG,,,10000.0,
YEAR_2040,PLANE_SH,16.12100588109212,,10000.0,49285.78401991007
YEAR_2040,PLANE_LH,,,10000.0,
YEAR_2040,PLANE_SH_BIO,1.769326727690225,,10000.0,5409.256444963656
YEAR_2040,PLANE_LH_BIO,,,10000.0,
YEAR_2040,LCV_BIODIESEL_B100,,,10000.0,
YEAR_2040,LCV_BIODIESEL_B20,,,10000.0,
YEAR_2040,LCV_CNG,,,10000.0,
YEAR_2040,LCV_CSNG,,,10000.0,
YEAR_2040,LCV_DIESEL,,,10000.0,
YEAR_2040,LCV_GASOLINE,,,10000.0,
YEAR_2040,LCV_ETOH_E10,,,10000.0,
YEAR_2040,LCV_ETOH_E85,,,10000.0,
YEAR_2040,LCV_EV,,,10000.0,
YEAR_2040,LCV_FC_H2,14.73135331457564,,10000.0,12001.338918318477
YEAR_2040,LCV_PHEV_DIESEL,,,10000.0,
YEAR_2040,LCV_PROPANE,,,10000.0,
YEAR_2040,TRUCK_SH_BIODIESEL_B100,,,10000.0,
YEAR_2040,TRUCK_SH_BIODIESEL_B20,,,10000.0,
YEAR_2040,TRUCK_SH_CNG,,,10000.0,
YEAR_2040,TRUCK_SH_CSNG,,,10000.0,
YEAR_2040,TRUCK_SH_DIESEL,,,10000.0,
YEAR_2040,TRUCK_SH_GASOLINE,,,10000.0,
YEAR_2040,TRUCK_SH_EV,,,10000.0,
YEAR_2040,TRUCK_SH_HY_DIESEL,,,10000.0,
YEAR_2040,TRUCK_SH_PROPANE,,,10000.0,
YEAR_2040,SEMI_SH_BIODIESEL_B100,,,10000.0,
YEAR_2040,SEMI_SH_BIODIESEL_B20,,,10000.0,
YEAR_2040,SEMI_SH_CNG,,,10000.0,
YEAR_2040,SEMI_SH_CSNG,,,10000.0,
YEAR_2040,SEMI_SH_DIESEL,,,10000.0,
YEAR_2040,SEMI_SH_EV,,,10000.0,
YEAR_2040,SEMI_SH_FC_H2,,,10000.0,
YEAR_2040,SEMI_SH_HY_DIESEL,34.07149558246745,,10000.0,27757.366021124577
YEAR_2040,SEMI_SH_PROPANE,,,10000.0,
YEAR_2040,SEMI_LH_BIODIESEL_B100,,,10000.0,
YEAR_2040,SEMI_LH_BIODIESEL_B20,,,10000.0,
YEAR_2040,SEMI_LH_CNG,12.38058975824524,,10000.0,10086.21886424723
YEAR_2040,SEMI_LH_CSNG,,,10000.0,
YEAR_2040,SEMI_LH_DIESEL,,,10000.0,
YEAR_2040,SEMI_LH_EV,,,10000.0,
YEAR_2040,SEMI_LH_FC_H2,,,10000.0,
YEAR_2040,SEMI_LH_HY_DIESEL,28.51627635031446,,10000.0,23231.640017074184
YEAR_2040,SEMI_LH_PROPANE,,,10000.0,
YEAR_2040,TRAIN_FREIGHT_DIESEL,6.851681113644645,,10000.0,20527.088481990268
YEAR_2040,TRAIN_FREIGHT_BIODIESEL,,,10000.0,
YEAR_2040,TRAIN_FREIGHT_ELEC,3.746853305434697,,10000.0,11225.272754817914
YEAR_2040,TRAIN_FREIGHT_H2,,,10000.0,
YEAR_2040,TRAIN_FREIGHT_NG,,,10000.0,
YEAR_2040,TRAIN_FREIGHT_SNG,,,10000.0,
YEAR_2040,TRUCK_LH_BIODIESEL_B100,,,10000.0,
YEAR_2040,TRUCK_LH_BIODIESEL_B20,,,10000.0,
YEAR_2040,TRUCK_LH_CNG,,,10000.0,
YEAR_2040,TRUCK_LH_CSNG,,,10000.0,
YEAR_2040,TRUCK_LH_DIESEL,,,10000.0,
YEAR_2040,TRUCK_LH_GASOLINE,,,10000.0,
YEAR_2040,TRUCK_LH_EV,,,10000.0,
YEAR_2040,TRUCK_LH_HY_DIESEL,,,10000.0,
YEAR_2040,TRUCK_LH_PROPANE,,,10000.0,
YEAR_2040,PLANE_FREIGHT,0.1132712101434208,,10000.0,595.3534805138194
YEAR_2040,PLANE_FREIGHT_BIO,0.0159419965377905,,10000.0,83.79113380262686
YEAR_2040,BULK_CARRIER,1.698755279735989,,10000.0,8184.602937767997
YEAR_2040,CONTAINER,0.6634654079169386,,10000.0,
YEAR_2040,OIL_TANKER,1.786068067993724,,10000.0,7510.059012300015
YEAR_2040,BULK_CARRIER_BIO,,,10000.0,
YEAR_2040,CONTAINER_BIO,,,10000.0,
YEAR_2040,OIL_TANKER_BIO,,,10000.0,
YEAR_2040,BULK_CARRIER_MEOH,5.799034018704525,,10000.0,27939.745902118397
YEAR_2040,CONTAINER_MEOH,1.757000750386436,,10000.0,10773.928601369626
YEAR_2040,OIL_TANKER_MEOH,2.132732625270139,,10000.0,8967.714142735884
YEAR_2040,BULK_CARRIER_BIOMEOH,,,10000.0,
YEAR_2040,CONTAINER_BIOMEOH,,,10000.0,
YEAR_2040,OIL_TANKER_BIOMEOH,,,10000.0,
YEAR_2045,PV_ROOF,0.3,,10000.0,345.63599999999997
YEAR_2045,PV_GROUND,,,10000.0,
YEAR_2045,TRAFO_ML,21.7935393343204,,10000.0,95159.73796964911
YEAR_2045,AN_DIG_SI,,,10000.0,
YEAR_2045,HYDRO_GAS_CHP,,,10000.0,
YEAR_2045,TIDAL,,,10000.0,
YEAR_2045,TRAFO_HM,22.32240482676702,,10000.0,108747.80586369154
YEAR_2045,TRAFO_LM,,,10000.0,
YEAR_2045,WIND_OFFSHORE,,,2179.0,
YEAR_2045,WIND_ONSHORE,10.0,,3984.322,29025.84
YEAR_2045,NEW_WIND_ONSHORE,,,3984.322,
YEAR_2045,CCGT,,,10000.0,
YEAR_2045,COAL_IGCC,,,10000.0,
YEAR_2045,COAL_US,,,10000.0,
YEAR_2045,H2_CCGT,,,10000.0,
YEAR_2045,H2_NG_CCGT,,,10000.0,
YEAR_2045,OCGT_LARGE,,,10000.0,
YEAR_2045,OCGT_SMALL,,,10000.0,
YEAR_2045,TRAFO_EH,29.50766777580089,,10000.0,201896.2296550703
YEAR_2045,TRAFO_MH,,,10000.0,
YEAR_2045,CCGT_BIOGAS,,,10000.0,
YEAR_2045,H2_SNG_CCGT,,,10000.0,
YEAR_2045,OCGT_BIOGAS_SMALL,,,10000.0,
YEAR_2045,OCGT_BIOGAS_LARGE,,,10000.0,
YEAR_2045,NUCLEAR,,,12.0,
YEAR_2045,TRAFO_HE,,,10000.0,
YEAR_2045,HYDRO_RIVER,15.13,15.13,15.13,73573.19568
YEAR_2045,NEW_HYDRO_DAM,4.0,,15.11,18800.832
YEAR_2045,NEW_HYDRO_RIVER,,,25.33,
YEAR_2045,HYDRO_DAM,26.357,26.357,26.357,127918.533528
YEAR_2045,IND_BOILER_COAL,,,10000.0,
YEAR_2045,IND_BOILER_GAS,6.312145521956865,,10000.0,52529.67503372503
YEAR_2045,IND_BOILER_OIL,,,10000.0,
YEAR_2045,IND_BOILER_WASTE,0.4039439718836955,,10000.0,3184.6942743310556
YEAR_2045,IND_BOILER_WOOD,5.334673628538864,,10000.0,42027.2483561071
YEAR_2045,IND_BOILER_BIOGAS,,,10000.0,
YEAR_2045,IND_BOILER_BIOOIL,,,10000.0,
YEAR_2045,IND_COGEN_GAS,,,10000.0,
YEAR_2045,IND_COGEN_WASTE,,,10000.0,
YEAR_2045,IND_COGEN_WOOD,,,10000.0,
YEAR_2045,IND_DIRECT_ELEC,1.569793639213231,,10000.0,7742.135991229642
YEAR_2045,IND_COGEN_BIOGAS,,,10000.0,
YEAR_2045,DHN_BOILER_GAS,1.481674452489014,,10000.0,2463.864898806116
YEAR_2045,DHN_BOILER_OIL,,,10000.0,
YEAR_2045,DHN_BOILER_WOOD,0.1175307858820396,,10000.0,174.88580939247493
YEAR_2045,DHN_BOILER_BIOGAS,,,10000.0,
YEAR_2045,DHN_BOILER_BIOOIL,,,10000.0,
YEAR_2045,DHN_COGEN_GAS,,,10000.0,
YEAR_2045,DHN_COGEN_WASTE,,,10000.0,
YEAR_2045,DHN_COGEN_WOOD,,,10000.0,
YEAR_2045,DHN_COGEN_BIOGAS,,,10000.0,
YEAR_2045,DHN_DEEP_GEO,,,10000.0,
YEAR_2045,DHN_HP_ELEC,3.310300019391002,,10000.0,15998.861852930893
YEAR_2045,AFC,0.004359250374513502,,10000.0,6.4865645572760915
YEAR_2045,DEC_ADVCOGEN_H2,,,10000.0,
YEAR_2045,DEC_BOILER_GAS,16.90107077097811,,10000.0,64166.84333364388
YEAR_2045,DEC_BOILER_OIL,,,10000.0,
YEAR_2045,DEC_BOILER_WOOD,0.001415448186020141,,10000.0,11.859931832866346
YEAR_2045,DEC_BOILER_BIOGAS,,,10000.0,
YEAR_2045,DEC_BOILER_BIOOIL,,,10000.0,
YEAR_2045,DEC_COGEN_GAS,,,10000.0,
YEAR_2045,DEC_COGEN_OIL,,,10000.0,
YEAR_2045,DEC_COGEN_WOOD,,,10000.0,
YEAR_2045,DEC_COGEN_BIOGAS,,,10000.0,
YEAR_2045,DEC_COGEN_BIOOIL,,,10000.0,
YEAR_2045,DEC_DIRECT_ELEC,7.596589145295912,,10000.0,28844.88836731769
YEAR_2045,DEC_HP_ELEC,0.001668965485469679,,10000.0,12.822341883698666
YEAR_2045,DEC_RENOVATION,,,10000.0,
YEAR_2045,DEC_SOLAR,0.0213585717418935,,10000.0,24.60763767527034
YEAR_2045,PAFC,,,10000.0,
YEAR_2045,PEMFC,,,10000.0,
YEAR_2045,SOFC,,,10000.0,
YEAR_2045,COMMUTER_RAIL_DIESEL_SD,,,10000.0,
YEAR_2045,COMMUTER_RAIL_ELEC_SD,0.6494563249003715,,10000.0,1945.7191928955215
YEAR_2045,TRAMWAY_SD,,,10000.0,
YEAR_2045,BUS_BIODIESEL_B100_SD,,,10000.0,
YEAR_2045,BUS_BIODIESEL_B20_SD,,,10000.0,
YEAR_2045,BUS_CNG_SD,0.5769673572836835,,10000.0,1501.1075127921054
YEAR_2045,BUS_CSNG_SD,,,10000.0,
YEAR_2045,BUS_DIESEL_SD,,,10000.0,
YEAR_2045,BUS_GASOLINE_SD,,,10000.0,
YEAR_2045,BUS_EV_SD,,,10000.0,
YEAR_2045,BUS_FC_H2_SD,,,10000.0,
YEAR_2045,BUS_HY_DIESEL_SD,,,10000.0,
YEAR_2045,BUS_PROPANE_SD,,,10000.0,
YEAR_2045,SCHOOLBUS_BIODIESEL_B100_SD,,,10000.0,
YEAR_2045,SCHOOLBUS_BIODIESEL_B20_SD,,,10000.0,
YEAR_2045,SCHOOLBUS_CNG_SD,,,10000.0,
YEAR_2045,SCHOOLBUS_CSNG_SD,,,10000.0,
YEAR_2045,SCHOOLBUS_DIESEL_SD,,,10000.0,
YEAR_2045,SCHOOLBUS_ETOH_E10_SD,,,10000.0,
YEAR_2045,SCHOOLBUS_BIOETOH_E10_SD,,,10000.0,
YEAR_2045,SCHOOLBUS_EV_SD,,,10000.0,
YEAR_2045,SCHOOLBUS_GASOLINE_SD,1.45842207050966,,10000.0,3794.4058692863905
YEAR_2045,SCHOOLBUS_HY_DIESEL_SD,,,10000.0,
YEAR_2045,SCHOOLBUS_PROPANE_SD,,,10000.0,
YEAR_2045,CAR_GASOLINE_SD,,,10000.0,
YEAR_2045,CAR_EV_SD,45.28114697361165,,10000.0,20229.80522193074
YEAR_2045,SUV_GASOLINE_SD,,,10000.0,
YEAR_2045,CAR_MEOH_SD,,,10000.0,
YEAR_2045,CAR_ETOH_E10_SD,,,10000.0,
YEAR_2045,SUV_CNG_SD,,,10000.0,
YEAR_2045,CAR_BIODIESEL_B100_SD,,,10000.0,
YEAR_2045,SUV_BIODIESEL_B100_SD,,,10000.0,
YEAR_2045,SUV_DIESEL_SD,,,10000.0,
YEAR_2045,SUV_HY_GASOLINE_SD,,,10000.0,
YEAR_2045,CAR_PROPANE_SD,,,10000.0,
YEAR_2045,CAR_PHEV_SD,,,10000.0,
YEAR_2045,SUV_BIODIESEL_B20_SD,,,10000.0,
YEAR_2045,CAR_CNG_SD,,,10000.0,
YEAR_2045,SUV_PHEV_GASOLINE_SD,,,10000.0,
YEAR_2045,CAR_DIESEL_SD,,,10000.0,
YEAR_2045,CAR_HEV_SD,21.88986377747287,,10000.0,9779.515541223778
YEAR_2045,SUV_PROPANE_SD,,,10000.0,
YEAR_2045,CAR_BIODIESEL_B20_SD,,,10000.0,
YEAR_2045,CAR_FC_H2_SD,,,10000.0,
YEAR_2045,CAR_ETOH_E85_SD,,,10000.0,
YEAR_2045,SUV_ETOH_E10_SD,,,10000.0,
YEAR_2045,SUV_EV_SD,58.0545872188717,,10000.0,25936.46738590311
YEAR_2045,SUV_ETOH_E85_SD,,,10000.0,
YEAR_2045,SUV_FC_H2_SD,,,10000.0,
YEAR_2045,CAR_CSNG_SD,,,10000.0,
YEAR_2045,CAR_BIOETOH_E10_SD,,,10000.0,
YEAR_2045,CAR_BIOETOH_E85_SD,,,10000.0,
YEAR_2045,CAR_BIOMEOH_SD,,,10000.0,
YEAR_2045,SUV_CSNG_SD,,,10000.0,
YEAR_2045,SUV_BIOETOH_E10_SD,,,10000.0,
YEAR_2045,SUV_BIOETOH_E85_SD,,,10000.0,
YEAR_2045,COMMUTER_RAIL_DIESEL_MD,0.01433267144784622,,10000.0,42.939537044031454
YEAR_2045,COMMUTER_RAIL_ELEC_MD,0.002906516168340256,,10000.0,8.70768991905323
YEAR_2045,COACH_BIODIESEL_B100_MD,,,10000.0,
YEAR_2045,COACH_BIODIESEL_B20_MD,,,10000.0,
YEAR_2045,COACH_CNG_MD,0.01749317831300711,,10000.0,45.512351880516846
YEAR_2045,COACH_CSNG_MD,,,10000.0,
YEAR_2045,COACH_DIESEL_MD,,,10000.0,
YEAR_2045,COACH_ETOH_E10_MD,,,10000.0,
YEAR_2045,COACH_BIOETOH_E10_MD,,,10000.0,
YEAR_2045,COACH_EV_MD,,,10000.0,
YEAR_2045,COACH_GASOLINE_MD,0.04516264234718703,,10000.0,117.5005498475234
YEAR_2045,COACH_HY_DIESEL_MD,,,10000.0,
YEAR_2045,COACH_PROPANE_MD,,,10000.0,
YEAR_2045,SUV_PHEV_GASOLINE_MD,,,10000.0,
YEAR_2045,SUV_ETOH_E10_MD,,,10000.0,
YEAR_2045,SUV_ETOH_E85_MD,,,10000.0,
YEAR_2045,SUV_HY_GASOLINE_MD,,,10000.0,
YEAR_2045,CAR_BIODIESEL_B100_MD,,,10000.0,
YEAR_2045,CAR_DIESEL_MD,,,10000.0,
YEAR_2045,SUV_DIESEL_MD,,,10000.0,
YEAR_2045,SUV_EV_MD,56.89300373637588,,10000.0,25417.51834926329
YEAR_2045,CAR_MEOH_MD,,,10000.0,
YEAR_2045,CAR_HEV_MD,17.39435987455919,,10000.0,7771.104217558063
YEAR_2045,CAR_ETOH_E10_MD,,,10000.0,
YEAR_2045,SUV_CNG_MD,,,10000.0,
YEAR_2045,SUV_GASOLINE_MD,,,10000.0,
YEAR_2045,SUV_BIODIESEL_B20_MD,,,10000.0,
YEAR_2045,CAR_EV_MD,48.43266170480242,,10000.0,21637.77594323753
YEAR_2045,SUV_PROPANE_MD,,,10000.0,
YEAR_2045,CAR_ETOH_E85_MD,,,10000.0,
YEAR_2045,SUV_BIODIESEL_B100_MD,,,10000.0,
YEAR_2045,CAR_PHEV_MD,,,10000.0,
YEAR_2045,CAR_PROPANE_MD,,,10000.0,
YEAR_2045,SUV_FC_H2_MD,,,10000.0,
YEAR_2045,CAR_GASOLINE_MD,,,10000.0,
YEAR_2045,CAR_FC_H2_MD,,,10000.0,
YEAR_2045,CAR_BIODIESEL_B20_MD,,,10000.0,
YEAR_2045,CAR_CNG_MD,,,10000.0,
YEAR_2045,CAR_CSNG_MD,,,10000.0,
YEAR_2045,CAR_BIOETOH_E10_MD,,,10000.0,
YEAR_2045,CAR_BIOETOH_E85_MD,,,10000.0,
YEAR_2045,CAR_BIOMEOH_MD,,,10000.0,
YEAR_2045,SUV_CSNG_MD,,,10000.0,
YEAR_2045,SUV_BIOETOH_E10_MD,,,10000.0,
YEAR_2045,SUV_BIOETOH_E85_MD,,,10000.0,
YEAR_2045,TRAIN_DIESEL_LD,0.01875087949338194,,10000.0,
YEAR_2045,TRAIN_BIODIESEL_LD,,,10000.0,
YEAR_2045,TRAIN_ELEC_LD,0.02299081296720264,,10000.0,54.687177379218575
YEAR_2045,TRAIN_H2_LD,,,10000.0,
YEAR_2045,TRAIN_NG_LD,,,10000.0,
YEAR_2045,TRAIN_SNG_LD,,,10000.0,
YEAR_2045,COACH_BIODIESEL_B100_LD,,,10000.0,
YEAR_2045,COACH_BIODIESEL_B20_LD,,,10000.0,
YEAR_2045,COACH_CNG_LD,0.03068965408518536,,10000.0,79.84588682650845
YEAR_2045,COACH_CSNG_LD,,,10000.0,
YEAR_2045,COACH_DIESEL_LD,,,10000.0,
YEAR_2045,COACH_ETOH_E10_LD,,,10000.0,
YEAR_2045,COACH_BIOETOH_E10_LD,,,10000.0,
YEAR_2045,COACH_EV_LD,,,10000.0,
YEAR_2045,COACH_GASOLINE_LD,0.08281631805940959,,10000.0,215.4648710215271
YEAR_2045,COACH_HY_DIESEL_LD,,,10000.0,
YEAR_2045,COACH_PROPANE_LD,,,10000.0,
YEAR_2045,PLANE_SH_LD,16.00395225728779,,10000.0,48927.922999070535
YEAR_2045,PLANE_SH_BIO_LD,1.769326727690225,,10000.0,5409.256444963648
YEAR_2045,SUV_GASOLINE_LD,,,10000.0,
YEAR_2045,CAR_CNG_LD,,,10000.0,
YEAR_2045,CAR_GASOLINE_LD,,,10000.0,
YEAR_2045,CAR_ETOH_E85_LD,,,10000.0,
YEAR_2045,CAR_FC_H2_LD,,,10000.0,
YEAR_2045,CAR_HEV_LD,4.290093109348714,,10000.0,1916.6419975326312
YEAR_2045,SUV_DIESEL_LD,,,10000.0,
YEAR_2045,CAR_ETOH_E10_LD,,,10000.0,
YEAR_2045,SUV_PROPANE_LD,,,10000.0,
YEAR_2045,CAR_BIODIESEL_B100_LD,,,10000.0,
YEAR_2045,CAR_MEOH_LD,,,10000.0,
YEAR_2045,SUV_FC_H2_LD,,,10000.0,
YEAR_2045,CAR_BIODIESEL_B20_LD,,,10000.0,
YEAR_2045,CAR_DIESEL_LD,,,10000.0,
YEAR_2045,CAR_EV_LD,4.116443658703361,,10000.0,1839.062368962314
YEAR_2045,CAR_PROPANE_LD,,,10000.0,
YEAR_2045,SUV_EV_LD,7.265604857697506,,10000.0,3245.9816262249383
YEAR_2045,SUV_HY_GASOLINE_LD,,,10000.0,
YEAR_2045,SUV_ETOH_E10_LD,,,10000.0,
YEAR_2045,CAR_PHEV_LD,,,10000.0,
YEAR_2045,SUV_PHEV_GASOLINE_LD,,,10000.0,
YEAR_2045,SUV_BIODIESEL_B100_LD,,,10000.0,
YEAR_2045,SUV_ETOH_E85_LD,,,10000.0,
YEAR_2045,SUV_BIODIESEL_B20_LD,,,10000.0,
YEAR_2045,SUV_CNG_LD,,,10000.0,
YEAR_2045,CAR_CSNG_LD,,,10000.0,
YEAR_2045,CAR_BIOETOH_E10_LD,,,10000.0,
YEAR_2045,CAR_BIOETOH_E85_LD,,,10000.0,
YEAR_2045,CAR_BIOMEOH_LD,,,10000.0,
YEAR_2045,SUV_CSNG_LD,,,10000.0,
YEAR_2045,SUV_BIOETOH_E10_LD,,,10000.0,
YEAR_2045,SUV_BIOETOH_E85_LD,,,10000.0,
YEAR_2045,TRAIN_DIESEL_ELD,,,10000.0,
YEAR_2045,TRAIN_BIODIESEL_ELD,,,10000.0,
YEAR_2045,TRAIN_ELEC_ELD,,,10000.0,
YEAR_2045,TRAIN_H2_ELD,,,10000.0,
YEAR_2045,TRAIN_NG_ELD,,,10000.0,
YEAR_2045,TRAIN_SNG_ELD,,,10000.0,
YEAR_2045,COACH_BIODIESEL_B100_ELD,,,10000.0,
YEAR_2045,COACH_BIODIESEL_B20_ELD,,,10000.0,
YEAR_2045,COACH_CNG_ELD,,,10000.0,
YEAR_2045,COACH_CSNG_ELD,,,10000.0,
YEAR_2045,COACH_DIESEL_ELD,,,10000.0,
YEAR_2045,COACH_ETOH_E10_ELD,,,10000.0,
YEAR_2045,COACH_BIOETOH_E10_ELD,,,10000.0,
YEAR_2045,COACH_EV_ELD,,,10000.0,
YEAR_2045,COACH_GASOLINE_ELD,,,10000.0,
YEAR_2045,COACH_HY_DIESEL_ELD,,,10000.0,
YEAR_2045,COACH_PROPANE_ELD,,,10000.0,
YEAR_2045,PLANE_LH_ELD,,,10000.0,
YEAR_2045,PLANE_LH_BIO_ELD,,,10000.0,
YEAR_2045,CAR_CNG_ELD,,,10000.0,
YEAR_2045,SUV_BIODIESEL_B100_ELD,,,10000.0,
YEAR_2045,CAR_HEV_ELD,,,10000.0,
YEAR_2045,SUV_BIODIESEL_B20_ELD,,,10000.0,
YEAR_2045,CAR_GASOLINE_ELD,,,10000.0,
YEAR_2045,CAR_ETOH_E85_ELD,,,10000.0,
YEAR_2045,SUV_PROPANE_ELD,,,10000.0,
YEAR_2045,CAR_PROPANE_ELD,,,10000.0,
YEAR_2045,CAR_BIODIESEL_B100_ELD,,,10000.0,
YEAR_2045,CAR_ETOH_E10_ELD,,,10000.0,
YEAR_2045,SUV_PHEV_GASOLINE_ELD,,,10000.0,
YEAR_2045,CAR_FC_H2_ELD,,,10000.0,
YEAR_2045,CAR_MEOH_ELD,,,10000.0,
YEAR_2045,SUV_EV_ELD,,,10000.0,
YEAR_2045,CAR_DIESEL_ELD,,,10000.0,
YEAR_2045,CAR_BIODIESEL_B20_ELD,,,10000.0,
YEAR_2045,SUV_ETOH_E10_ELD,,,10000.0,
YEAR_2045,CAR_PHEV_ELD,,,10000.0,
YEAR_2045,CAR_EV_ELD,,,10000.0,
YEAR_2045,SUV_HY_GASOLINE_ELD,,,10000.0,
YEAR_2045,SUV_GASOLINE_ELD,,,10000.0,
YEAR_2045,SUV_FC_H2_ELD,,,10000.0,
YEAR_2045,SUV_CNG_ELD,,,10000.0,
YEAR_2045,SUV_DIESEL_ELD,,,10000.0,
YEAR_2045,SUV_ETOH_E85_ELD,,,10000.0,
YEAR_2045,CAR_CSNG_ELD,,,10000.0,
YEAR_2045,CAR_BIOETOH_E10_ELD,,,10000.0,
YEAR_2045,CAR_BIOETOH_E85_ELD,,,10000.0,
YEAR_2045,CAR_BIOMEOH_ELD,,,10000.0,
YEAR_2045,SUV_CSNG_ELD,,,10000.0,
YEAR_2045,SUV_BIOETOH_E10_ELD,,,10000.0,
YEAR_2045,SUV_BIOETOH_E85_ELD,,,10000.0,
YEAR_2045,LCV_BIODIESEL_B100_SD,,,10000.0,
YEAR_2045,LCV_BIODIESEL_B20_SD,,,10000.0,
YEAR_2045,LCV_CNG_SD,,,10000.0,
YEAR_2045,LCV_CSNG_SD,,,10000.0,
YEAR_2045,LCV_DIESEL_SD,,,10000.0,
YEAR_2045,LCV_GASOLINE_SD,,,10000.0,
YEAR_2045,LCV_ETOH_E10_SD,,,10000.0,
YEAR_2045,LCV_ETOH_E85_SD,,,10000.0,
YEAR_2045,LCV_EV_SD,,,10000.0,
YEAR_2045,LCV_FC_H2_SD,14.97406232912171,,10000.0,12199.069098288875
YEAR_2045,LCV_PHEV_DIESEL_SD,,,10000.0,
YEAR_2045,LCV_PROPANE_SD,,,10000.0,
YEAR_2045,TRUCK_SH_BIODIESEL_B100_SD,,,10000.0,
YEAR_2045,TRUCK_SH_BIODIESEL_B20_SD,,,10000.0,
YEAR_2045,TRUCK_SH_CNG_SD,,,10000.0,
YEAR_2045,TRUCK_SH_CSNG_SD,,,10000.0,
YEAR_2045,TRUCK_SH_DIESEL_SD,,,10000.0,
YEAR_2045,TRUCK_SH_GASOLINE_SD,,,10000.0,
YEAR_2045,TRUCK_SH_EV_SD,,,10000.0,
YEAR_2045,TRUCK_SH_HY_DIESEL_SD,,,10000.0,
YEAR_2045,TRUCK_SH_PROPANE_SD,,,10000.0,
YEAR_2045,LCV_BIODIESEL_B100_MD,,,10000.0,
YEAR_2045,LCV_BIODIESEL_B20_MD,,,10000.0,
YEAR_2045,LCV_CNG_MD,,,10000.0,
YEAR_2045,LCV_CSNG_MD,,,10000.0,
YEAR_2045,LCV_DIESEL_MD,,,10000.0,
YEAR_2045,LCV_GASOLINE_MD,,,10000.0,
YEAR_2045,LCV_ETOH_E10_MD,,,10000.0,
YEAR_2045,LCV_ETOH_E85_MD,,,10000.0,
YEAR_2045,LCV_EV_MD,,,10000.0,
YEAR_2045,LCV_FC_H2_MD,,,10000.0,
YEAR_2045,LCV_PHEV_DIESEL_MD,,,10000.0,
YEAR_2045,LCV_PROPANE_MD,,,10000.0,
YEAR_2045,SEMI_SH_BIODIESEL_B100_MD,,,10000.0,
YEAR_2045,SEMI_SH_BIODIESEL_B20_MD,,,10000.0,
YEAR_2045,SEMI_SH_CNG_MD,,,10000.0,
YEAR_2045,SEMI_SH_CSNG_MD,,,10000.0,
YEAR_2045,SEMI_SH_DIESEL_MD,,,10000.0,
YEAR_2045,SEMI_SH_EV_MD,,,10000.0,
YEAR_2045,SEMI_SH_FC_H2_MD,,,10000.0,
YEAR_2045,SEMI_SH_HY_DIESEL_MD,34.8400956190623,,10000.0,28383.529098937674
YEAR_2045,SEMI_SH_PROPANE_MD,,,10000.0,
YEAR_2045,TRUCK_SH_BIODIESEL_B100_MD,,,10000.0,
YEAR_2045,TRUCK_SH_BIODIESEL_B20_MD,,,10000.0,
YEAR_2045,TRUCK_SH_CNG_MD,,,10000.0,
YEAR_2045,TRUCK_SH_CSNG_MD,,,10000.0,
YEAR_2045,TRUCK_SH_DIESEL_MD,,,10000.0,
YEAR_2045,TRUCK_SH_GASOLINE_MD,,,10000.0,
YEAR_2045,TRUCK_SH_EV_MD,,,10000.0,
YEAR_2045,TRUCK_SH_HY_DIESEL_MD,,,10000.0,
YEAR_2045,TRUCK_SH_PROPANE_MD,,,10000.0,
YEAR_2045,TRAIN_FREIGHT_DIESEL_LD,1.381258214169975,,10000.0,4138.139108996111
YEAR_2045,TRAIN_FREIGHT_BIODIESEL_LD,,,10000.0,
YEAR_2045,TRAIN_FREIGHT_ELEC_LD,1.328518750370829,,10000.0,3980.135894610974
YEAR_2045,TRAIN_FREIGHT_H2_LD,,,10000.0,
YEAR_2045,TRAIN_FREIGHT_NG_LD,,,10000.0,
YEAR_2045,TRAIN_FREIGHT_SNG_LD,,,10000.0,
YEAR_2045,SEMI_LH_BIODIESEL_B100_LD,,,10000.0,
YEAR_2045,SEMI_LH_BIODIESEL_B20_LD,,,10000.0,
YEAR_2045,SEMI_LH_CNG_LD,5.446762349973257,,10000.0,4437.368351276213
YEAR_2045,SEMI_LH_CSNG_LD,,,10000.0,
YEAR_2045,SEMI_LH_DIESEL_LD,,,10000.0,
YEAR_2045,SEMI_LH_EV_LD,,,10000.0,
YEAR_2045,SEMI_LH_FC_H2_LD,,,10000.0,
YEAR_2045,SEMI_LH_HY_DIESEL_LD,11.35426336404665,,10000.0,9250.091277421521
YEAR_2045,SEMI_LH_PROPANE_LD,,,10000.0,
YEAR_2045,TRUCK_LH_BIODIESEL_B100_LD,,,10000.0,
YEAR_2045,TRUCK_LH_BIODIESEL_B20_LD,,,10000.0,
YEAR_2045,TRUCK_LH_CNG_LD,,,10000.0,
YEAR_2045,TRUCK_LH_CSNG_LD,,,10000.0,
YEAR_2045,TRUCK_LH_DIESEL_LD,,,10000.0,
YEAR_2045,TRUCK_LH_GASOLINE_LD,,,10000.0,
YEAR_2045,TRUCK_LH_EV_LD,,,10000.0,
YEAR_2045,TRUCK_LH_HY_DIESEL_LD,,,10000.0,
YEAR_2045,TRUCK_LH_PROPANE_LD,,,10000.0,
YEAR_2045,TRAIN_FREIGHT_DIESEL_ELD,4.143085859100211,,10000.0,12412.353786995502
YEAR_2045,TRAIN_FREIGHT_BIODIESEL_ELD,,,10000.0,
YEAR_2045,TRAIN_FREIGHT_ELEC_ELD,3.984758075297695,,10000.0,11938.016412945874
YEAR_2045,TRAIN_FREIGHT_H2_ELD,,,10000.0,
YEAR_2045,TRAIN_FREIGHT_NG_ELD,,,10000.0,
YEAR_2045,TRAIN_FREIGHT_SNG_ELD,,,10000.0,
YEAR_2045,SEMI_LH_BIODIESEL_B100_ELD,,,10000.0,
YEAR_2045,SEMI_LH_BIODIESEL_B20_ELD,,,10000.0,
YEAR_2045,SEMI_LH_CNG_ELD,7.856397205995439,,10000.0,6400.4496757803645
YEAR_2045,SEMI_LH_CSNG_ELD,,,10000.0,
YEAR_2045,SEMI_LH_DIESEL_ELD,,,10000.0,
YEAR_2045,SEMI_LH_EV_ELD,,,10000.0,
YEAR_2045,SEMI_LH_FC_H2_ELD,,,10000.0,
YEAR_2045,SEMI_LH_HY_DIESEL_ELD,17.1620129862678,,10000.0,13981.548739652653
YEAR_2045,SEMI_LH_PROPANE_ELD,,,10000.0,
YEAR_2045,PLANE_FREIGHT_ELD,0.1161860594532592,,10000.0,610.6739284863304
YEAR_2045,PLANE_FREIGHT_BIO_ELD,0.0159419965377905,,10000.0,83.79113380262683
YEAR_2045,BULK_CARRIER_ELD,,,10000.0,
YEAR_2045,CONTAINER_ELD,0.3317327039584693,,10000.0,
YEAR_2045,OIL_TANKER_ELD,1.046174046909883,,10000.0,4398.952632446681
YEAR_2045,BULK_CARRIER_BIO_ELD,,,10000.0,
YEAR_2045,CONTAINER_BIO_ELD,,,10000.0,
YEAR_2045,OIL_TANKER_BIO_ELD,,,10000.0,
YEAR_2045,BULK_CARRIER_MEOH_ELD,7.666927782990261,,10000.0,36939.25805844708
YEAR_2045,CONTAINER_MEOH_ELD,1.796635959171891,,10000.0,11016.971701642029
YEAR_2045,OIL_TANKER_MEOH_ELD,2.96102870516471,,10000.0,12450.533499476569
YEAR_2045,BULK_CARRIER_BIOMEOH_ELD,,,10000.0,
YEAR_2045,CONTAINER_BIOMEOH_ELD,,,10000.0,
YEAR_2045,OIL_TANKER_BIOMEOH_ELD,,,10000.0,
YEAR_2045,ETHANE_OXIDATION,,,10000.0,
YEAR_2045,METHANOL_CARBONYLATION,,,10000.0,
YEAR_2045,BIOMETHANOL_CARBONYLATION,,,10000.0,
YEAR_2045,CUMENE_PROCESS,,,10000.0,
YEAR_2045,CO2_METHANOL,,,10000.0,
YEAR_2045,METHANE_TO_METHANOL,,,10000.0,
YEAR_2045,METHANOL_FT,0.6394763773408576,,10000.0,4761.541105680026
YEAR_2045,BIOMETHANE_TO_BIOMETHANOL,,,10000.0,
YEAR_2045,BIOMETHANOL_FT,,,10000.0,
YEAR_2045,WOOD_METHANOL,,,10000.0,
YEAR_2045,ETHYLENE_POLYMERIZATION,,,10000.0,
YEAR_2045,STYRENE_POLYMERIZATION,,,10000.0,
YEAR_2045,DHN_TH_STORAGE,,,10000.0,
YEAR_2045,DEC_TH_STORAGE,,,10000.0,
YEAR_2045,DHN,4.909505257762055,,10000.0,
YEAR_2045,BATTERY,,,10000.0,
YEAR_2045,EHV_GRID,35.5217144163113,,10000.0,254181.56120799913
YEAR_2045,HV_GRID,30.68054053956114,,10000.0,201896.2296550703
YEAR_2045,MV_GRID,23.89525282676702,,10000.0,137773.64586369155
YEAR_2045,LV_GRID,21.7944833343204,,10000.0,95524.28230533356
YEAR_2045,EHP_H2_GRID,0.6765995072599321,,10000.0,1006.780066802779
YEAR_2045,HP_H2_GRID,5.353670881556109,,10000.0,35169.48332099227
YEAR_2045,MP_H2_GRID,4.79506699428343,,10000.0,28355.60521522323
YEAR_2045,LP_H2_GRID,,,10000.0,
YEAR_2045,EHP_NG_GRID,29.27657767194914,,10000.0,170658.55303939027
YEAR_2045,HP_NG_GRID,29.27657767194914,,10000.0,170658.55303939027
YEAR_2045,MP_NG_GRID,25.35338504679456,,10000.0,136101.67948356675
YEAR_2045,LP_NG_GRID,18.81813432953997,,10000.0,70889.22818006646
YEAR_2045,ALKALINE_ELECTROLYSIS,,,10000.0,
YEAR_2045,AN_DIG,,,10000.0,
YEAR_2045,ATR,,,10000.0,
YEAR_2045,BIOGAS_BIOMETHANE,,,10000.0,
YEAR_2045,BIOMASS_GAS_EF_H2,,,10000.0,
YEAR_2045,BIOMASS_GAS_FB_H2,,,10000.0,
YEAR_2045,CO2_TO_DIESEL,1.931899780253737,,10000.0,16923.442075022736
YEAR_2045,CO2_STO,921.5107161725398,,10000.0,1119.874632799452
YEAR_2045,CO2_TO_JETFUELS,0.2232599769615772,,10000.0,1955.7573981834164
YEAR_2045,COAL_GAS_H2,,,10000.0,
YEAR_2045,COAL_GAS_H2_ADV,,,10000.0,
YEAR_2045,CROPS_TO_ETHANOL,,,10000.0,
YEAR_2045,CROPS_TO_JETFUELS,,,10000.0,
YEAR_2045,DIE_STO,,,10000.0,
YEAR_2045,ELEC_STO,,,10000.0,
YEAR_2045,ETHANE_CRACKING,,,10000.0,
YEAR_2045,ETHANE_TO_ETHYLENE,,,10000.0,
YEAR_2045,ETHANOL_TO_JETFUELS,,,10000.0,
YEAR_2045,FT,,,10000.0,
YEAR_2045,GASIFICATION_H2,,,10000.0,
YEAR_2045,GASIFICATION_SNG,,,10000.0,
YEAR_2045,GASO_STO,,,10000.0,
YEAR_2045,BIOETHANOL_TO_BIOJETFUELS,,,10000.0,
YEAR_2045,H2_COMP_HE,0.08437242320145258,,10000.0,503.39003340138953
YEAR_2045,H2_COMP_LM,,,10000.0,
YEAR_2045,H2_COMP_MH,,,10000.0,
YEAR_2045,H2_EXP_EH,0.5159221727624814,,10000.0,503.3900334013895
YEAR_2045,H2_EXP_EH_COGEN,,,10000.0,
YEAR_2045,H2_EXP_HM,3.238141922848569,,10000.0,28355.60521522323
YEAR_2045,H2_EXP_HM_COGEN,,,10000.0,
YEAR_2045,H2_EXP_ML,,,10000.0,
YEAR_2045,H2_EXP_ML_COGEN,,,10000.0,
YEAR_2045,H2_STO,503.3900334013895,,10000.0,503.39003340138953
YEAR_2045,HYDRO_GAS,,,10000.0,
YEAR_2045,LT_DEC_WH,0.1,,0.1,5.333269021198674
YEAR_2045,LT_DHN_WH,0.1,,0.1,
YEAR_2045,METATHESIS_PROPYLENE,,,10000.0,
YEAR_2045,METHANATION,,,10000.0,
YEAR_2045,METHANOL_TO_AROMATICS,,,10000.0,
YEAR_2045,METHANOL_TO_OLEFINS,,,10000.0,
YEAR_2045,BIOMETHANOL_TO_AROMATICS,,,10000.0,
YEAR_2045,BIOMETHANOL_TO_OLEFINS,,,10000.0,
YEAR_2045,NG_COMP_HE,,,10000.0,
YEAR_2045,NG_COMP_LM,,,10000.0,
YEAR_2045,NG_COMP_MH,,,10000.0,
YEAR_2045,NG_EXP_EH,29.27657767194914,,10000.0,170658.55303939027
YEAR_2045,NG_EXP_EH_COGEN,,,10000.0,
YEAR_2045,NG_EXP_HM,25.35338504679456,,10000.0,132007.64634005836
YEAR_2045,NG_EXP_HM_COGEN,,,10000.0,
YEAR_2045,NG_EXP_ML,18.67169709660831,,10000.0,70889.22818006646
YEAR_2045,SNG_COMP_HE,,,10000.0,
YEAR_2045,SNG_COMP_LM,,,10000.0,
YEAR_2045,SNG_COMP_MH,,,10000.0,
YEAR_2045,SNG_EXP_EH,,,10000.0,
YEAR_2045,SNG_EXP_EH_COGEN,,,10000.0,
YEAR_2045,SNG_EXP_HM,,,10000.0,
YEAR_2045,SNG_EXP_HM_COGEN,,,10000.0,
YEAR_2045,SNG_EXP_ML,,,10000.0,
YEAR_2045,NG_EXP_ML_COGEN,,,10000.0,
YEAR_2045,NG_PYROLYSIS_PLASMA,,,10000.0,
YEAR_2045,NG_PYROLYSIS_THERMAL,,,10000.0,
YEAR_2045,NG_REFORMING,,,10000.0,
YEAR_2045,NG_STO,,,10000.0,
YEAR_2045,PEM_ELECTROLYSIS,,,10000.0,
YEAR_2045,PYROLYSIS,,,10000.0,
YEAR_2045,SNG_EXP_ML_COGEN,,,10000.0,
YEAR_2045,SNG_PYROLYSIS_PLASMA,,,10000.0,
YEAR_2045,SNG_PYROLYSIS_THERMAL,,,10000.0,
YEAR_2045,SNG_REFORMING,,,10000.0,
YEAR_2045,SNG_STO,,,10000.0,
YEAR_2045,SMART_PROCESS,,,10000.0,
YEAR_2045,SMR,4.686651073286002,,10000.0,34666.093287590884
YEAR_2045,SOEC_ELECTROLYSIS,,,10000.0,
YEAR_2045,STO_CO2,921.5107161725398,,10000.0,1119.874632799452
YEAR_2045,STO_DIE,,,10000.0,
YEAR_2045,STO_ELEC,,,10000.0,
YEAR_2045,STO_GASO,,,10000.0,
YEAR_2045,STO_H2,503.3900334013895,,10000.0,503.3900334013895
YEAR_2045,STO_NG,,,10000.0,
YEAR_2045,STO_SNG,,,10000.0,
YEAR_2045,DAC_HT,,,10000.0,
YEAR_2045,DAC_LT,,,10000.0,
YEAR_2045,CARBON_CAPTURE,,,10000.0,
YEAR_2045,CARBON_CAPTURE_AMINES,,,10000.0,
YEAR_2045,CARBON_CAPTURE_MEMBRANES,1.18653654460897,,10000.0,8834.95111115839
YEAR_2045,CARBON_CAPTURE_MOF,,,10000.0,
YEAR_2045,CARBON_MINERALIZATION,,,10000.0,
YEAR_2045,CARBON_TRANSPORT_INJECTION,0.2139108715154392,,10000.0,1026.7063221274916
YEAR_2045,CAR_BIODIESEL_B100,,,10000.0,
YEAR_2045,CAR_BIODIESEL_B20,,,10000.0,
YEAR_2045,CAR_CNG,,,10000.0,
YEAR_2045,CAR_CSNG,,,10000.0,
YEAR_2045,CAR_DIESEL,,,10000.0,
YEAR_2045,CAR_ETOH_E10,,,10000.0,
YEAR_2045,CAR_ETOH_E85,,,10000.0,
YEAR_2045,CAR_BIOETOH_E10,,,10000.0,
YEAR_2045,CAR_BIOETOH_E85,,,10000.0,
YEAR_2045,CAR_EV,97.83025233711743,,10000.0,43706.643534130584
YEAR_2045,CAR_FC_H2,,,10000.0,
YEAR_2045,CAR_GASOLINE,,,10000.0,
YEAR_2045,CAR_HEV,43.57431676138079,,10000.0,19467.261756314474
YEAR_2045,CAR_MEOH,,,10000.0,
YEAR_2045,CAR_BIOMEOH,,,10000.0,
YEAR_2045,CAR_PHEV,,,10000.0,
YEAR_2045,CAR_PROPANE,,,10000.0,
YEAR_2045,SUV_BIODIESEL_B100,,,10000.0,
YEAR_2045,SUV_BIODIESEL_B20,,,10000.0,
YEAR_2045,SUV_CNG,,,10000.0,
YEAR_2045,SUV_CSNG,,,10000.0,
YEAR_2045,SUV_DIESEL,,,10000.0,
YEAR_2045,SUV_ETOH_E10,,,10000.0,
YEAR_2045,SUV_ETOH_E85,,,10000.0,
YEAR_2045,SUV_BIOETOH_E10,,,10000.0,
YEAR_2045,SUV_BIOETOH_E85,,,10000.0,
YEAR_2045,SUV_EV,122.213195812945,,10000.0,54599.96736139134
YEAR_2045,SUV_FC_H2,,,10000.0,
YEAR_2045,SUV_GASOLINE,,,10000.0,
YEAR_2045,SUV_HY_GASOLINE,,,10000.0,
YEAR_2045,SUV_PHEV_GASOLINE,,,10000.0,
YEAR_2045,SUV_PROPANE,,,10000.0,
YEAR_2045,BUS_BIODIESEL_B100,,,10000.0,
YEAR_2045,BUS_BIODIESEL_B20,,,10000.0,
YEAR_2045,BUS_CNG,0.5769673572836835,,10000.0,1501.1075127921054
YEAR_2045,BUS_CSNG,,,10000.0,
YEAR_2045,BUS_DIESEL,,,10000.0,
YEAR_2045,BUS_GASOLINE,,,10000.0,
YEAR_2045,BUS_EV,,,10000.0,
YEAR_2045,BUS_FC_H2,,,10000.0,
YEAR_2045,BUS_HY_DIESEL,,,10000.0,
YEAR_2045,BUS_PROPANE,,,10000.0,
YEAR_2045,SCHOOLBUS_BIODIESEL_B100,,,10000.0,
YEAR_2045,SCHOOLBUS_BIODIESEL_B20,,,10000.0,
YEAR_2045,SCHOOLBUS_CNG,,,10000.0,
YEAR_2045,SCHOOLBUS_CSNG,,,10000.0,
YEAR_2045,SCHOOLBUS_DIESEL,,,10000.0,
YEAR_2045,SCHOOLBUS_ETOH_E10,,,10000.0,
YEAR_2045,SCHOOLBUS_BIOETOH_E10,,,10000.0,
YEAR_2045,SCHOOLBUS_EV,,,10000.0,
YEAR_2045,SCHOOLBUS_GASOLINE,1.45842207050966,,10000.0,3794.4058692863905
YEAR_2045,SCHOOLBUS_HY_DIESEL,,,10000.0,
YEAR_2045,SCHOOLBUS_PROPANE,,,10000.0,
YEAR_2045,COACH_BIODIESEL_B100,,,10000.0,
YEAR_2045,COACH_BIODIESEL_B20,,,10000.0,
YEAR_2045,COACH_CNG,0.04818283239819246,,10000.0,125.3582387070253
YEAR_2045,COACH_CSNG,,,10000.0,
YEAR_2045,COACH_DIESEL,,,10000.0,
YEAR_2045,COACH_ETOH_E10,,,10000.0,
YEAR_2045,COACH_BIOETOH_E10,,,10000.0,
YEAR_2045,COACH_EV,,,10000.0,
YEAR_2045,COACH_GASOLINE,0.1279789604065966,,10000.0,332.96542086905043
YEAR_2045,COACH_HY_DIESEL,,,10000.0,
YEAR_2045,COACH_PROPANE,,,10000.0,
YEAR_2045,COMMUTER_RAIL_DIESEL,0.01433267144784622,,10000.0,42.939537044031454
YEAR_2045,COMMUTER_RAIL_ELEC,0.6523628410687118,,10000.0,1954.4268828145746
YEAR_2045,TRAIN_DIESEL,0.01875087949338194,,10000.0,
YEAR_2045,TRAIN_BIODIESEL,,,10000.0,
YEAR_2045,TRAIN_ELEC,0.02299081296720264,,10000.0,54.687177379218575
YEAR_2045,TRAIN_H2,,,10000.0,
YEAR_2045,TRAIN_NG,,,10000.0,
YEAR_2045,TRAIN_SNG,,,10000.0,
YEAR_2045,PLANE_SH,16.00395225728779,,10000.0,48927.922999070535
YEAR_2045,PLANE_LH,,,10000.0,
YEAR_2045,PLANE_SH_BIO,1.769326727690225,,10000.0,5409.256444963648
YEAR_2045,PLANE_LH_BIO,,,10000.0,
YEAR_2045,LCV_BIODIESEL_B100,,,10000.0,
YEAR_2045,LCV_BIODIESEL_B20,,,10000.0,
YEAR_2045,LCV_CNG,,,10000.0,
YEAR_2045,LCV_CSNG,,,10000.0,
YEAR_2045,LCV_DIESEL,,,10000.0,
YEAR_2045,LCV_GASOLINE,,,10000.0,
YEAR_2045,LCV_ETOH_E10,,,10000.0,
YEAR_2045,LCV_ETOH_E85,,,10000.0,
YEAR_2045,LCV_EV,,,10000.0,
YEAR_2045,LCV_FC_H2,14.97406232912171,,10000.0,12199.069098288875
YEAR_2045,LCV_PHEV_DIESEL,,,10000.0,
YEAR_2045,LCV_PROPANE,,,10000.0,
YEAR_2045,TRUCK_SH_BIODIESEL_B100,,,10000.0,
YEAR_2045,TRUCK_SH_BIODIESEL_B20,,,10000.0,
YEAR_2045,TRUCK_SH_CNG,,,10000.0,
YEAR_2045,TRUCK_SH_CSNG,,,10000.0,
YEAR_2045,TRUCK_SH_DIESEL,,,10000.0,
YEAR_2045,TRUCK_SH_GASOLINE,,,10000.0,
YEAR_2045,TRUCK_SH_EV,,,10000.0,
YEAR_2045,TRUCK_SH_HY_DIESEL,,,10000.0,
YEAR_2045,TRUCK_SH_PROPANE,,,10000.0,
YEAR_2045,SEMI_SH_BIODIESEL_B100,,,10000.0,
YEAR_2045,SEMI_SH_BIODIESEL_B20,,,10000.0,
YEAR_2045,SEMI_SH_CNG,,,10000.0,
YEAR_2045,SEMI_SH_CSNG,,,10000.0,
YEAR_2045,SEMI_SH_DIESEL,,,10000.0,
YEAR_2045,SEMI_SH_EV,,,10000.0,
YEAR_2045,SEMI_SH_FC_H2,,,10000.0,
YEAR_2045,SEMI_SH_HY_DIESEL,34.8400956190623,,10000.0,28383.529098937674
YEAR_2045,SEMI_SH_PROPANE,,,10000.0,
YEAR_2045,SEMI_LH_BIODIESEL_B100,,,10000.0,
YEAR_2045,SEMI_LH_BIODIESEL_B20,,,10000.0,
YEAR_2045,SEMI_LH_CNG,13.3031595559687,,10000.0,10837.818027056575
YEAR_2045,SEMI_LH_CSNG,,,10000.0,
YEAR_2045,SEMI_LH_DIESEL,,,10000.0,
YEAR_2045,SEMI_LH_EV,,,10000.0,
YEAR_2045,SEMI_LH_FC_H2,,,10000.0,
YEAR_2045,SEMI_LH_HY_DIESEL,28.51627635031446,,10000.0,23231.640017074176
YEAR_2045,SEMI_LH_PROPANE,,,10000.0,
YEAR_2045,TRAIN_FREIGHT_DIESEL,5.524344073270186,,10000.0,16550.492895991614
YEAR_2045,TRAIN_FREIGHT_BIODIESEL,,,10000.0,
YEAR_2045,TRAIN_FREIGHT_ELEC,5.313276825668524,,10000.0,15918.152307556844
YEAR_2045,TRAIN_FREIGHT_H2,,,10000.0,
YEAR_2045,TRAIN_FREIGHT_NG,,,10000.0,
YEAR_2045,TRAIN_FREIGHT_SNG,,,10000.0,
YEAR_2045,TRUCK_LH_BIODIESEL_B100,,,10000.0,
YEAR_2045,TRUCK_LH_BIODIESEL_B20,,,10000.0,
YEAR_2045,TRUCK_LH_CNG,,,10000.0,
YEAR_2045,TRUCK_LH_CSNG,,,10000.0,
YEAR_2045,TRUCK_LH_DIESEL,,,10000.0,
YEAR_2045,TRUCK_LH_GASOLINE,,,10000.0,
YEAR_2045,TRUCK_LH_EV,,,10000.0,
YEAR_2045,TRUCK_LH_HY_DIESEL,,,10000.0,
YEAR_2045,TRUCK_LH_PROPANE,,,10000.0,
YEAR_2045,PLANE_FREIGHT,0.1161860594532592,,10000.0,610.6739284863304
YEAR_2045,PLANE_FREIGHT_BIO,0.0159419965377905,,10000.0,83.79113380262683
YEAR_2045,BULK_CARRIER,,,10000.0,
YEAR_2045,CONTAINER,0.3317327039584693,,10000.0,
YEAR_2045,OIL_TANKER,1.046174046909883,,10000.0,4398.952632446681
YEAR_2045,BULK_CARRIER_BIO,,,10000.0,
YEAR_2045,CONTAINER_BIO,,,10000.0,
YEAR_2045,OIL_TANKER_BIO,,,10000.0,
YEAR_2045,BULK_CARRIER_MEOH,7.666927782990261,,10000.0,36939.25805844708
YEAR_2045,CONTAINER_MEOH,1.796635959171891,,10000.0,11016.971701642029
YEAR_2045,OIL_TANKER_MEOH,2.96102870516471,,10000.0,12450.533499476569
YEAR_2045,BULK_CARRIER_BIOMEOH,,,10000.0,
YEAR_2045,CONTAINER_BIOMEOH,,,10000.0,
YEAR_2045,OIL_TANKER_BIOMEOH,,,10000.0,
YEAR_2050,PV_ROOF,0.3,,10000.0,345.63599999999997
YEAR_2050,PV_GROUND,,,10000.0,
YEAR_2050,TRAFO_ML,21.7935393343204,,10000.0,83863.11330086096
YEAR_2050,AN_DIG_SI,,,10000.0,
YEAR_2050,HYDRO_GAS_CHP,,,10000.0,
YEAR_2050,TIDAL,,,10000.0,
YEAR_2050,TRAFO_HM,22.32240482676702,,10000.0,104182.52804078367
YEAR_2050,TRAFO_LM,,,10000.0,
YEAR_2050,WIND_OFFSHORE,,,2179.0,
YEAR_2050,WIND_ONSHORE,10.0,,3984.322,29025.84
YEAR_2050,NEW_WIND_ONSHORE,,,3984.322,
YEAR_2050,CCGT,,,10000.0,
YEAR_2050,COAL_IGCC,,,10000.0,
YEAR_2050,COAL_US,,,10000.0,
YEAR_2050,H2_CCGT,,,10000.0,
YEAR_2050,H2_NG_CCGT,,,10000.0,
YEAR_2050,OCGT_LARGE,,,10000.0,
YEAR_2050,OCGT_SMALL,,,10000.0,
YEAR_2050,TRAFO_EH,29.50766777580089,,10000.0,201419.04906281954
YEAR_2050,TRAFO_MH,,,10000.0,
YEAR_2050,CCGT_BIOGAS,,,10000.0,
YEAR_2050,H2_SNG_CCGT,,,10000.0,
YEAR_2050,OCGT_BIOGAS_SMALL,,,10000.0,
YEAR_2050,OCGT_BIOGAS_LARGE,,,10000.0,
YEAR_2050,NUCLEAR,,,12.0,
YEAR_2050,TRAFO_HE,,,10000.0,
YEAR_2050,HYDRO_RIVER,15.13,15.13,15.13,73573.19568
YEAR_2050,NEW_HYDRO_DAM,4.0,,15.11,18800.832
YEAR_2050,NEW_HYDRO_RIVER,,,25.33,
YEAR_2050,HYDRO_DAM,26.357,26.357,26.357,127918.533528
YEAR_2050,IND_BOILER_COAL,,,10000.0,
YEAR_2050,IND_BOILER_GAS,4.604534525431502,,10000.0,38318.93632064096
YEAR_2050,IND_BOILER_OIL,,,10000.0,
YEAR_2050,IND_BOILER_WASTE,0.4039439718836955,,10000.0,3184.6942743310556
YEAR_2050,IND_BOILER_WOOD,7.291808058060325,,10000.0,57488.61472974761
YEAR_2050,IND_BOILER_BIOGAS,,,10000.0,
YEAR_2050,IND_BOILER_BIOOIL,,,10000.0,
YEAR_2050,IND_COGEN_GAS,,,10000.0,
YEAR_2050,IND_COGEN_WASTE,,,10000.0,
YEAR_2050,IND_COGEN_WOOD,,,10000.0,
YEAR_2050,IND_DIRECT_ELEC,,,10000.0,
YEAR_2050,IND_COGEN_BIOGAS,,,10000.0,
YEAR_2050,DHN_BOILER_GAS,2.443840761061454,,10000.0,2583.9523733660412
YEAR_2050,DHN_BOILER_OIL,,,10000.0,
YEAR_2050,DHN_BOILER_WOOD,,,10000.0,
YEAR_2050,DHN_BOILER_BIOGAS,,,10000.0,
YEAR_2050,DHN_BOILER_BIOOIL,0.9830468521585445,,10000.0,
YEAR_2050,DHN_COGEN_GAS,,,10000.0,
YEAR_2050,DHN_COGEN_WASTE,,,10000.0,
YEAR_2050,DHN_COGEN_WOOD,,,10000.0,
YEAR_2050,DHN_COGEN_BIOGAS,,,10000.0,
YEAR_2050,DHN_DEEP_GEO,,,10000.0,
YEAR_2050,DHN_HP_ELEC,12.55159158087165,,10000.0,49856.52901377692
YEAR_2050,AFC,0.004359250374513502,,10000.0,
YEAR_2050,DEC_ADVCOGEN_H2,,,10000.0,
YEAR_2050,DEC_BOILER_GAS,4.30811018248271,,10000.0,16351.81247761884
YEAR_2050,DEC_BOILER_OIL,,,10000.0,
YEAR_2050,DEC_BOILER_WOOD,0.001415448186020141,,10000.0,11.426405237999838
YEAR_2050,DEC_BOILER_BIOGAS,,,10000.0,
YEAR_2050,DEC_BOILER_BIOOIL,,,10000.0,
YEAR_2050,DEC_COGEN_GAS,,,10000.0,
YEAR_2050,DEC_COGEN_OIL,,,10000.0,
YEAR_2050,DEC_COGEN_WOOD,,,10000.0,
YEAR_2050,DEC_COGEN_BIOGAS,,,10000.0,
YEAR_2050,DEC_COGEN_BIOOIL,,,10000.0,
YEAR_2050,DEC_DIRECT_ELEC,2.915688512901634,,10000.0,2050.1302698610953
YEAR_2050,DEC_HP_ELEC,10.35288259668786,,10000.0,39285.318576843616
YEAR_2050,DEC_RENOVATION,,,10000.0,
YEAR_2050,DEC_SOLAR,0.02339036205402048,,10000.0,26.948503929678083
YEAR_2050,PAFC,,,10000.0,
YEAR_2050,PEMFC,,,10000.0,
YEAR_2050,SOFC,,,10000.0,
YEAR_2050,COMMUTER_RAIL_DIESEL_SD,,,10000.0,
YEAR_2050,COMMUTER_RAIL_ELEC_SD,0.6469075464362484,,10000.0,1938.0832565192857
YEAR_2050,TRAMWAY_SD,,,10000.0,
YEAR_2050,BUS_BIODIESEL_B100_SD,,,10000.0,
YEAR_2050,BUS_BIODIESEL_B20_SD,,,10000.0,
YEAR_2050,BUS_CNG_SD,0.5747030603350478,,10000.0,1495.2164461349007
YEAR_2050,BUS_CSNG_SD,,,10000.0,
YEAR_2050,BUS_DIESEL_SD,,,10000.0,
YEAR_2050,BUS_GASOLINE_SD,,,10000.0,
YEAR_2050,BUS_EV_SD,,,10000.0,
YEAR_2050,BUS_FC_H2_SD,,,10000.0,
YEAR_2050,BUS_HY_DIESEL_SD,,,10000.0,
YEAR_2050,BUS_PROPANE_SD,,,10000.0,
YEAR_2050,SCHOOLBUS_BIODIESEL_B100_SD,,,10000.0,
YEAR_2050,SCHOOLBUS_BIODIESEL_B20_SD,,,10000.0,
YEAR_2050,SCHOOLBUS_CNG_SD,,,10000.0,
YEAR_2050,SCHOOLBUS_CSNG_SD,,,10000.0,
YEAR_2050,SCHOOLBUS_DIESEL_SD,,,10000.0,
YEAR_2050,SCHOOLBUS_ETOH_E10_SD,,,10000.0,
YEAR_2050,SCHOOLBUS_BIOETOH_E10_SD,,,10000.0,
YEAR_2050,SCHOOLBUS_EV_SD,,,10000.0,
YEAR_2050,SCHOOLBUS_GASOLINE_SD,1.452698522026469,,10000.0,3779.5147987267046
YEAR_2050,SCHOOLBUS_HY_DIESEL_SD,,,10000.0,
YEAR_2050,SCHOOLBUS_PROPANE_SD,,,10000.0,
YEAR_2050,CAR_GASOLINE_SD,,,10000.0,
YEAR_2050,CAR_EV_SD,45.01753567435755,,10000.0,20112.03423787598
YEAR_2050,SUV_GASOLINE_SD,,,10000.0,
YEAR_2050,CAR_MEOH_SD,,,10000.0,
YEAR_2050,CAR_ETOH_E10_SD,,,10000.0,
YEAR_2050,SUV_CNG_SD,,,10000.0,
YEAR_2050,CAR_BIODIESEL_B100_SD,,,10000.0,
YEAR_2050,SUV_BIODIESEL_B100_SD,,,10000.0,
YEAR_2050,SUV_DIESEL_SD,,,10000.0,
YEAR_2050,SUV_HY_GASOLINE_SD,,,10000.0,
YEAR_2050,CAR_PROPANE_SD,,,10000.0,
YEAR_2050,CAR_PHEV_SD,,,10000.0,
YEAR_2050,SUV_BIODIESEL_B20_SD,,,10000.0,
YEAR_2050,CAR_CNG_SD,,,10000.0,
YEAR_2050,SUV_PHEV_GASOLINE_SD,,,10000.0,
YEAR_2050,CAR_DIESEL_SD,,,10000.0,
YEAR_2050,CAR_HEV_SD,21.88986377747287,,10000.0,9779.515541223778
YEAR_2050,SUV_PROPANE_SD,,,10000.0,
YEAR_2050,CAR_BIODIESEL_B20_SD,,,10000.0,
YEAR_2050,CAR_FC_H2_SD,,,10000.0,
YEAR_2050,CAR_ETOH_E85_SD,,,10000.0,
YEAR_2050,SUV_ETOH_E10_SD,,,10000.0,
YEAR_2050,SUV_EV_SD,57.82675314293178,,10000.0,25834.680234136198
YEAR_2050,SUV_ETOH_E85_SD,,,10000.0,
YEAR_2050,SUV_FC_H2_SD,,,10000.0,
YEAR_2050,CAR_CSNG_SD,,,10000.0,
YEAR_2050,CAR_BIOETOH_E10_SD,,,10000.0,
YEAR_2050,CAR_BIOETOH_E85_SD,,,10000.0,
YEAR_2050,CAR_BIOMEOH_SD,,,10000.0,
YEAR_2050,SUV_CSNG_SD,,,10000.0,
YEAR_2050,SUV_BIOETOH_E10_SD,,,10000.0,
YEAR_2050,SUV_BIOETOH_E85_SD,,,10000.0,
YEAR_2050,COMMUTER_RAIL_DIESEL_MD,0.01353207401416512,,10000.0,40.54101118051756
YEAR_2050,COMMUTER_RAIL_ELEC_MD,0.003639458752186631,,10000.0,10.903527264851297
YEAR_2050,COACH_BIODIESEL_B100_MD,,,10000.0,
YEAR_2050,COACH_BIODIESEL_B20_MD,,,10000.0,
YEAR_2050,COACH_CNG_MD,0.01724728678769914,,10000.0,44.87261098129259
YEAR_2050,COACH_CSNG_MD,,,10000.0,
YEAR_2050,COACH_DIESEL_MD,,,10000.0,
YEAR_2050,COACH_ETOH_E10_MD,,,10000.0,
YEAR_2050,COACH_BIOETOH_E10_MD,,,10000.0,
YEAR_2050,COACH_EV_MD,,,10000.0,
YEAR_2050,COACH_GASOLINE_MD,0.04516264234718703,,10000.0,117.50054984752346
YEAR_2050,COACH_HY_DIESEL_MD,,,10000.0,
YEAR_2050,COACH_PROPANE_MD,,,10000.0,
YEAR_2050,SUV_PHEV_GASOLINE_MD,,,10000.0,
YEAR_2050,SUV_ETOH_E10_MD,,,10000.0,
YEAR_2050,SUV_ETOH_E85_MD,,,10000.0,
YEAR_2050,SUV_HY_GASOLINE_MD,,,10000.0,
YEAR_2050,CAR_BIODIESEL_B100_MD,,,10000.0,
YEAR_2050,CAR_DIESEL_MD,,,10000.0,
YEAR_2050,SUV_DIESEL_MD,,,10000.0,
YEAR_2050,SUV_EV_MD,56.6697282717713,,10000.0,25317.76780269655
YEAR_2050,CAR_MEOH_MD,,,10000.0,
YEAR_2050,CAR_HEV_MD,17.39435987455919,,10000.0,7771.104217558065
YEAR_2050,CAR_ETOH_E10_MD,,,10000.0,
YEAR_2050,SUV_CNG_MD,,,10000.0,
YEAR_2050,SUV_GASOLINE_MD,,,10000.0,
YEAR_2050,SUV_BIODIESEL_B20_MD,,,10000.0,
YEAR_2050,CAR_EV_MD,48.1743248643926,,10000.0,21522.36137641604
YEAR_2050,SUV_PROPANE_MD,,,10000.0,
YEAR_2050,CAR_ETOH_E85_MD,,,10000.0,
YEAR_2050,SUV_BIODIESEL_B100_MD,,,10000.0,
YEAR_2050,CAR_PHEV_MD,,,10000.0,
YEAR_2050,CAR_PROPANE_MD,,,10000.0,
YEAR_2050,SUV_FC_H2_MD,,,10000.0,
YEAR_2050,CAR_GASOLINE_MD,,,10000.0,
YEAR_2050,CAR_FC_H2_MD,,,10000.0,
YEAR_2050,CAR_BIODIESEL_B20_MD,,,10000.0,
YEAR_2050,CAR_CNG_MD,,,10000.0,
YEAR_2050,CAR_CSNG_MD,,,10000.0,
YEAR_2050,CAR_BIOETOH_E10_MD,,,10000.0,
YEAR_2050,CAR_BIOETOH_E85_MD,,,10000.0,
YEAR_2050,CAR_BIOMEOH_MD,,,10000.0,
YEAR_2050,SUV_CSNG_MD,,,10000.0,
YEAR_2050,SUV_BIOETOH_E10_MD,,,10000.0,
YEAR_2050,SUV_BIOETOH_E85_MD,,,10000.0,
YEAR_2050,TRAIN_DIESEL_LD,0.01766589646877037,,10000.0,
YEAR_2050,TRAIN_BIODIESEL_LD,,,10000.0,
YEAR_2050,TRAIN_ELEC_LD,0.02299081296720264,,10000.0,54.472558636439395
YEAR_2050,TRAIN_H2_LD,,,10000.0,
YEAR_2050,TRAIN_NG_LD,,,10000.0,
YEAR_2050,TRAIN_SNG_LD,,,10000.0,
YEAR_2050,COACH_BIODIESEL_B100_LD,,,10000.0,
YEAR_2050,COACH_BIODIESEL_B20_LD,,,10000.0,
YEAR_2050,COACH_CNG_LD,0.03024420214905029,,10000.0,78.68694561522712
YEAR_2050,COACH_CSNG_LD,,,10000.0,
YEAR_2050,COACH_DIESEL_LD,,,10000.0,
YEAR_2050,COACH_ETOH_E10_LD,,,10000.0,
YEAR_2050,COACH_BIOETOH_E10_LD,,,10000.0,
YEAR_2050,COACH_EV_LD,,,10000.0,
YEAR_2050,COACH_GASOLINE_LD,0.08281631805940959,,10000.0,215.4648710215271
YEAR_2050,COACH_HY_DIESEL_LD,,,10000.0,
YEAR_2050,COACH_PROPANE_LD,,,10000.0,
YEAR_2050,PLANE_SH_LD,15.9342013764711,,10000.0,48714.67781620252
YEAR_2050,PLANE_SH_BIO_LD,1.769326727690225,,10000.0,5409.2564449636575
YEAR_2050,SUV_GASOLINE_LD,,,10000.0,
YEAR_2050,CAR_CNG_LD,,,10000.0,
YEAR_2050,CAR_GASOLINE_LD,,,10000.0,
YEAR_2050,CAR_ETOH_E85_LD,,,10000.0,
YEAR_2050,CAR_FC_H2_LD,,,10000.0,
YEAR_2050,CAR_HEV_LD,4.290093109348714,,10000.0,1916.6419975326314
YEAR_2050,SUV_DIESEL_LD,,,10000.0,
YEAR_2050,CAR_ETOH_E10_LD,,,10000.0,
YEAR_2050,SUV_PROPANE_LD,,,10000.0,
YEAR_2050,CAR_BIODIESEL_B100_LD,,,10000.0,
YEAR_2050,CAR_MEOH_LD,,,10000.0,
YEAR_2050,SUV_FC_H2_LD,,,10000.0,
YEAR_2050,CAR_BIODIESEL_B20_LD,,,10000.0,
YEAR_2050,CAR_DIESEL_LD,,,10000.0,
YEAR_2050,CAR_EV_LD,4.083452371913512,,10000.0,1824.3231816760806
YEAR_2050,CAR_PROPANE_LD,,,10000.0,
YEAR_2050,SUV_EV_LD,7.237091135557722,,10000.0,3233.2428357217686
YEAR_2050,SUV_HY_GASOLINE_LD,,,10000.0,
YEAR_2050,SUV_ETOH_E10_LD,,,10000.0,
YEAR_2050,CAR_PHEV_LD,,,10000.0,
YEAR_2050,SUV_PHEV_GASOLINE_LD,,,10000.0,
YEAR_2050,SUV_BIODIESEL_B100_LD,,,10000.0,
YEAR_2050,SUV_ETOH_E85_LD,,,10000.0,
YEAR_2050,SUV_BIODIESEL_B20_LD,,,10000.0,
YEAR_2050,SUV_CNG_LD,,,10000.0,
YEAR_2050,CAR_CSNG_LD,,,10000.0,
YEAR_2050,CAR_BIOETOH_E10_LD,,,10000.0,
YEAR_2050,CAR_BIOETOH_E85_LD,,,10000.0,
YEAR_2050,CAR_BIOMEOH_LD,,,10000.0,
YEAR_2050,SUV_CSNG_LD,,,10000.0,
YEAR_2050,SUV_BIOETOH_E10_LD,,,10000.0,
YEAR_2050,SUV_BIOETOH_E85_LD,,,10000.0,
YEAR_2050,TRAIN_DIESEL_ELD,,,10000.0,
YEAR_2050,TRAIN_BIODIESEL_ELD,,,10000.0,
YEAR_2050,TRAIN_ELEC_ELD,,,10000.0,
YEAR_2050,TRAIN_H2_ELD,,,10000.0,
YEAR_2050,TRAIN_NG_ELD,,,10000.0,
YEAR_2050,TRAIN_SNG_ELD,,,10000.0,
YEAR_2050,COACH_BIODIESEL_B100_ELD,,,10000.0,
YEAR_2050,COACH_BIODIESEL_B20_ELD,,,10000.0,
YEAR_2050,COACH_CNG_ELD,,,10000.0,
YEAR_2050,COACH_CSNG_ELD,,,10000.0,
YEAR_2050,COACH_DIESEL_ELD,,,10000.0,
YEAR_2050,COACH_ETOH_E10_ELD,,,10000.0,
YEAR_2050,COACH_BIOETOH_E10_ELD,,,10000.0,
YEAR_2050,COACH_EV_ELD,,,10000.0,
YEAR_2050,COACH_GASOLINE_ELD,,,10000.0,
YEAR_2050,COACH_HY_DIESEL_ELD,,,10000.0,
YEAR_2050,COACH_PROPANE_ELD,,,10000.0,
YEAR_2050,PLANE_LH_ELD,,,10000.0,
YEAR_2050,PLANE_LH_BIO_ELD,,,10000.0,
YEAR_2050,CAR_CNG_ELD,,,10000.0,
YEAR_2050,SUV_BIODIESEL_B100_ELD,,,10000.0,
YEAR_2050,CAR_HEV_ELD,,,10000.0,
YEAR_2050,SUV_BIODIESEL_B20_ELD,,,10000.0,
YEAR_2050,CAR_GASOLINE_ELD,,,10000.0,
YEAR_2050,CAR_ETOH_E85_ELD,,,10000.0,
YEAR_2050,SUV_PROPANE_ELD,,,10000.0,
YEAR_2050,CAR_PROPANE_ELD,,,10000.0,
YEAR_2050,CAR_BIODIESEL_B100_ELD,,,10000.0,
YEAR_2050,CAR_ETOH_E10_ELD,,,10000.0,
YEAR_2050,SUV_PHEV_GASOLINE_ELD,,,10000.0,
YEAR_2050,CAR_FC_H2_ELD,,,10000.0,
YEAR_2050,CAR_MEOH_ELD,,,10000.0,
YEAR_2050,SUV_EV_ELD,,,10000.0,
YEAR_2050,CAR_DIESEL_ELD,,,10000.0,
YEAR_2050,CAR_BIODIESEL_B20_ELD,,,10000.0,
YEAR_2050,SUV_ETOH_E10_ELD,,,10000.0,
YEAR_2050,CAR_PHEV_ELD,,,10000.0,
YEAR_2050,CAR_EV_ELD,,,10000.0,
YEAR_2050,SUV_HY_GASOLINE_ELD,,,10000.0,
YEAR_2050,SUV_GASOLINE_ELD,,,10000.0,
YEAR_2050,SUV_FC_H2_ELD,,,10000.0,
YEAR_2050,SUV_CNG_ELD,,,10000.0,
YEAR_2050,SUV_DIESEL_ELD,,,10000.0,
YEAR_2050,SUV_ETOH_E85_ELD,,,10000.0,
YEAR_2050,CAR_CSNG_ELD,,,10000.0,
YEAR_2050,CAR_BIOETOH_E10_ELD,,,10000.0,
YEAR_2050,CAR_BIOETOH_E85_ELD,,,10000.0,
YEAR_2050,CAR_BIOMEOH_ELD,,,10000.0,
YEAR_2050,SUV_CSNG_ELD,,,10000.0,
YEAR_2050,SUV_BIOETOH_E10_ELD,,,10000.0,
YEAR_2050,SUV_BIOETOH_E85_ELD,,,10000.0,
YEAR_2050,LCV_BIODIESEL_B100_SD,,,10000.0,
YEAR_2050,LCV_BIODIESEL_B20_SD,,,10000.0,
YEAR_2050,LCV_CNG_SD,,,10000.0,
YEAR_2050,LCV_CSNG_SD,,,10000.0,
YEAR_2050,LCV_DIESEL_SD,,,10000.0,
YEAR_2050,LCV_GASOLINE_SD,,,10000.0,
YEAR_2050,LCV_ETOH_E10_SD,,,10000.0,
YEAR_2050,LCV_ETOH_E85_SD,,,10000.0,
YEAR_2050,LCV_EV_SD,,,10000.0,
YEAR_2050,LCV_FC_H2_SD,15.38818265977766,,10000.0,12536.444649267662
YEAR_2050,LCV_PHEV_DIESEL_SD,,,10000.0,
YEAR_2050,LCV_PROPANE_SD,,,10000.0,
YEAR_2050,TRUCK_SH_BIODIESEL_B100_SD,,,10000.0,
YEAR_2050,TRUCK_SH_BIODIESEL_B20_SD,,,10000.0,
YEAR_2050,TRUCK_SH_CNG_SD,,,10000.0,
YEAR_2050,TRUCK_SH_CSNG_SD,,,10000.0,
YEAR_2050,TRUCK_SH_DIESEL_SD,,,10000.0,
YEAR_2050,TRUCK_SH_GASOLINE_SD,,,10000.0,
YEAR_2050,TRUCK_SH_EV_SD,,,10000.0,
YEAR_2050,TRUCK_SH_HY_DIESEL_SD,,,10000.0,
YEAR_2050,TRUCK_SH_PROPANE_SD,,,10000.0,
YEAR_2050,LCV_BIODIESEL_B100_MD,,,10000.0,
YEAR_2050,LCV_BIODIESEL_B20_MD,,,10000.0,
YEAR_2050,LCV_CNG_MD,,,10000.0,
YEAR_2050,LCV_CSNG_MD,,,10000.0,
YEAR_2050,LCV_DIESEL_MD,,,10000.0,
YEAR_2050,LCV_GASOLINE_MD,,,10000.0,
YEAR_2050,LCV_ETOH_E10_MD,,,10000.0,
YEAR_2050,LCV_ETOH_E85_MD,,,10000.0,
YEAR_2050,LCV_EV_MD,,,10000.0,
YEAR_2050,LCV_FC_H2_MD,,,10000.0,
YEAR_2050,LCV_PHEV_DIESEL_MD,,,10000.0,
YEAR_2050,LCV_PROPANE_MD,,,10000.0,
YEAR_2050,SEMI_SH_BIODIESEL_B100_MD,,,10000.0,
YEAR_2050,SEMI_SH_BIODIESEL_B20_MD,,,10000.0,
YEAR_2050,SEMI_SH_CNG_MD,,,10000.0,
YEAR_2050,SEMI_SH_CSNG_MD,,,10000.0,
YEAR_2050,SEMI_SH_DIESEL_MD,,,10000.0,
YEAR_2050,SEMI_SH_EV_MD,,,10000.0,
YEAR_2050,SEMI_SH_FC_H2_MD,,,10000.0,
YEAR_2050,SEMI_SH_HY_DIESEL_MD,36.15151333418963,,10000.0,29451.914883097612
YEAR_2050,SEMI_SH_PROPANE_MD,,,10000.0,
YEAR_2050,TRUCK_SH_BIODIESEL_B100_MD,,,10000.0,
YEAR_2050,TRUCK_SH_BIODIESEL_B20_MD,,,10000.0,
YEAR_2050,TRUCK_SH_CNG_MD,,,10000.0,
YEAR_2050,TRUCK_SH_CSNG_MD,,,10000.0,
YEAR_2050,TRUCK_SH_DIESEL_MD,,,10000.0,
YEAR_2050,TRUCK_SH_GASOLINE_MD,,,10000.0,
YEAR_2050,TRUCK_SH_EV_MD,,,10000.0,
YEAR_2050,TRUCK_SH_HY_DIESEL_MD,,,10000.0,
YEAR_2050,TRUCK_SH_PROPANE_MD,,,10000.0,
YEAR_2050,TRAIN_FREIGHT_DIESEL_LD,1.049374101777403,,10000.0,3143.8408589969567
YEAR_2050,TRAIN_FREIGHT_BIODIESEL_LD,,,10000.0,
YEAR_2050,TRAIN_FREIGHT_ELEC_LD,1.762401707835412,,10000.0,5280.014524538266
YEAR_2050,TRAIN_FREIGHT_H2_LD,,,10000.0,
YEAR_2050,TRAIN_FREIGHT_NG_LD,,,10000.0,
YEAR_2050,TRAIN_FREIGHT_SNG_LD,,,10000.0,
YEAR_2050,SEMI_LH_BIODIESEL_B100_LD,,,10000.0,
YEAR_2050,SEMI_LH_BIODIESEL_B20_LD,,,10000.0,
YEAR_2050,SEMI_LH_CNG_LD,9.083724386753257,,10000.0,7400.3285834001435
YEAR_2050,SEMI_LH_CSNG_LD,,,10000.0,
YEAR_2050,SEMI_LH_DIESEL_LD,,,10000.0,
YEAR_2050,SEMI_LH_EV_LD,,,10000.0,
YEAR_2050,SEMI_LH_FC_H2_LD,,,10000.0,
YEAR_2050,SEMI_LH_HY_DIESEL_LD,8.34970954435606,,10000.0,6802.341371595995
YEAR_2050,SEMI_LH_PROPANE_LD,,,10000.0,
YEAR_2050,TRUCK_LH_BIODIESEL_B100_LD,,,10000.0,
YEAR_2050,TRUCK_LH_BIODIESEL_B20_LD,,,10000.0,
YEAR_2050,TRUCK_LH_CNG_LD,,,10000.0,
YEAR_2050,TRUCK_LH_CSNG_LD,,,10000.0,
YEAR_2050,TRUCK_LH_DIESEL_LD,,,10000.0,
YEAR_2050,TRUCK_LH_GASOLINE_LD,,,10000.0,
YEAR_2050,TRUCK_LH_EV_LD,,,10000.0,
YEAR_2050,TRUCK_LH_HY_DIESEL_LD,,,10000.0,
YEAR_2050,TRUCK_LH_PROPANE_LD,,,10000.0,
YEAR_2050,TRAIN_FREIGHT_DIESEL_ELD,3.147632931118324,,10000.0,9430.056450996008
YEAR_2050,TRAIN_FREIGHT_BIODIESEL_ELD,,,10000.0,
YEAR_2050,TRAIN_FREIGHT_ELEC_ELD,5.286151567791914,,10000.0,15836.887204979148
YEAR_2050,TRAIN_FREIGHT_H2_ELD,,,10000.0,
YEAR_2050,TRAIN_FREIGHT_NG_ELD,,,10000.0,
YEAR_2050,TRAIN_FREIGHT_SNG_ELD,,,10000.0,
YEAR_2050,SEMI_LH_BIODIESEL_B100_ELD,,,10000.0,
YEAR_2050,SEMI_LH_BIODIESEL_B20_ELD,,,10000.0,
YEAR_2050,SEMI_LH_CNG_ELD,8.798116387515368,,10000.0,7167.649458581018
YEAR_2050,SEMI_LH_CSNG_ELD,,,10000.0,
YEAR_2050,SEMI_LH_DIESEL_ELD,,,10000.0,
YEAR_2050,SEMI_LH_EV_ELD,,,10000.0,
YEAR_2050,SEMI_LH_FC_H2_ELD,,,10000.0,
YEAR_2050,SEMI_LH_HY_DIESEL_ELD,17.1620129862678,,10000.0,13981.548739652655
YEAR_2050,SEMI_LH_PROPANE_ELD,,,10000.0,
YEAR_2050,PLANE_FREIGHT_ELD,0.121159497964639,,10000.0,636.814321302143
YEAR_2050,PLANE_FREIGHT_BIO_ELD,0.0159419965377905,,10000.0,83.79113380262685
YEAR_2050,BULK_CARRIER_ELD,,,10000.0,
YEAR_2050,CONTAINER_ELD,,,10000.0,
YEAR_2050,OIL_TANKER_ELD,0.306280025826041,,10000.0,1287.8462525933423
YEAR_2050,BULK_CARRIER_BIO_ELD,,,10000.0,
YEAR_2050,CONTAINER_BIO_ELD,,,10000.0,
YEAR_2050,OIL_TANKER_BIO_ELD,,,10000.0,
YEAR_2050,BULK_CARRIER_MEOH_ELD,7.955518980475779,,10000.0,38329.69044793231
YEAR_2050,CONTAINER_MEOH_ELD,1.864263219735554,,10000.0,11431.662063418411
YEAR_2050,OIL_TANKER_MEOH_ELD,3.851758037799827,,10000.0,16195.87219734071
YEAR_2050,BULK_CARRIER_BIOMEOH_ELD,,,10000.0,
YEAR_2050,CONTAINER_BIOMEOH_ELD,,,10000.0,
YEAR_2050,OIL_TANKER_BIOMEOH_ELD,,,10000.0,
YEAR_2050,ETHANE_OXIDATION,,,10000.0,
YEAR_2050,METHANOL_CARBONYLATION,,,10000.0,
YEAR_2050,BIOMETHANOL_CARBONYLATION,,,10000.0,
YEAR_2050,CUMENE_PROCESS,,,10000.0,
YEAR_2050,CO2_METHANOL,,,10000.0,
YEAR_2050,METHANE_TO_METHANOL,,,10000.0,
YEAR_2050,METHANOL_FT,0.7075529492660898,,10000.0,5268.4392602353055
YEAR_2050,BIOMETHANE_TO_BIOMETHANOL,,,10000.0,
YEAR_2050,BIOMETHANOL_FT,,,10000.0,
YEAR_2050,WOOD_METHANOL,,,10000.0,
YEAR_2050,ETHYLENE_POLYMERIZATION,,,10000.0,
YEAR_2050,STYRENE_POLYMERIZATION,,,10000.0,
YEAR_2050,DHN_TH_STORAGE,,,10000.0,
YEAR_2050,DEC_TH_STORAGE,,,10000.0,
YEAR_2050,DHN,15.97847919409165,,10000.0,
YEAR_2050,BATTERY,,,10000.0,
YEAR_2050,EHV_GRID,35.5217144163113,,10000.0,254181.5612079999
YEAR_2050,HV_GRID,30.68054053956114,,10000.0,201419.04906281954
YEAR_2050,MV_GRID,23.89525282676702,,10000.0,133208.36804078365
YEAR_2050,LV_GRID,21.7944833343204,,10000.0,84208.74930086096
YEAR_2050,EHP_H2_GRID,0.6765995072599321,,10000.0,1306.5287791003036
YEAR_2050,HP_H2_GRID,5.353670881556109,,10000.0,6782.4664961013195
YEAR_2050,MP_H2_GRID,4.79506699428343,,10000.0,33528.343867473006
YEAR_2050,LP_H2_GRID,,,10000.0,
YEAR_2050,EHP_NG_GRID,29.27657767194914,,10000.0,133776.50740192406
YEAR_2050,HP_NG_GRID,29.27657767194914,,10000.0,147703.79434221372
YEAR_2050,MP_NG_GRID,25.35338504679456,,10000.0,128030.6840276329
YEAR_2050,LP_NG_GRID,18.81813432953997,,10000.0,18064.896224617718
YEAR_2050,ALKALINE_ELECTROLYSIS,,,10000.0,
YEAR_2050,AN_DIG,,,10000.0,
YEAR_2050,ATR,,,10000.0,
YEAR_2050,BIOGAS_BIOMETHANE,,,10000.0,
YEAR_2050,BIOMASS_GAS_EF_H2,,,10000.0,
YEAR_2050,BIOMASS_GAS_FB_H2,,,10000.0,
YEAR_2050,CO2_TO_DIESEL,1.86090802093417,,10000.0,16301.554263383328
YEAR_2050,CO2_STO,,,10000.0,
YEAR_2050,CO2_TO_JETFUELS,0.2232599769615786,,10000.0,1955.7573981834282
YEAR_2050,COAL_GAS_H2,,,10000.0,
YEAR_2050,COAL_GAS_H2_ADV,,,10000.0,
YEAR_2050,CROPS_TO_ETHANOL,,,10000.0,
YEAR_2050,CROPS_TO_JETFUELS,,,10000.0,
YEAR_2050,DIE_STO,,,10000.0,
YEAR_2050,ELEC_STO,,,10000.0,
YEAR_2050,ETHANE_CRACKING,,,10000.0,
YEAR_2050,ETHANE_TO_ETHYLENE,,,10000.0,
YEAR_2050,ETHANOL_TO_JETFUELS,,,10000.0,
YEAR_2050,FT,,,10000.0,
YEAR_2050,GASIFICATION_H2,,,10000.0,
YEAR_2050,GASIFICATION_SNG,,,10000.0,
YEAR_2050,GASO_STO,,,10000.0,
YEAR_2050,BIOETHANOL_TO_BIOJETFUELS,,,10000.0,
YEAR_2050,H2_COMP_HE,0.2014440270816696,,10000.0,653.2643895501519
YEAR_2050,H2_COMP_LM,,,10000.0,
YEAR_2050,H2_COMP_MH,0.9011246328523506,,10000.0,6129.202106551168
YEAR_2050,H2_EXP_EH,0.6765995072599321,,10000.0,653.2643895501517
YEAR_2050,H2_EXP_EH_COGEN,,,10000.0,
YEAR_2050,H2_EXP_HM,3.238141922848569,,10000.0,
YEAR_2050,H2_EXP_HM_COGEN,,,10000.0,
YEAR_2050,H2_EXP_ML,,,10000.0,
YEAR_2050,H2_EXP_ML_COGEN,,,10000.0,
YEAR_2050,H2_STO,503.3900334013895,,10000.0,653.2643895501519
YEAR_2050,HYDRO_GAS,,,10000.0,
YEAR_2050,LT_DEC_WH,0.1,,0.1,1.5322998232305514
YEAR_2050,LT_DHN_WH,0.1,,0.1,
YEAR_2050,METATHESIS_PROPYLENE,,,10000.0,
YEAR_2050,METHANATION,,,10000.0,
YEAR_2050,METHANOL_TO_AROMATICS,,,10000.0,
YEAR_2050,METHANOL_TO_OLEFINS,,,10000.0,
YEAR_2050,BIOMETHANOL_TO_AROMATICS,,,10000.0,
YEAR_2050,BIOMETHANOL_TO_OLEFINS,,,10000.0,
YEAR_2050,NG_COMP_HE,,,10000.0,
YEAR_2050,NG_COMP_LM,,,10000.0,
YEAR_2050,NG_COMP_MH,,,10000.0,
YEAR_2050,NG_EXP_EH,29.27657767194914,,10000.0,133776.50740192406
YEAR_2050,NG_EXP_EH_COGEN,,,10000.0,
YEAR_2050,NG_EXP_HM,25.35338504679456,,10000.0,128030.6840276329
YEAR_2050,NG_EXP_HM_COGEN,,,10000.0,
YEAR_2050,NG_EXP_ML,18.67169709660831,,10000.0,18064.896224617718
YEAR_2050,SNG_COMP_HE,,,10000.0,
YEAR_2050,SNG_COMP_LM,,,10000.0,
YEAR_2050,SNG_COMP_MH,,,10000.0,
YEAR_2050,SNG_EXP_EH,,,10000.0,
YEAR_2050,SNG_EXP_EH_COGEN,,,10000.0,
YEAR_2050,SNG_EXP_HM,,,10000.0,
YEAR_2050,SNG_EXP_HM_COGEN,,,10000.0,
YEAR_2050,SNG_EXP_ML,,,10000.0,
YEAR_2050,NG_EXP_ML_COGEN,,,10000.0,
YEAR_2050,NG_PYROLYSIS_PLASMA,4.028880541633382,,10000.0,33528.343867473006
YEAR_2050,NG_PYROLYSIS_THERMAL,,,10000.0,
YEAR_2050,NG_REFORMING,,,10000.0,
YEAR_2050,NG_STO,,,10000.0,
YEAR_2050,PEM_ELECTROLYSIS,,,10000.0,
YEAR_2050,PYROLYSIS,,,10000.0,
YEAR_2050,SNG_EXP_ML_COGEN,,,10000.0,
YEAR_2050,SNG_PYROLYSIS_PLASMA,,,10000.0,
YEAR_2050,SNG_PYROLYSIS_THERMAL,,,10000.0,
YEAR_2050,SNG_REFORMING,,,10000.0,
YEAR_2050,SNG_STO,,,10000.0,
YEAR_2050,SMART_PROCESS,,,10000.0,
YEAR_2050,SMR,4.686651073286002,,10000.0,
YEAR_2050,SOEC_ELECTROLYSIS,,,10000.0,
YEAR_2050,STO_CO2,,,10000.0,
YEAR_2050,STO_DIE,,,10000.0,
YEAR_2050,STO_ELEC,,,10000.0,
YEAR_2050,STO_GASO,,,10000.0,
YEAR_2050,STO_H2,503.3900334013895,,10000.0,653.2643895501517
YEAR_2050,STO_NG,,,10000.0,
YEAR_2050,STO_SNG,,,10000.0,
YEAR_2050,DAC_HT,,,10000.0,
YEAR_2050,DAC_LT,,,10000.0,
YEAR_2050,CARBON_CAPTURE,,,10000.0,
YEAR_2050,CARBON_CAPTURE_AMINES,,,10000.0,
YEAR_2050,CARBON_CAPTURE_MEMBRANES,3.390181603576205,,10000.0,25243.292220228424
YEAR_2050,CARBON_CAPTURE_MOF,,,10000.0,
YEAR_2050,CARBON_MINERALIZATION,0.2192887983562354,,10000.0,1632.8243925605288
YEAR_2050,CARBON_TRANSPORT_INJECTION,2.290702413933681,,10000.0,15900.000000000004
YEAR_2050,CAR_BIODIESEL_B100,,,10000.0,
YEAR_2050,CAR_BIODIESEL_B20,,,10000.0,
YEAR_2050,CAR_CNG,,,10000.0,
YEAR_2050,CAR_CSNG,,,10000.0,
YEAR_2050,CAR_DIESEL,,,10000.0,
YEAR_2050,CAR_ETOH_E10,,,10000.0,
YEAR_2050,CAR_ETOH_E85,,,10000.0,
YEAR_2050,CAR_BIOETOH_E10,,,10000.0,
YEAR_2050,CAR_BIOETOH_E85,,,10000.0,
YEAR_2050,CAR_EV,97.27531291066367,,10000.0,43458.71879596811
YEAR_2050,CAR_FC_H2,,,10000.0,
YEAR_2050,CAR_GASOLINE,,,10000.0,
YEAR_2050,CAR_HEV,43.57431676138079,,10000.0,19467.261756314474
YEAR_2050,CAR_MEOH,,,10000.0,
YEAR_2050,CAR_BIOMEOH,,,10000.0,
YEAR_2050,CAR_PHEV,,,10000.0,
YEAR_2050,CAR_PROPANE,,,10000.0,
YEAR_2050,SUV_BIODIESEL_B100,,,10000.0,
YEAR_2050,SUV_BIODIESEL_B20,,,10000.0,
YEAR_2050,SUV_CNG,,,10000.0,
YEAR_2050,SUV_CSNG,,,10000.0,
YEAR_2050,SUV_DIESEL,,,10000.0,
YEAR_2050,SUV_ETOH_E10,,,10000.0,
YEAR_2050,SUV_ETOH_E85,,,10000.0,
YEAR_2050,SUV_BIOETOH_E10,,,10000.0,
YEAR_2050,SUV_BIOETOH_E85,,,10000.0,
YEAR_2050,SUV_EV,121.7335725502608,,10000.0,54385.69087255452
YEAR_2050,SUV_FC_H2,,,10000.0,
YEAR_2050,SUV_GASOLINE,,,10000.0,
YEAR_2050,SUV_HY_GASOLINE,,,10000.0,
YEAR_2050,SUV_PHEV_GASOLINE,,,10000.0,
YEAR_2050,SUV_PROPANE,,,10000.0,
YEAR_2050,BUS_BIODIESEL_B100,,,10000.0,
YEAR_2050,BUS_BIODIESEL_B20,,,10000.0,
YEAR_2050,BUS_CNG,0.5747030603350478,,10000.0,1495.2164461349007
YEAR_2050,BUS_CSNG,,,10000.0,
YEAR_2050,BUS_DIESEL,,,10000.0,
YEAR_2050,BUS_GASOLINE,,,10000.0,
YEAR_2050,BUS_EV,,,10000.0,
YEAR_2050,BUS_FC_H2,,,10000.0,
YEAR_2050,BUS_HY_DIESEL,,,10000.0,
YEAR_2050,BUS_PROPANE,,,10000.0,
YEAR_2050,SCHOOLBUS_BIODIESEL_B100,,,10000.0,
YEAR_2050,SCHOOLBUS_BIODIESEL_B20,,,10000.0,
YEAR_2050,SCHOOLBUS_CNG,,,10000.0,
YEAR_2050,SCHOOLBUS_CSNG,,,10000.0,
YEAR_2050,SCHOOLBUS_DIESEL,,,10000.0,
YEAR_2050,SCHOOLBUS_ETOH_E10,,,10000.0,
YEAR_2050,SCHOOLBUS_BIOETOH_E10,,,10000.0,
YEAR_2050,SCHOOLBUS_EV,,,10000.0,
YEAR_2050,SCHOOLBUS_GASOLINE,1.452698522026469,,10000.0,3779.5147987267046
YEAR_2050,SCHOOLBUS_HY_DIESEL,,,10000.0,
YEAR_2050,SCHOOLBUS_PROPANE,,,10000.0,
YEAR_2050,COACH_BIODIESEL_B100,,,10000.0,
YEAR_2050,COACH_BIODIESEL_B20,,,10000.0,
YEAR_2050,COACH_CNG,0.04749148893674941,,10000.0,123.55955659651974
YEAR_2050,COACH_CSNG,,,10000.0,
YEAR_2050,COACH_DIESEL,,,10000.0,
YEAR_2050,COACH_ETOH_E10,,,10000.0,
YEAR_2050,COACH_BIOETOH_E10,,,10000.0,
YEAR_2050,COACH_EV,,,10000.0,
YEAR_2050,COACH_GASOLINE,0.1279789604065966,,10000.0,332.96542086905055
YEAR_2050,COACH_HY_DIESEL,,,10000.0,
YEAR_2050,COACH_PROPANE,,,10000.0,
YEAR_2050,COMMUTER_RAIL_DIESEL,0.01353207401416512,,10000.0,40.54101118051756
YEAR_2050,COMMUTER_RAIL_ELEC,0.650547005188435,,10000.0,1948.9867837841368
YEAR_2050,TRAIN_DIESEL,0.01766589646877037,,10000.0,
YEAR_2050,TRAIN_BIODIESEL,,,10000.0,
YEAR_2050,TRAIN_ELEC,0.02299081296720264,,10000.0,54.472558636439395
YEAR_2050,TRAIN_H2,,,10000.0,
YEAR_2050,TRAIN_NG,,,10000.0,
YEAR_2050,TRAIN_SNG,,,10000.0,
YEAR_2050,PLANE_SH,15.9342013764711,,10000.0,48714.67781620252
YEAR_2050,PLANE_LH,,,10000.0,
YEAR_2050,PLANE_SH_BIO,1.769326727690225,,10000.0,5409.2564449636575
YEAR_2050,PLANE_LH_BIO,,,10000.0,
YEAR_2050,LCV_BIODIESEL_B100,,,10000.0,
YEAR_2050,LCV_BIODIESEL_B20,,,10000.0,
YEAR_2050,LCV_CNG,,,10000.0,
YEAR_2050,LCV_CSNG,,,10000.0,
YEAR_2050,LCV_DIESEL,,,10000.0,
YEAR_2050,LCV_GASOLINE,,,10000.0,
YEAR_2050,LCV_ETOH_E10,,,10000.0,
YEAR_2050,LCV_ETOH_E85,,,10000.0,
YEAR_2050,LCV_EV,,,10000.0,
YEAR_2050,LCV_FC_H2,15.38818265977766,,10000.0,12536.444649267662
YEAR_2050,LCV_PHEV_DIESEL,,,10000.0,
YEAR_2050,LCV_PROPANE,,,10000.0,
YEAR_2050,TRUCK_SH_BIODIESEL_B100,,,10000.0,
YEAR_2050,TRUCK_SH_BIODIESEL_B20,,,10000.0,
YEAR_2050,TRUCK_SH_CNG,,,10000.0,
YEAR_2050,TRUCK_SH_CSNG,,,10000.0,
YEAR_2050,TRUCK_SH_DIESEL,,,10000.0,
YEAR_2050,TRUCK_SH_GASOLINE,,,10000.0,
YEAR_2050,TRUCK_SH_EV,,,10000.0,
YEAR_2050,TRUCK_SH_HY_DIESEL,,,10000.0,
YEAR_2050,TRUCK_SH_PROPANE,,,10000.0,
YEAR_2050,SEMI_SH_BIODIESEL_B100,,,10000.0,
YEAR_2050,SEMI_SH_BIODIESEL_B20,,,10000.0,
YEAR_2050,SEMI_SH_CNG,,,10000.0,
YEAR_2050,SEMI_SH_CSNG,,,10000.0,
YEAR_2050,SEMI_SH_DIESEL,,,10000.0,
YEAR_2050,SEMI_SH_EV,,,10000.0,
YEAR_2050,SEMI_SH_FC_H2,,,10000.0,
YEAR_2050,SEMI_SH_HY_DIESEL,36.15151333418963,,10000.0,29451.914883097612
YEAR_2050,SEMI_SH_PROPANE,,,10000.0,
YEAR_2050,SEMI_LH_BIODIESEL_B100,,,10000.0,
YEAR_2050,SEMI_LH_BIODIESEL_B20,,,10000.0,
YEAR_2050,SEMI_LH_CNG,17.88184077426862,,10000.0,14567.978041981156
YEAR_2050,SEMI_LH_CSNG,,,10000.0,
YEAR_2050,SEMI_LH_DIESEL,,,10000.0,
YEAR_2050,SEMI_LH_EV,,,10000.0,
YEAR_2050,SEMI_LH_FC_H2,,,10000.0,
YEAR_2050,SEMI_LH_HY_DIESEL,25.51172253062386,,10000.0,20783.89011124865
YEAR_2050,SEMI_LH_PROPANE,,,10000.0,
YEAR_2050,TRAIN_FREIGHT_DIESEL,4.197007032895726,,10000.0,12573.897309992964
YEAR_2050,TRAIN_FREIGHT_BIODIESEL,,,10000.0,
YEAR_2050,TRAIN_FREIGHT_ELEC,7.048553275627325,,10000.0,21116.90172951742
YEAR_2050,TRAIN_FREIGHT_H2,,,10000.0,
YEAR_2050,TRAIN_FREIGHT_NG,,,10000.0,
YEAR_2050,TRAIN_FREIGHT_SNG,,,10000.0,
YEAR_2050,TRUCK_LH_BIODIESEL_B100,,,10000.0,
YEAR_2050,TRUCK_LH_BIODIESEL_B20,,,10000.0,
YEAR_2050,TRUCK_LH_CNG,,,10000.0,
YEAR_2050,TRUCK_LH_CSNG,,,10000.0,
YEAR_2050,TRUCK_LH_DIESEL,,,10000.0,
YEAR_2050,TRUCK_LH_GASOLINE,,,10000.0,
YEAR_2050,TRUCK_LH_EV,,,10000.0,
YEAR_2050,TRUCK_LH_HY_DIESEL,,,10000.0,
YEAR_2050,TRUCK_LH_PROPANE,,,10000.0,
YEAR_2050,PLANE_FREIGHT,0.121159497964639,,10000.0,636.814321302143
YEAR_2050,PLANE_FREIGHT_BIO,0.0159419965377905,,10000.0,83.79113380262685
YEAR_2050,BULK_CARRIER,,,10000.0,
YEAR_2050,CONTAINER,,,10000.0,
YEAR_2050,OIL_TANKER,0.306280025826041,,10000.0,1287.8462525933423
YEAR_2050,BULK_CARRIER_BIO,,,10000.0,
YEAR_2050,CONTAINER_BIO,,,10000.0,
YEAR_2050,OIL_TANKER_BIO,,,10000.0,
YEAR_2050,BULK_CARRIER_MEOH,7.955518980475779,,10000.0,38329.69044793231
YEAR_2050,CONTAINER_MEOH,1.864263219735554,,10000.0,11431.662063418411
YEAR_2050,OIL_TANKER_MEOH,3.851758037799827,,10000.0,16195.87219734071
YEAR_2050,BULK_CARRIER_BIOMEOH,,,10000.0,
YEAR_2050,CONTAINER_BIOMEOH,,,10000.0,
YEAR_2050,OIL_TANKER_BIOMEOH,,,10000.0,
