param years_active :=
[AFC, *, *] :	2015_2020	2020_2025	2025_2030	2030_2035	2035_2040	2040_2045	2045_2050	:=
2015_2020	2.5	5	5	5	5	5	5
2020_2025	0.0	2.5	5	5	5	5	5
2025_2030	0.0	0.0	2.5	5	5	5	5
2030_2035	0.0	0.0	0.0	2.5	5	5	5
2035_2040	0.0	0.0	0.0	0.0	2.5	5	5
2040_2045	0.0	0.0	0.0	0.0	0.0	2.5	5
2045_2050	0.0	0.0	0.0	0.0	0.0	0.0	2.5
[ALKALINE_ELECTROLYSIS, *, *] :	2015_2020	2020_2025	2025_2030	2030_2035	2035_2040	2040_2045	2045_2050	:=
2015_2020	2.5	5	2.5	0.0	0.0	0.0	0.0
2020_2025	0.0	2.5	5	2.5	0.0	0.0	0.0
2025_2030	0.0	0.0	2.5	5	2.5	0.0	0.0
2030_2035	0.0	0.0	0.0	2.5	5	2.5	0.0
2035_2040	0.0	0.0	0.0	0.0	2.5	5	2.5
2040_2045	0.0	0.0	0.0	0.0	0.0	2.5	5
2045_2050	0.0	0.0	0.0	0.0	0.0	0.0	2.5
[AL_MAKING, *, *] :	2015_2020	2020_2025	2025_2030	2030_2035	2035_2040	2040_2045	2045_2050	:=
2015_2020	2.5	5	5	5	5	2.5	0.0
2020_2025	0.0	2.5	5	5	5	5	2.5
2025_2030	0.0	0.0	2.5	5	5	5	5
2030_2035	0.0	0.0	0.0	2.5	5	5	5
2035_2040	0.0	0.0	0.0	0.0	2.5	5	5
2040_2045	0.0	0.0	0.0	0.0	0.0	2.5	5
2045_2050	0.0	0.0	0.0	0.0	0.0	0.0	2.5
[AL_MAKING_HR, *, *] :	2015_2020	2020_2025	2025_2030	2030_2035	2035_2040	2040_2045	2045_2050	:=
2015_2020	2.5	5	5	5	5	2.5	0.0
2020_2025	0.0	2.5	5	5	5	5	2.5
2025_2030	0.0	0.0	2.5	5	5	5	5
2030_2035	0.0	0.0	0.0	2.5	5	5	5
2035_2040	0.0	0.0	0.0	0.0	2.5	5	5
2040_2045	0.0	0.0	0.0	0.0	0.0	2.5	5
2045_2050	0.0	0.0	0.0	0.0	0.0	0.0	2.5
[AN_DIG, *, *] :	2015_2020	2020_2025	2025_2030	2030_2035	2035_2040	2040_2045	2045_2050	:=
2015_2020	2.5	5	5	5	5	2.5	0.0
2020_2025	0.0	2.5	5	5	5	5	2.5
2025_2030	0.0	0.0	2.5	5	5	5	5
2030_2035	0.0	0.0	0.0	2.5	5	5	5
2035_2040	0.0	0.0	0.0	0.0	2.5	5	5
2040_2045	0.0	0.0	0.0	0.0	0.0	2.5	5
2045_2050	0.0	0.0	0.0	0.0	0.0	0.0	2.5
[AN_DIG_SI, *, *] :	2015_2020	2020_2025	2025_2030	2030_2035	2035_2040	2040_2045	2045_2050	:=
2015_2020	2.5	5	5	5	5	2.5	0.0
2020_2025	0.0	2.5	5	5	5	5	2.5
2025_2030	0.0	0.0	2.5	5	5	5	5
2030_2035	0.0	0.0	0.0	2.5	5	5	5
2035_2040	0.0	0.0	0.0	0.0	2.5	5	5
2040_2045	0.0	0.0	0.0	0.0	0.0	2.5	5
2045_2050	0.0	0.0	0.0	0.0	0.0	0.0	2.5
[ATR, *, *] :	2015_2020	2020_2025	2025_2030	2030_2035	2035_2040	2040_2045	2045_2050	:=
2015_2020	2.5	5	5	5	5	5	2.5
2020_2025	0.0	2.5	5	5	5	5	5
2025_2030	0.0	0.0	2.5	5	5	5	5
2030_2035	0.0	0.0	0.0	2.5	5	5	5
2035_2040	0.0	0.0	0.0	0.0	2.5	5	5
2040_2045	0.0	0.0	0.0	0.0	0.0	2.5	5
2045_2050	0.0	0.0	0.0	0.0	0.0	0.0	2.5
[ATR_CCS, *, *] :	2015_2020	2020_2025	2025_2030	2030_2035	2035_2040	2040_2045	2045_2050	:=
2015_2020	2.5	5	5	5	5	5	2.5
2020_2025	0.0	2.5	5	5	5	5	5
2025_2030	0.0	0.0	2.5	5	5	5	5
2030_2035	0.0	0.0	0.0	2.5	5	5	5
2035_2040	0.0	0.0	0.0	0.0	2.5	5	5
2040_2045	0.0	0.0	0.0	0.0	0.0	2.5	5
2045_2050	0.0	0.0	0.0	0.0	0.0	0.0	2.5
[BATTERY, *, *] :	2015_2020	2020_2025	2025_2030	2030_2035	2035_2040	2040_2045	2045_2050	:=
2015_2020	2.5	5	5	5	5	2.5	0.0
2020_2025	0.0	2.5	5	5	5	5	2.5
2025_2030	0.0	0.0	2.5	5	5	5	5
2030_2035	0.0	0.0	0.0	2.5	5	5	5
2035_2040	0.0	0.0	0.0	0.0	2.5	5	5
2040_2045	0.0	0.0	0.0	0.0	0.0	2.5	5
2045_2050	0.0	0.0	0.0	0.0	0.0	0.0	2.5
[BIOETHANOL_TO_BIOJETFUELS, *, *] :	2015_2020	2020_2025	2025_2030	2030_2035	2035_2040	2040_2045	2045_2050	:=
2015_2020	2.5	5	5	5	2.5	0.0	0.0
2020_2025	0.0	2.5	5	5	5	2.5	0.0
2025_2030	0.0	0.0	2.5	5	5	5	2.5
2030_2035	0.0	0.0	0.0	2.5	5	5	5
2035_2040	0.0	0.0	0.0	0.0	2.5	5	5
2040_2045	0.0	0.0	0.0	0.0	0.0	2.5	5
2045_2050	0.0	0.0	0.0	0.0	0.0	0.0	2.5
[BIOGAS_ATR, *, *] :	2015_2020	2020_2025	2025_2030	2030_2035	2035_2040	2040_2045	2045_2050	:=
2015_2020	2.5	5	5	5	5	5	2.5
2020_2025	0.0	2.5	5	5	5	5	5
2025_2030	0.0	0.0	2.5	5	5	5	5
2030_2035	0.0	0.0	0.0	2.5	5	5	5
2035_2040	0.0	0.0	0.0	0.0	2.5	5	5
2040_2045	0.0	0.0	0.0	0.0	0.0	2.5	5
2045_2050	0.0	0.0	0.0	0.0	0.0	0.0	2.5
[BIOGAS_ATR_CCS, *, *] :	2015_2020	2020_2025	2025_2030	2030_2035	2035_2040	2040_2045	2045_2050	:=
2015_2020	2.5	5	5	5	5	5	2.5
2020_2025	0.0	2.5	5	5	5	5	5
2025_2030	0.0	0.0	2.5	5	5	5	5
2030_2035	0.0	0.0	0.0	2.5	5	5	5
2035_2040	0.0	0.0	0.0	0.0	2.5	5	5
2040_2045	0.0	0.0	0.0	0.0	0.0	2.5	5
2045_2050	0.0	0.0	0.0	0.0	0.0	0.0	2.5
[BIOGAS_BIOMETHANE, *, *] :	2015_2020	2020_2025	2025_2030	2030_2035	2035_2040	2040_2045	2045_2050	:=
2015_2020	2.5	5	5	5	2.5	0.0	0.0
2020_2025	0.0	2.5	5	5	5	2.5	0.0
2025_2030	0.0	0.0	2.5	5	5	5	2.5
2030_2035	0.0	0.0	0.0	2.5	5	5	5
2035_2040	0.0	0.0	0.0	0.0	2.5	5	5
2040_2045	0.0	0.0	0.0	0.0	0.0	2.5	5
2045_2050	0.0	0.0	0.0	0.0	0.0	0.0	2.5
[BIOGAS_SMR, *, *] :	2015_2020	2020_2025	2025_2030	2030_2035	2035_2040	2040_2045	2045_2050	:=
2015_2020	2.5	5	5	5	5	5	2.5
2020_2025	0.0	2.5	5	5	5	5	5
2025_2030	0.0	0.0	2.5	5	5	5	5
2030_2035	0.0	0.0	0.0	2.5	5	5	5
2035_2040	0.0	0.0	0.0	0.0	2.5	5	5
2040_2045	0.0	0.0	0.0	0.0	0.0	2.5	5
2045_2050	0.0	0.0	0.0	0.0	0.0	0.0	2.5
[BIOGAS_SMR_CCS, *, *] :	2015_2020	2020_2025	2025_2030	2030_2035	2035_2040	2040_2045	2045_2050	:=
2015_2020	2.5	5	5	5	5	5	2.5
2020_2025	0.0	2.5	5	5	5	5	5
2025_2030	0.0	0.0	2.5	5	5	5	5
2030_2035	0.0	0.0	0.0	2.5	5	5	5
2035_2040	0.0	0.0	0.0	0.0	2.5	5	5
2040_2045	0.0	0.0	0.0	0.0	0.0	2.5	5
2045_2050	0.0	0.0	0.0	0.0	0.0	0.0	2.5
[BIOMASS_GAS_EF_H2, *, *] :	2015_2020	2020_2025	2025_2030	2030_2035	2035_2040	2040_2045	2045_2050	:=
2015_2020	2.5	5	5	5	5	5	2.5
2020_2025	0.0	2.5	5	5	5	5	5
2025_2030	0.0	0.0	2.5	5	5	5	5
2030_2035	0.0	0.0	0.0	2.5	5	5	5
2035_2040	0.0	0.0	0.0	0.0	2.5	5	5
2040_2045	0.0	0.0	0.0	0.0	0.0	2.5	5
2045_2050	0.0	0.0	0.0	0.0	0.0	0.0	2.5
[BIOMASS_GAS_EF_H2_CCS, *, *] :	2015_2020	2020_2025	2025_2030	2030_2035	2035_2040	2040_2045	2045_2050	:=
2015_2020	2.5	5	5	5	5	5	2.5
2020_2025	0.0	2.5	5	5	5	5	5
2025_2030	0.0	0.0	2.5	5	5	5	5
2030_2035	0.0	0.0	0.0	2.5	5	5	5
2035_2040	0.0	0.0	0.0	0.0	2.5	5	5
2040_2045	0.0	0.0	0.0	0.0	0.0	2.5	5
2045_2050	0.0	0.0	0.0	0.0	0.0	0.0	2.5
[BIOMASS_GAS_FB_H2, *, *] :	2015_2020	2020_2025	2025_2030	2030_2035	2035_2040	2040_2045	2045_2050	:=
2015_2020	2.5	5	5	5	5	5	2.5
2020_2025	0.0	2.5	5	5	5	5	5
2025_2030	0.0	0.0	2.5	5	5	5	5
2030_2035	0.0	0.0	0.0	2.5	5	5	5
2035_2040	0.0	0.0	0.0	0.0	2.5	5	5
2040_2045	0.0	0.0	0.0	0.0	0.0	2.5	5
2045_2050	0.0	0.0	0.0	0.0	0.0	0.0	2.5
[BIOMASS_GAS_FB_H2_CCS, *, *] :	2015_2020	2020_2025	2025_2030	2030_2035	2035_2040	2040_2045	2045_2050	:=
2015_2020	2.5	5	5	5	5	5	2.5
2020_2025	0.0	2.5	5	5	5	5	5
2025_2030	0.0	0.0	2.5	5	5	5	5
2030_2035	0.0	0.0	0.0	2.5	5	5	5
2035_2040	0.0	0.0	0.0	0.0	2.5	5	5
2040_2045	0.0	0.0	0.0	0.0	0.0	2.5	5
2045_2050	0.0	0.0	0.0	0.0	0.0	0.0	2.5
[BIOMETHANE_TO_BIOMETHANOL, *, *] :	2015_2020	2020_2025	2025_2030	2030_2035	2035_2040	2040_2045	2045_2050	:=
2015_2020	2.5	5	5	5	5	2.5	0.0
2020_2025	0.0	2.5	5	5	5	5	2.5
2025_2030	0.0	0.0	2.5	5	5	5	5
2030_2035	0.0	0.0	0.0	2.5	5	5	5
2035_2040	0.0	0.0	0.0	0.0	2.5	5	5
2040_2045	0.0	0.0	0.0	0.0	0.0	2.5	5
2045_2050	0.0	0.0	0.0	0.0	0.0	0.0	2.5
[BIOMETHANOL_CARBONYLATION, *, *] :	2015_2020	2020_2025	2025_2030	2030_2035	2035_2040	2040_2045	2045_2050	:=
2015_2020	2.5	5	5	5	5	2.5	0.0
2020_2025	0.0	2.5	5	5	5	5	2.5
2025_2030	0.0	0.0	2.5	5	5	5	5
2030_2035	0.0	0.0	0.0	2.5	5	5	5
2035_2040	0.0	0.0	0.0	0.0	2.5	5	5
2040_2045	0.0	0.0	0.0	0.0	0.0	2.5	5
2045_2050	0.0	0.0	0.0	0.0	0.0	0.0	2.5
[BIOMETHANOL_FT, *, *] :	2015_2020	2020_2025	2025_2030	2030_2035	2035_2040	2040_2045	2045_2050	:=
2015_2020	2.5	5	5	5	5	2.5	0.0
2020_2025	0.0	2.5	5	5	5	5	2.5
2025_2030	0.0	0.0	2.5	5	5	5	5
2030_2035	0.0	0.0	0.0	2.5	5	5	5
2035_2040	0.0	0.0	0.0	0.0	2.5	5	5
2040_2045	0.0	0.0	0.0	0.0	0.0	2.5	5
2045_2050	0.0	0.0	0.0	0.0	0.0	0.0	2.5
[BIOMETHANOL_TO_AROMATICS, *, *] :	2015_2020	2020_2025	2025_2030	2030_2035	2035_2040	2040_2045	2045_2050	:=
2015_2020	2.5	5	5	5	5	2.5	0.0
2020_2025	0.0	2.5	5	5	5	5	2.5
2025_2030	0.0	0.0	2.5	5	5	5	5
2030_2035	0.0	0.0	0.0	2.5	5	5	5
2035_2040	0.0	0.0	0.0	0.0	2.5	5	5
2040_2045	0.0	0.0	0.0	0.0	0.0	2.5	5
2045_2050	0.0	0.0	0.0	0.0	0.0	0.0	2.5
[BIOMETHANOL_TO_OLEFINS, *, *] :	2015_2020	2020_2025	2025_2030	2030_2035	2035_2040	2040_2045	2045_2050	:=
2015_2020	2.5	5	5	5	5	2.5	0.0
2020_2025	0.0	2.5	5	5	5	5	2.5
2025_2030	0.0	0.0	2.5	5	5	5	5
2030_2035	0.0	0.0	0.0	2.5	5	5	5
2035_2040	0.0	0.0	0.0	0.0	2.5	5	5
2040_2045	0.0	0.0	0.0	0.0	0.0	2.5	5
2045_2050	0.0	0.0	0.0	0.0	0.0	0.0	2.5
[BULK_CARRIER, *, *] :	2015_2020	2020_2025	2025_2030	2030_2035	2035_2040	2040_2045	2045_2050	:=
2015_2020	2.5	5	5	5	5	2.5	0.0
2020_2025	0.0	2.5	5	5	5	5	2.5
2025_2030	0.0	0.0	2.5	5	5	5	5
2030_2035	0.0	0.0	0.0	2.5	5	5	5
2035_2040	0.0	0.0	0.0	0.0	2.5	5	5
2040_2045	0.0	0.0	0.0	0.0	0.0	2.5	5
2045_2050	0.0	0.0	0.0	0.0	0.0	0.0	2.5
[BULK_CARRIER_BIO, *, *] :	2015_2020	2020_2025	2025_2030	2030_2035	2035_2040	2040_2045	2045_2050	:=
2015_2020	2.5	5	5	5	5	2.5	0.0
2020_2025	0.0	2.5	5	5	5	5	2.5
2025_2030	0.0	0.0	2.5	5	5	5	5
2030_2035	0.0	0.0	0.0	2.5	5	5	5
2035_2040	0.0	0.0	0.0	0.0	2.5	5	5
2040_2045	0.0	0.0	0.0	0.0	0.0	2.5	5
2045_2050	0.0	0.0	0.0	0.0	0.0	0.0	2.5
[BULK_CARRIER_BIOMEOH, *, *] :	2015_2020	2020_2025	2025_2030	2030_2035	2035_2040	2040_2045	2045_2050	:=
2015_2020	2.5	5	5	5	5	5	2.5
2020_2025	0.0	2.5	5	5	5	5	5
2025_2030	0.0	0.0	2.5	5	5	5	5
2030_2035	0.0	0.0	0.0	2.5	5	5	5
2035_2040	0.0	0.0	0.0	0.0	2.5	5	5
2040_2045	0.0	0.0	0.0	0.0	0.0	2.5	5
2045_2050	0.0	0.0	0.0	0.0	0.0	0.0	2.5
[BULK_CARRIER_BIOMEOH_ELD, *, *] :	2015_2020	2020_2025	2025_2030	2030_2035	2035_2040	2040_2045	2045_2050	:=
2015_2020	2.5	5	5	5	5	5	2.5
2020_2025	0.0	2.5	5	5	5	5	5
2025_2030	0.0	0.0	2.5	5	5	5	5
2030_2035	0.0	0.0	0.0	2.5	5	5	5
2035_2040	0.0	0.0	0.0	0.0	2.5	5	5
2040_2045	0.0	0.0	0.0	0.0	0.0	2.5	5
2045_2050	0.0	0.0	0.0	0.0	0.0	0.0	2.5
[BULK_CARRIER_BIO_ELD, *, *] :	2015_2020	2020_2025	2025_2030	2030_2035	2035_2040	2040_2045	2045_2050	:=
2015_2020	2.5	5	5	5	5	2.5	0.0
2020_2025	0.0	2.5	5	5	5	5	2.5
2025_2030	0.0	0.0	2.5	5	5	5	5
2030_2035	0.0	0.0	0.0	2.5	5	5	5
2035_2040	0.0	0.0	0.0	0.0	2.5	5	5
2040_2045	0.0	0.0	0.0	0.0	0.0	2.5	5
2045_2050	0.0	0.0	0.0	0.0	0.0	0.0	2.5
[BULK_CARRIER_ELD, *, *] :	2015_2020	2020_2025	2025_2030	2030_2035	2035_2040	2040_2045	2045_2050	:=
2015_2020	2.5	5	5	5	5	2.5	0.0
2020_2025	0.0	2.5	5	5	5	5	2.5
2025_2030	0.0	0.0	2.5	5	5	5	5
2030_2035	0.0	0.0	0.0	2.5	5	5	5
2035_2040	0.0	0.0	0.0	0.0	2.5	5	5
2040_2045	0.0	0.0	0.0	0.0	0.0	2.5	5
2045_2050	0.0	0.0	0.0	0.0	0.0	0.0	2.5
[BULK_CARRIER_MEOH, *, *] :	2015_2020	2020_2025	2025_2030	2030_2035	2035_2040	2040_2045	2045_2050	:=
2015_2020	2.5	5	5	5	5	5	2.5
2020_2025	0.0	2.5	5	5	5	5	5
2025_2030	0.0	0.0	2.5	5	5	5	5
2030_2035	0.0	0.0	0.0	2.5	5	5	5
2035_2040	0.0	0.0	0.0	0.0	2.5	5	5
2040_2045	0.0	0.0	0.0	0.0	0.0	2.5	5
2045_2050	0.0	0.0	0.0	0.0	0.0	0.0	2.5
[BULK_CARRIER_MEOH_ELD, *, *] :	2015_2020	2020_2025	2025_2030	2030_2035	2035_2040	2040_2045	2045_2050	:=
2015_2020	2.5	5	5	5	5	5	2.5
2020_2025	0.0	2.5	5	5	5	5	5
2025_2030	0.0	0.0	2.5	5	5	5	5
2030_2035	0.0	0.0	0.0	2.5	5	5	5
2035_2040	0.0	0.0	0.0	0.0	2.5	5	5
2040_2045	0.0	0.0	0.0	0.0	0.0	2.5	5
2045_2050	0.0	0.0	0.0	0.0	0.0	0.0	2.5
[BUS_BIODIESEL_B100, *, *] :	2015_2020	2020_2025	2025_2030	2030_2035	2035_2040	2040_2045	2045_2050	:=
2015_2020	2.5	5	5	2.5	0.0	0.0	0.0
2020_2025	0.0	2.5	5	5	2.5	0.0	0.0
2025_2030	0.0	0.0	2.5	5	5	2.5	0.0
2030_2035	0.0	0.0	0.0	2.5	5	5	2.5
2035_2040	0.0	0.0	0.0	0.0	2.5	5	5
2040_2045	0.0	0.0	0.0	0.0	0.0	2.5	5
2045_2050	0.0	0.0	0.0	0.0	0.0	0.0	2.5
[BUS_BIODIESEL_B100_SD, *, *] :	2015_2020	2020_2025	2025_2030	2030_2035	2035_2040	2040_2045	2045_2050	:=
2015_2020	2.5	5	5	2.5	0.0	0.0	0.0
2020_2025	0.0	2.5	5	5	2.5	0.0	0.0
2025_2030	0.0	0.0	2.5	5	5	2.5	0.0
2030_2035	0.0	0.0	0.0	2.5	5	5	2.5
2035_2040	0.0	0.0	0.0	0.0	2.5	5	5
2040_2045	0.0	0.0	0.0	0.0	0.0	2.5	5
2045_2050	0.0	0.0	0.0	0.0	0.0	0.0	2.5
[BUS_BIODIESEL_B20, *, *] :	2015_2020	2020_2025	2025_2030	2030_2035	2035_2040	2040_2045	2045_2050	:=
2015_2020	2.5	5	5	2.5	0.0	0.0	0.0
2020_2025	0.0	2.5	5	5	2.5	0.0	0.0
2025_2030	0.0	0.0	2.5	5	5	2.5	0.0
2030_2035	0.0	0.0	0.0	2.5	5	5	2.5
2035_2040	0.0	0.0	0.0	0.0	2.5	5	5
2040_2045	0.0	0.0	0.0	0.0	0.0	2.5	5
2045_2050	0.0	0.0	0.0	0.0	0.0	0.0	2.5
[BUS_BIODIESEL_B20_SD, *, *] :	2015_2020	2020_2025	2025_2030	2030_2035	2035_2040	2040_2045	2045_2050	:=
2015_2020	2.5	5	5	2.5	0.0	0.0	0.0
2020_2025	0.0	2.5	5	5	2.5	0.0	0.0
2025_2030	0.0	0.0	2.5	5	5	2.5	0.0
2030_2035	0.0	0.0	0.0	2.5	5	5	2.5
2035_2040	0.0	0.0	0.0	0.0	2.5	5	5
2040_2045	0.0	0.0	0.0	0.0	0.0	2.5	5
2045_2050	0.0	0.0	0.0	0.0	0.0	0.0	2.5
[BUS_CNG, *, *] :	2015_2020	2020_2025	2025_2030	2030_2035	2035_2040	2040_2045	2045_2050	:=
2015_2020	2.5	5	5	2.5	0.0	0.0	0.0
2020_2025	0.0	2.5	5	5	2.5	0.0	0.0
2025_2030	0.0	0.0	2.5	5	5	2.5	0.0
2030_2035	0.0	0.0	0.0	2.5	5	5	2.5
2035_2040	0.0	0.0	0.0	0.0	2.5	5	5
2040_2045	0.0	0.0	0.0	0.0	0.0	2.5	5
2045_2050	0.0	0.0	0.0	0.0	0.0	0.0	2.5
[BUS_CNG_SD, *, *] :	2015_2020	2020_2025	2025_2030	2030_2035	2035_2040	2040_2045	2045_2050	:=
2015_2020	2.5	5	5	2.5	0.0	0.0	0.0
2020_2025	0.0	2.5	5	5	2.5	0.0	0.0
2025_2030	0.0	0.0	2.5	5	5	2.5	0.0
2030_2035	0.0	0.0	0.0	2.5	5	5	2.5
2035_2040	0.0	0.0	0.0	0.0	2.5	5	5
2040_2045	0.0	0.0	0.0	0.0	0.0	2.5	5
2045_2050	0.0	0.0	0.0	0.0	0.0	0.0	2.5
[BUS_CSNG, *, *] :	2015_2020	2020_2025	2025_2030	2030_2035	2035_2040	2040_2045	2045_2050	:=
2015_2020	2.5	5	5	2.5	0.0	0.0	0.0
2020_2025	0.0	2.5	5	5	2.5	0.0	0.0
2025_2030	0.0	0.0	2.5	5	5	2.5	0.0
2030_2035	0.0	0.0	0.0	2.5	5	5	2.5
2035_2040	0.0	0.0	0.0	0.0	2.5	5	5
2040_2045	0.0	0.0	0.0	0.0	0.0	2.5	5
2045_2050	0.0	0.0	0.0	0.0	0.0	0.0	2.5
[BUS_CSNG_SD, *, *] :	2015_2020	2020_2025	2025_2030	2030_2035	2035_2040	2040_2045	2045_2050	:=
2015_2020	2.5	5	5	2.5	0.0	0.0	0.0
2020_2025	0.0	2.5	5	5	2.5	0.0	0.0
2025_2030	0.0	0.0	2.5	5	5	2.5	0.0
2030_2035	0.0	0.0	0.0	2.5	5	5	2.5
2035_2040	0.0	0.0	0.0	0.0	2.5	5	5
2040_2045	0.0	0.0	0.0	0.0	0.0	2.5	5
2045_2050	0.0	0.0	0.0	0.0	0.0	0.0	2.5
[BUS_DIESEL, *, *] :	2015_2020	2020_2025	2025_2030	2030_2035	2035_2040	2040_2045	2045_2050	:=
2015_2020	2.5	5	5	2.5	0.0	0.0	0.0
2020_2025	0.0	2.5	5	5	2.5	0.0	0.0
2025_2030	0.0	0.0	2.5	5	5	2.5	0.0
2030_2035	0.0	0.0	0.0	2.5	5	5	2.5
2035_2040	0.0	0.0	0.0	0.0	2.5	5	5
2040_2045	0.0	0.0	0.0	0.0	0.0	2.5	5
2045_2050	0.0	0.0	0.0	0.0	0.0	0.0	2.5
[BUS_DIESEL_SD, *, *] :	2015_2020	2020_2025	2025_2030	2030_2035	2035_2040	2040_2045	2045_2050	:=
2015_2020	2.5	5	5	2.5	0.0	0.0	0.0
2020_2025	0.0	2.5	5	5	2.5	0.0	0.0
2025_2030	0.0	0.0	2.5	5	5	2.5	0.0
2030_2035	0.0	0.0	0.0	2.5	5	5	2.5
2035_2040	0.0	0.0	0.0	0.0	2.5	5	5
2040_2045	0.0	0.0	0.0	0.0	0.0	2.5	5
2045_2050	0.0	0.0	0.0	0.0	0.0	0.0	2.5
[BUS_EV, *, *] :	2015_2020	2020_2025	2025_2030	2030_2035	2035_2040	2040_2045	2045_2050	:=
2015_2020	2.5	5	5	2.5	0.0	0.0	0.0
2020_2025	0.0	2.5	5	5	2.5	0.0	0.0
2025_2030	0.0	0.0	2.5	5	5	2.5	0.0
2030_2035	0.0	0.0	0.0	2.5	5	5	2.5
2035_2040	0.0	0.0	0.0	0.0	2.5	5	5
2040_2045	0.0	0.0	0.0	0.0	0.0	2.5	5
2045_2050	0.0	0.0	0.0	0.0	0.0	0.0	2.5
[BUS_EV_SD, *, *] :	2015_2020	2020_2025	2025_2030	2030_2035	2035_2040	2040_2045	2045_2050	:=
2015_2020	2.5	5	5	2.5	0.0	0.0	0.0
2020_2025	0.0	2.5	5	5	2.5	0.0	0.0
2025_2030	0.0	0.0	2.5	5	5	2.5	0.0
2030_2035	0.0	0.0	0.0	2.5	5	5	2.5
2035_2040	0.0	0.0	0.0	0.0	2.5	5	5
2040_2045	0.0	0.0	0.0	0.0	0.0	2.5	5
2045_2050	0.0	0.0	0.0	0.0	0.0	0.0	2.5
[BUS_FC_H2, *, *] :	2015_2020	2020_2025	2025_2030	2030_2035	2035_2040	2040_2045	2045_2050	:=
2015_2020	2.5	5	5	2.5	0.0	0.0	0.0
2020_2025	0.0	2.5	5	5	2.5	0.0	0.0
2025_2030	0.0	0.0	2.5	5	5	2.5	0.0
2030_2035	0.0	0.0	0.0	2.5	5	5	2.5
2035_2040	0.0	0.0	0.0	0.0	2.5	5	5
2040_2045	0.0	0.0	0.0	0.0	0.0	2.5	5
2045_2050	0.0	0.0	0.0	0.0	0.0	0.0	2.5
[BUS_FC_H2_SD, *, *] :	2015_2020	2020_2025	2025_2030	2030_2035	2035_2040	2040_2045	2045_2050	:=
2015_2020	2.5	5	5	2.5	0.0	0.0	0.0
2020_2025	0.0	2.5	5	5	2.5	0.0	0.0
2025_2030	0.0	0.0	2.5	5	5	2.5	0.0
2030_2035	0.0	0.0	0.0	2.5	5	5	2.5
2035_2040	0.0	0.0	0.0	0.0	2.5	5	5
2040_2045	0.0	0.0	0.0	0.0	0.0	2.5	5
2045_2050	0.0	0.0	0.0	0.0	0.0	0.0	2.5
[BUS_GASOLINE, *, *] :	2015_2020	2020_2025	2025_2030	2030_2035	2035_2040	2040_2045	2045_2050	:=
2015_2020	2.5	5	5	2.5	0.0	0.0	0.0
2020_2025	0.0	2.5	5	5	2.5	0.0	0.0
2025_2030	0.0	0.0	2.5	5	5	2.5	0.0
2030_2035	0.0	0.0	0.0	2.5	5	5	2.5
2035_2040	0.0	0.0	0.0	0.0	2.5	5	5
2040_2045	0.0	0.0	0.0	0.0	0.0	2.5	5
2045_2050	0.0	0.0	0.0	0.0	0.0	0.0	2.5
[BUS_GASOLINE_SD, *, *] :	2015_2020	2020_2025	2025_2030	2030_2035	2035_2040	2040_2045	2045_2050	:=
2015_2020	2.5	5	5	2.5	0.0	0.0	0.0
2020_2025	0.0	2.5	5	5	2.5	0.0	0.0
2025_2030	0.0	0.0	2.5	5	5	2.5	0.0
2030_2035	0.0	0.0	0.0	2.5	5	5	2.5
2035_2040	0.0	0.0	0.0	0.0	2.5	5	5
2040_2045	0.0	0.0	0.0	0.0	0.0	2.5	5
2045_2050	0.0	0.0	0.0	0.0	0.0	0.0	2.5
[BUS_HY_DIESEL, *, *] :	2015_2020	2020_2025	2025_2030	2030_2035	2035_2040	2040_2045	2045_2050	:=
2015_2020	2.5	5	5	2.5	0.0	0.0	0.0
2020_2025	0.0	2.5	5	5	2.5	0.0	0.0
2025_2030	0.0	0.0	2.5	5	5	2.5	0.0
2030_2035	0.0	0.0	0.0	2.5	5	5	2.5
2035_2040	0.0	0.0	0.0	0.0	2.5	5	5
2040_2045	0.0	0.0	0.0	0.0	0.0	2.5	5
2045_2050	0.0	0.0	0.0	0.0	0.0	0.0	2.5
[BUS_HY_DIESEL_SD, *, *] :	2015_2020	2020_2025	2025_2030	2030_2035	2035_2040	2040_2045	2045_2050	:=
2015_2020	2.5	5	5	2.5	0.0	0.0	0.0
2020_2025	0.0	2.5	5	5	2.5	0.0	0.0
2025_2030	0.0	0.0	2.5	5	5	2.5	0.0
2030_2035	0.0	0.0	0.0	2.5	5	5	2.5
2035_2040	0.0	0.0	0.0	0.0	2.5	5	5
2040_2045	0.0	0.0	0.0	0.0	0.0	2.5	5
2045_2050	0.0	0.0	0.0	0.0	0.0	0.0	2.5
[BUS_PROPANE, *, *] :	2015_2020	2020_2025	2025_2030	2030_2035	2035_2040	2040_2045	2045_2050	:=
2015_2020	2.5	5	5	2.5	0.0	0.0	0.0
2020_2025	0.0	2.5	5	5	2.5	0.0	0.0
2025_2030	0.0	0.0	2.5	5	5	2.5	0.0
2030_2035	0.0	0.0	0.0	2.5	5	5	2.5
2035_2040	0.0	0.0	0.0	0.0	2.5	5	5
2040_2045	0.0	0.0	0.0	0.0	0.0	2.5	5
2045_2050	0.0	0.0	0.0	0.0	0.0	0.0	2.5
[BUS_PROPANE_SD, *, *] :	2015_2020	2020_2025	2025_2030	2030_2035	2035_2040	2040_2045	2045_2050	:=
2015_2020	2.5	5	5	2.5	0.0	0.0	0.0
2020_2025	0.0	2.5	5	5	2.5	0.0	0.0
2025_2030	0.0	0.0	2.5	5	5	2.5	0.0
2030_2035	0.0	0.0	0.0	2.5	5	5	2.5
2035_2040	0.0	0.0	0.0	0.0	2.5	5	5
2040_2045	0.0	0.0	0.0	0.0	0.0	2.5	5
2045_2050	0.0	0.0	0.0	0.0	0.0	0.0	2.5
[CARBON_CAPTURE, *, *] :	2015_2020	2020_2025	2025_2030	2030_2035	2035_2040	2040_2045	2045_2050	:=
2015_2020	2.5	5	5	5	5	2.5	0.0
2020_2025	0.0	2.5	5	5	5	5	2.5
2025_2030	0.0	0.0	2.5	5	5	5	5
2030_2035	0.0	0.0	0.0	2.5	5	5	5
2035_2040	0.0	0.0	0.0	0.0	2.5	5	5
2040_2045	0.0	0.0	0.0	0.0	0.0	2.5	5
2045_2050	0.0	0.0	0.0	0.0	0.0	0.0	2.5
[CARBON_CAPTURE_AMINES, *, *] :	2015_2020	2020_2025	2025_2030	2030_2035	2035_2040	2040_2045	2045_2050	:=
2015_2020	2.5	5	5	5	5	2.5	0.0
2020_2025	0.0	2.5	5	5	5	5	2.5
2025_2030	0.0	0.0	2.5	5	5	5	5
2030_2035	0.0	0.0	0.0	2.5	5	5	5
2035_2040	0.0	0.0	0.0	0.0	2.5	5	5
2040_2045	0.0	0.0	0.0	0.0	0.0	2.5	5
2045_2050	0.0	0.0	0.0	0.0	0.0	0.0	2.5
[CARBON_CAPTURE_MEMBRANES, *, *] :	2015_2020	2020_2025	2025_2030	2030_2035	2035_2040	2040_2045	2045_2050	:=
2015_2020	2.5	5	5	5	5	2.5	0.0
2020_2025	0.0	2.5	5	5	5	5	2.5
2025_2030	0.0	0.0	2.5	5	5	5	5
2030_2035	0.0	0.0	0.0	2.5	5	5	5
2035_2040	0.0	0.0	0.0	0.0	2.5	5	5
2040_2045	0.0	0.0	0.0	0.0	0.0	2.5	5
2045_2050	0.0	0.0	0.0	0.0	0.0	0.0	2.5
[CARBON_CAPTURE_MOF, *, *] :	2015_2020	2020_2025	2025_2030	2030_2035	2035_2040	2040_2045	2045_2050	:=
2015_2020	2.5	5	5	5	5	2.5	0.0
2020_2025	0.0	2.5	5	5	5	5	2.5
2025_2030	0.0	0.0	2.5	5	5	5	5
2030_2035	0.0	0.0	0.0	2.5	5	5	5
2035_2040	0.0	0.0	0.0	0.0	2.5	5	5
2040_2045	0.0	0.0	0.0	0.0	0.0	2.5	5
2045_2050	0.0	0.0	0.0	0.0	0.0	0.0	2.5
[CARBON_MINERALIZATION, *, *] :	2015_2020	2020_2025	2025_2030	2030_2035	2035_2040	2040_2045	2045_2050	:=
2015_2020	2.5	5	5	5	5	2.5	0.0
2020_2025	0.0	2.5	5	5	5	5	2.5
2025_2030	0.0	0.0	2.5	5	5	5	5
2030_2035	0.0	0.0	0.0	2.5	5	5	5
2035_2040	0.0	0.0	0.0	0.0	2.5	5	5
2040_2045	0.0	0.0	0.0	0.0	0.0	2.5	5
2045_2050	0.0	0.0	0.0	0.0	0.0	0.0	2.5
[CARBON_TRANSPORT_INJECTION, *, *] :	2015_2020	2020_2025	2025_2030	2030_2035	2035_2040	2040_2045	2045_2050	:=
2015_2020	2.5	5	5	5	5	2.5	0.0
2020_2025	0.0	2.5	5	5	5	5	2.5
2025_2030	0.0	0.0	2.5	5	5	5	5
2030_2035	0.0	0.0	0.0	2.5	5	5	5
2035_2040	0.0	0.0	0.0	0.0	2.5	5	5
2040_2045	0.0	0.0	0.0	0.0	0.0	2.5	5
2045_2050	0.0	0.0	0.0	0.0	0.0	0.0	2.5
[CAR_BIODIESEL_B100, *, *] :	2015_2020	2020_2025	2025_2030	2030_2035	2035_2040	2040_2045	2045_2050	:=
2015_2020	2.5	5	5	2.5	0.0	0.0	0.0
2020_2025	0.0	2.5	5	5	2.5	0.0	0.0
2025_2030	0.0	0.0	2.5	5	5	2.5	0.0
2030_2035	0.0	0.0	0.0	2.5	5	5	2.5
2035_2040	0.0	0.0	0.0	0.0	2.5	5	5
2040_2045	0.0	0.0	0.0	0.0	0.0	2.5	5
2045_2050	0.0	0.0	0.0	0.0	0.0	0.0	2.5
[CAR_BIODIESEL_B100_ELD, *, *] :	2015_2020	2020_2025	2025_2030	2030_2035	2035_2040	2040_2045	2045_2050	:=
2015_2020	2.5	5	5	2.5	0.0	0.0	0.0
2020_2025	0.0	2.5	5	5	2.5	0.0	0.0
2025_2030	0.0	0.0	2.5	5	5	2.5	0.0
2030_2035	0.0	0.0	0.0	2.5	5	5	2.5
2035_2040	0.0	0.0	0.0	0.0	2.5	5	5
2040_2045	0.0	0.0	0.0	0.0	0.0	2.5	5
2045_2050	0.0	0.0	0.0	0.0	0.0	0.0	2.5
[CAR_BIODIESEL_B100_LD, *, *] :	2015_2020	2020_2025	2025_2030	2030_2035	2035_2040	2040_2045	2045_2050	:=
2015_2020	2.5	5	5	2.5	0.0	0.0	0.0
2020_2025	0.0	2.5	5	5	2.5	0.0	0.0
2025_2030	0.0	0.0	2.5	5	5	2.5	0.0
2030_2035	0.0	0.0	0.0	2.5	5	5	2.5
2035_2040	0.0	0.0	0.0	0.0	2.5	5	5
2040_2045	0.0	0.0	0.0	0.0	0.0	2.5	5
2045_2050	0.0	0.0	0.0	0.0	0.0	0.0	2.5
[CAR_BIODIESEL_B100_MD, *, *] :	2015_2020	2020_2025	2025_2030	2030_2035	2035_2040	2040_2045	2045_2050	:=
2015_2020	2.5	5	5	2.5	0.0	0.0	0.0
2020_2025	0.0	2.5	5	5	2.5	0.0	0.0
2025_2030	0.0	0.0	2.5	5	5	2.5	0.0
2030_2035	0.0	0.0	0.0	2.5	5	5	2.5
2035_2040	0.0	0.0	0.0	0.0	2.5	5	5
2040_2045	0.0	0.0	0.0	0.0	0.0	2.5	5
2045_2050	0.0	0.0	0.0	0.0	0.0	0.0	2.5
[CAR_BIODIESEL_B100_SD, *, *] :	2015_2020	2020_2025	2025_2030	2030_2035	2035_2040	2040_2045	2045_2050	:=
2015_2020	2.5	5	5	2.5	0.0	0.0	0.0
2020_2025	0.0	2.5	5	5	2.5	0.0	0.0
2025_2030	0.0	0.0	2.5	5	5	2.5	0.0
2030_2035	0.0	0.0	0.0	2.5	5	5	2.5
2035_2040	0.0	0.0	0.0	0.0	2.5	5	5
2040_2045	0.0	0.0	0.0	0.0	0.0	2.5	5
2045_2050	0.0	0.0	0.0	0.0	0.0	0.0	2.5
[CAR_BIODIESEL_B20, *, *] :	2015_2020	2020_2025	2025_2030	2030_2035	2035_2040	2040_2045	2045_2050	:=
2015_2020	2.5	5	5	2.5	0.0	0.0	0.0
2020_2025	0.0	2.5	5	5	2.5	0.0	0.0
2025_2030	0.0	0.0	2.5	5	5	2.5	0.0
2030_2035	0.0	0.0	0.0	2.5	5	5	2.5
2035_2040	0.0	0.0	0.0	0.0	2.5	5	5
2040_2045	0.0	0.0	0.0	0.0	0.0	2.5	5
2045_2050	0.0	0.0	0.0	0.0	0.0	0.0	2.5
[CAR_BIODIESEL_B20_ELD, *, *] :	2015_2020	2020_2025	2025_2030	2030_2035	2035_2040	2040_2045	2045_2050	:=
2015_2020	2.5	5	5	2.5	0.0	0.0	0.0
2020_2025	0.0	2.5	5	5	2.5	0.0	0.0
2025_2030	0.0	0.0	2.5	5	5	2.5	0.0
2030_2035	0.0	0.0	0.0	2.5	5	5	2.5
2035_2040	0.0	0.0	0.0	0.0	2.5	5	5
2040_2045	0.0	0.0	0.0	0.0	0.0	2.5	5
2045_2050	0.0	0.0	0.0	0.0	0.0	0.0	2.5
[CAR_BIODIESEL_B20_LD, *, *] :	2015_2020	2020_2025	2025_2030	2030_2035	2035_2040	2040_2045	2045_2050	:=
2015_2020	2.5	5	5	2.5	0.0	0.0	0.0
2020_2025	0.0	2.5	5	5	2.5	0.0	0.0
2025_2030	0.0	0.0	2.5	5	5	2.5	0.0
2030_2035	0.0	0.0	0.0	2.5	5	5	2.5
2035_2040	0.0	0.0	0.0	0.0	2.5	5	5
2040_2045	0.0	0.0	0.0	0.0	0.0	2.5	5
2045_2050	0.0	0.0	0.0	0.0	0.0	0.0	2.5
[CAR_BIODIESEL_B20_MD, *, *] :	2015_2020	2020_2025	2025_2030	2030_2035	2035_2040	2040_2045	2045_2050	:=
2015_2020	2.5	5	5	2.5	0.0	0.0	0.0
2020_2025	0.0	2.5	5	5	2.5	0.0	0.0
2025_2030	0.0	0.0	2.5	5	5	2.5	0.0
2030_2035	0.0	0.0	0.0	2.5	5	5	2.5
2035_2040	0.0	0.0	0.0	0.0	2.5	5	5
2040_2045	0.0	0.0	0.0	0.0	0.0	2.5	5
2045_2050	0.0	0.0	0.0	0.0	0.0	0.0	2.5
[CAR_BIODIESEL_B20_SD, *, *] :	2015_2020	2020_2025	2025_2030	2030_2035	2035_2040	2040_2045	2045_2050	:=
2015_2020	2.5	5	5	2.5	0.0	0.0	0.0
2020_2025	0.0	2.5	5	5	2.5	0.0	0.0
2025_2030	0.0	0.0	2.5	5	5	2.5	0.0
2030_2035	0.0	0.0	0.0	2.5	5	5	2.5
2035_2040	0.0	0.0	0.0	0.0	2.5	5	5
2040_2045	0.0	0.0	0.0	0.0	0.0	2.5	5
2045_2050	0.0	0.0	0.0	0.0	0.0	0.0	2.5
[CAR_BIOETOH_E10, *, *] :	2015_2020	2020_2025	2025_2030	2030_2035	2035_2040	2040_2045	2045_2050	:=
2015_2020	2.5	5	5	2.5	0.0	0.0	0.0
2020_2025	0.0	2.5	5	5	2.5	0.0	0.0
2025_2030	0.0	0.0	2.5	5	5	2.5	0.0
2030_2035	0.0	0.0	0.0	2.5	5	5	2.5
2035_2040	0.0	0.0	0.0	0.0	2.5	5	5
2040_2045	0.0	0.0	0.0	0.0	0.0	2.5	5
2045_2050	0.0	0.0	0.0	0.0	0.0	0.0	2.5
[CAR_BIOETOH_E10_ELD, *, *] :	2015_2020	2020_2025	2025_2030	2030_2035	2035_2040	2040_2045	2045_2050	:=
2015_2020	2.5	5	5	2.5	0.0	0.0	0.0
2020_2025	0.0	2.5	5	5	2.5	0.0	0.0
2025_2030	0.0	0.0	2.5	5	5	2.5	0.0
2030_2035	0.0	0.0	0.0	2.5	5	5	2.5
2035_2040	0.0	0.0	0.0	0.0	2.5	5	5
2040_2045	0.0	0.0	0.0	0.0	0.0	2.5	5
2045_2050	0.0	0.0	0.0	0.0	0.0	0.0	2.5
[CAR_BIOETOH_E10_LD, *, *] :	2015_2020	2020_2025	2025_2030	2030_2035	2035_2040	2040_2045	2045_2050	:=
2015_2020	2.5	5	5	2.5	0.0	0.0	0.0
2020_2025	0.0	2.5	5	5	2.5	0.0	0.0
2025_2030	0.0	0.0	2.5	5	5	2.5	0.0
2030_2035	0.0	0.0	0.0	2.5	5	5	2.5
2035_2040	0.0	0.0	0.0	0.0	2.5	5	5
2040_2045	0.0	0.0	0.0	0.0	0.0	2.5	5
2045_2050	0.0	0.0	0.0	0.0	0.0	0.0	2.5
[CAR_BIOETOH_E10_MD, *, *] :	2015_2020	2020_2025	2025_2030	2030_2035	2035_2040	2040_2045	2045_2050	:=
2015_2020	2.5	5	5	2.5	0.0	0.0	0.0
2020_2025	0.0	2.5	5	5	2.5	0.0	0.0
2025_2030	0.0	0.0	2.5	5	5	2.5	0.0
2030_2035	0.0	0.0	0.0	2.5	5	5	2.5
2035_2040	0.0	0.0	0.0	0.0	2.5	5	5
2040_2045	0.0	0.0	0.0	0.0	0.0	2.5	5
2045_2050	0.0	0.0	0.0	0.0	0.0	0.0	2.5
[CAR_BIOETOH_E10_SD, *, *] :	2015_2020	2020_2025	2025_2030	2030_2035	2035_2040	2040_2045	2045_2050	:=
2015_2020	2.5	5	5	2.5	0.0	0.0	0.0
2020_2025	0.0	2.5	5	5	2.5	0.0	0.0
2025_2030	0.0	0.0	2.5	5	5	2.5	0.0
2030_2035	0.0	0.0	0.0	2.5	5	5	2.5
2035_2040	0.0	0.0	0.0	0.0	2.5	5	5
2040_2045	0.0	0.0	0.0	0.0	0.0	2.5	5
2045_2050	0.0	0.0	0.0	0.0	0.0	0.0	2.5
[CAR_BIOETOH_E85, *, *] :	2015_2020	2020_2025	2025_2030	2030_2035	2035_2040	2040_2045	2045_2050	:=
2015_2020	2.5	5	5	2.5	0.0	0.0	0.0
2020_2025	0.0	2.5	5	5	2.5	0.0	0.0
2025_2030	0.0	0.0	2.5	5	5	2.5	0.0
2030_2035	0.0	0.0	0.0	2.5	5	5	2.5
2035_2040	0.0	0.0	0.0	0.0	2.5	5	5
2040_2045	0.0	0.0	0.0	0.0	0.0	2.5	5
2045_2050	0.0	0.0	0.0	0.0	0.0	0.0	2.5
[CAR_BIOETOH_E85_ELD, *, *] :	2015_2020	2020_2025	2025_2030	2030_2035	2035_2040	2040_2045	2045_2050	:=
2015_2020	2.5	5	5	2.5	0.0	0.0	0.0
2020_2025	0.0	2.5	5	5	2.5	0.0	0.0
2025_2030	0.0	0.0	2.5	5	5	2.5	0.0
2030_2035	0.0	0.0	0.0	2.5	5	5	2.5
2035_2040	0.0	0.0	0.0	0.0	2.5	5	5
2040_2045	0.0	0.0	0.0	0.0	0.0	2.5	5
2045_2050	0.0	0.0	0.0	0.0	0.0	0.0	2.5
[CAR_BIOETOH_E85_LD, *, *] :	2015_2020	2020_2025	2025_2030	2030_2035	2035_2040	2040_2045	2045_2050	:=
2015_2020	2.5	5	5	2.5	0.0	0.0	0.0
2020_2025	0.0	2.5	5	5	2.5	0.0	0.0
2025_2030	0.0	0.0	2.5	5	5	2.5	0.0
2030_2035	0.0	0.0	0.0	2.5	5	5	2.5
2035_2040	0.0	0.0	0.0	0.0	2.5	5	5
2040_2045	0.0	0.0	0.0	0.0	0.0	2.5	5
2045_2050	0.0	0.0	0.0	0.0	0.0	0.0	2.5
[CAR_BIOETOH_E85_MD, *, *] :	2015_2020	2020_2025	2025_2030	2030_2035	2035_2040	2040_2045	2045_2050	:=
2015_2020	2.5	5	5	2.5	0.0	0.0	0.0
2020_2025	0.0	2.5	5	5	2.5	0.0	0.0
2025_2030	0.0	0.0	2.5	5	5	2.5	0.0
2030_2035	0.0	0.0	0.0	2.5	5	5	2.5
2035_2040	0.0	0.0	0.0	0.0	2.5	5	5
2040_2045	0.0	0.0	0.0	0.0	0.0	2.5	5
2045_2050	0.0	0.0	0.0	0.0	0.0	0.0	2.5
[CAR_BIOETOH_E85_SD, *, *] :	2015_2020	2020_2025	2025_2030	2030_2035	2035_2040	2040_2045	2045_2050	:=
2015_2020	2.5	5	5	2.5	0.0	0.0	0.0
2020_2025	0.0	2.5	5	5	2.5	0.0	0.0
2025_2030	0.0	0.0	2.5	5	5	2.5	0.0
2030_2035	0.0	0.0	0.0	2.5	5	5	2.5
2035_2040	0.0	0.0	0.0	0.0	2.5	5	5
2040_2045	0.0	0.0	0.0	0.0	0.0	2.5	5
2045_2050	0.0	0.0	0.0	0.0	0.0	0.0	2.5
[CAR_BIOMEOH, *, *] :	2015_2020	2020_2025	2025_2030	2030_2035	2035_2040	2040_2045	2045_2050	:=
2015_2020	2.5	5	0.5	0.0	0.0	0.0	0.0
2020_2025	0.0	2.5	5	0.5	0.0	0.0	0.0
2025_2030	0.0	0.0	2.5	5	0.5	0.0	0.0
2030_2035	0.0	0.0	0.0	2.5	5	0.5	0.0
2035_2040	0.0	0.0	0.0	0.0	2.5	5	0.5
2040_2045	0.0	0.0	0.0	0.0	0.0	2.5	5
2045_2050	0.0	0.0	0.0	0.0	0.0	0.0	2.5
[CAR_BIOMEOH_ELD, *, *] :	2015_2020	2020_2025	2025_2030	2030_2035	2035_2040	2040_2045	2045_2050	:=
2015_2020	2.5	5	0.5	0.0	0.0	0.0	0.0
2020_2025	0.0	2.5	5	0.5	0.0	0.0	0.0
2025_2030	0.0	0.0	2.5	5	0.5	0.0	0.0
2030_2035	0.0	0.0	0.0	2.5	5	0.5	0.0
2035_2040	0.0	0.0	0.0	0.0	2.5	5	0.5
2040_2045	0.0	0.0	0.0	0.0	0.0	2.5	5
2045_2050	0.0	0.0	0.0	0.0	0.0	0.0	2.5
[CAR_BIOMEOH_LD, *, *] :	2015_2020	2020_2025	2025_2030	2030_2035	2035_2040	2040_2045	2045_2050	:=
2015_2020	2.5	5	0.5	0.0	0.0	0.0	0.0
2020_2025	0.0	2.5	5	0.5	0.0	0.0	0.0
2025_2030	0.0	0.0	2.5	5	0.5	0.0	0.0
2030_2035	0.0	0.0	0.0	2.5	5	0.5	0.0
2035_2040	0.0	0.0	0.0	0.0	2.5	5	0.5
2040_2045	0.0	0.0	0.0	0.0	0.0	2.5	5
2045_2050	0.0	0.0	0.0	0.0	0.0	0.0	2.5
[CAR_BIOMEOH_MD, *, *] :	2015_2020	2020_2025	2025_2030	2030_2035	2035_2040	2040_2045	2045_2050	:=
2015_2020	2.5	5	0.5	0.0	0.0	0.0	0.0
2020_2025	0.0	2.5	5	0.5	0.0	0.0	0.0
2025_2030	0.0	0.0	2.5	5	0.5	0.0	0.0
2030_2035	0.0	0.0	0.0	2.5	5	0.5	0.0
2035_2040	0.0	0.0	0.0	0.0	2.5	5	0.5
2040_2045	0.0	0.0	0.0	0.0	0.0	2.5	5
2045_2050	0.0	0.0	0.0	0.0	0.0	0.0	2.5
[CAR_BIOMEOH_SD, *, *] :	2015_2020	2020_2025	2025_2030	2030_2035	2035_2040	2040_2045	2045_2050	:=
2015_2020	2.5	5	0.5	0.0	0.0	0.0	0.0
2020_2025	0.0	2.5	5	0.5	0.0	0.0	0.0
2025_2030	0.0	0.0	2.5	5	0.5	0.0	0.0
2030_2035	0.0	0.0	0.0	2.5	5	0.5	0.0
2035_2040	0.0	0.0	0.0	0.0	2.5	5	0.5
2040_2045	0.0	0.0	0.0	0.0	0.0	2.5	5
2045_2050	0.0	0.0	0.0	0.0	0.0	0.0	2.5
[CAR_CNG, *, *] :	2015_2020	2020_2025	2025_2030	2030_2035	2035_2040	2040_2045	2045_2050	:=
2015_2020	2.5	5	5	2.5	0.0	0.0	0.0
2020_2025	0.0	2.5	5	5	2.5	0.0	0.0
2025_2030	0.0	0.0	2.5	5	5	2.5	0.0
2030_2035	0.0	0.0	0.0	2.5	5	5	2.5
2035_2040	0.0	0.0	0.0	0.0	2.5	5	5
2040_2045	0.0	0.0	0.0	0.0	0.0	2.5	5
2045_2050	0.0	0.0	0.0	0.0	0.0	0.0	2.5
[CAR_CNG_ELD, *, *] :	2015_2020	2020_2025	2025_2030	2030_2035	2035_2040	2040_2045	2045_2050	:=
2015_2020	2.5	5	5	2.5	0.0	0.0	0.0
2020_2025	0.0	2.5	5	5	2.5	0.0	0.0
2025_2030	0.0	0.0	2.5	5	5	2.5	0.0
2030_2035	0.0	0.0	0.0	2.5	5	5	2.5
2035_2040	0.0	0.0	0.0	0.0	2.5	5	5
2040_2045	0.0	0.0	0.0	0.0	0.0	2.5	5
2045_2050	0.0	0.0	0.0	0.0	0.0	0.0	2.5
[CAR_CNG_LD, *, *] :	2015_2020	2020_2025	2025_2030	2030_2035	2035_2040	2040_2045	2045_2050	:=
2015_2020	2.5	5	5	2.5	0.0	0.0	0.0
2020_2025	0.0	2.5	5	5	2.5	0.0	0.0
2025_2030	0.0	0.0	2.5	5	5	2.5	0.0
2030_2035	0.0	0.0	0.0	2.5	5	5	2.5
2035_2040	0.0	0.0	0.0	0.0	2.5	5	5
2040_2045	0.0	0.0	0.0	0.0	0.0	2.5	5
2045_2050	0.0	0.0	0.0	0.0	0.0	0.0	2.5
[CAR_CNG_MD, *, *] :	2015_2020	2020_2025	2025_2030	2030_2035	2035_2040	2040_2045	2045_2050	:=
2015_2020	2.5	5	5	2.5	0.0	0.0	0.0
2020_2025	0.0	2.5	5	5	2.5	0.0	0.0
2025_2030	0.0	0.0	2.5	5	5	2.5	0.0
2030_2035	0.0	0.0	0.0	2.5	5	5	2.5
2035_2040	0.0	0.0	0.0	0.0	2.5	5	5
2040_2045	0.0	0.0	0.0	0.0	0.0	2.5	5
2045_2050	0.0	0.0	0.0	0.0	0.0	0.0	2.5
[CAR_CNG_SD, *, *] :	2015_2020	2020_2025	2025_2030	2030_2035	2035_2040	2040_2045	2045_2050	:=
2015_2020	2.5	5	5	2.5	0.0	0.0	0.0
2020_2025	0.0	2.5	5	5	2.5	0.0	0.0
2025_2030	0.0	0.0	2.5	5	5	2.5	0.0
2030_2035	0.0	0.0	0.0	2.5	5	5	2.5
2035_2040	0.0	0.0	0.0	0.0	2.5	5	5
2040_2045	0.0	0.0	0.0	0.0	0.0	2.5	5
2045_2050	0.0	0.0	0.0	0.0	0.0	0.0	2.5
[CAR_CSNG, *, *] :	2015_2020	2020_2025	2025_2030	2030_2035	2035_2040	2040_2045	2045_2050	:=
2015_2020	2.5	5	5	2.5	0.0	0.0	0.0
2020_2025	0.0	2.5	5	5	2.5	0.0	0.0
2025_2030	0.0	0.0	2.5	5	5	2.5	0.0
2030_2035	0.0	0.0	0.0	2.5	5	5	2.5
2035_2040	0.0	0.0	0.0	0.0	2.5	5	5
2040_2045	0.0	0.0	0.0	0.0	0.0	2.5	5
2045_2050	0.0	0.0	0.0	0.0	0.0	0.0	2.5
[CAR_CSNG_ELD, *, *] :	2015_2020	2020_2025	2025_2030	2030_2035	2035_2040	2040_2045	2045_2050	:=
2015_2020	2.5	5	5	2.5	0.0	0.0	0.0
2020_2025	0.0	2.5	5	5	2.5	0.0	0.0
2025_2030	0.0	0.0	2.5	5	5	2.5	0.0
2030_2035	0.0	0.0	0.0	2.5	5	5	2.5
2035_2040	0.0	0.0	0.0	0.0	2.5	5	5
2040_2045	0.0	0.0	0.0	0.0	0.0	2.5	5
2045_2050	0.0	0.0	0.0	0.0	0.0	0.0	2.5
[CAR_CSNG_LD, *, *] :	2015_2020	2020_2025	2025_2030	2030_2035	2035_2040	2040_2045	2045_2050	:=
2015_2020	2.5	5	5	2.5	0.0	0.0	0.0
2020_2025	0.0	2.5	5	5	2.5	0.0	0.0
2025_2030	0.0	0.0	2.5	5	5	2.5	0.0
2030_2035	0.0	0.0	0.0	2.5	5	5	2.5
2035_2040	0.0	0.0	0.0	0.0	2.5	5	5
2040_2045	0.0	0.0	0.0	0.0	0.0	2.5	5
2045_2050	0.0	0.0	0.0	0.0	0.0	0.0	2.5
[CAR_CSNG_MD, *, *] :	2015_2020	2020_2025	2025_2030	2030_2035	2035_2040	2040_2045	2045_2050	:=
2015_2020	2.5	5	5	2.5	0.0	0.0	0.0
2020_2025	0.0	2.5	5	5	2.5	0.0	0.0
2025_2030	0.0	0.0	2.5	5	5	2.5	0.0
2030_2035	0.0	0.0	0.0	2.5	5	5	2.5
2035_2040	0.0	0.0	0.0	0.0	2.5	5	5
2040_2045	0.0	0.0	0.0	0.0	0.0	2.5	5
2045_2050	0.0	0.0	0.0	0.0	0.0	0.0	2.5
[CAR_CSNG_SD, *, *] :	2015_2020	2020_2025	2025_2030	2030_2035	2035_2040	2040_2045	2045_2050	:=
2015_2020	2.5	5	5	2.5	0.0	0.0	0.0
2020_2025	0.0	2.5	5	5	2.5	0.0	0.0
2025_2030	0.0	0.0	2.5	5	5	2.5	0.0
2030_2035	0.0	0.0	0.0	2.5	5	5	2.5
2035_2040	0.0	0.0	0.0	0.0	2.5	5	5
2040_2045	0.0	0.0	0.0	0.0	0.0	2.5	5
2045_2050	0.0	0.0	0.0	0.0	0.0	0.0	2.5
[CAR_DIESEL, *, *] :	2015_2020	2020_2025	2025_2030	2030_2035	2035_2040	2040_2045	2045_2050	:=
2015_2020	2.5	5	5	2.5	0.0	0.0	0.0
2020_2025	0.0	2.5	5	5	2.5	0.0	0.0
2025_2030	0.0	0.0	2.5	5	5	2.5	0.0
2030_2035	0.0	0.0	0.0	2.5	5	5	2.5
2035_2040	0.0	0.0	0.0	0.0	2.5	5	5
2040_2045	0.0	0.0	0.0	0.0	0.0	2.5	5
2045_2050	0.0	0.0	0.0	0.0	0.0	0.0	2.5
[CAR_DIESEL_ELD, *, *] :	2015_2020	2020_2025	2025_2030	2030_2035	2035_2040	2040_2045	2045_2050	:=
2015_2020	2.5	5	5	2.5	0.0	0.0	0.0
2020_2025	0.0	2.5	5	5	2.5	0.0	0.0
2025_2030	0.0	0.0	2.5	5	5	2.5	0.0
2030_2035	0.0	0.0	0.0	2.5	5	5	2.5
2035_2040	0.0	0.0	0.0	0.0	2.5	5	5
2040_2045	0.0	0.0	0.0	0.0	0.0	2.5	5
2045_2050	0.0	0.0	0.0	0.0	0.0	0.0	2.5
[CAR_DIESEL_LD, *, *] :	2015_2020	2020_2025	2025_2030	2030_2035	2035_2040	2040_2045	2045_2050	:=
2015_2020	2.5	5	5	2.5	0.0	0.0	0.0
2020_2025	0.0	2.5	5	5	2.5	0.0	0.0
2025_2030	0.0	0.0	2.5	5	5	2.5	0.0
2030_2035	0.0	0.0	0.0	2.5	5	5	2.5
2035_2040	0.0	0.0	0.0	0.0	2.5	5	5
2040_2045	0.0	0.0	0.0	0.0	0.0	2.5	5
2045_2050	0.0	0.0	0.0	0.0	0.0	0.0	2.5
[CAR_DIESEL_MD, *, *] :	2015_2020	2020_2025	2025_2030	2030_2035	2035_2040	2040_2045	2045_2050	:=
2015_2020	2.5	5	5	2.5	0.0	0.0	0.0
2020_2025	0.0	2.5	5	5	2.5	0.0	0.0
2025_2030	0.0	0.0	2.5	5	5	2.5	0.0
2030_2035	0.0	0.0	0.0	2.5	5	5	2.5
2035_2040	0.0	0.0	0.0	0.0	2.5	5	5
2040_2045	0.0	0.0	0.0	0.0	0.0	2.5	5
2045_2050	0.0	0.0	0.0	0.0	0.0	0.0	2.5
[CAR_DIESEL_SD, *, *] :	2015_2020	2020_2025	2025_2030	2030_2035	2035_2040	2040_2045	2045_2050	:=
2015_2020	2.5	5	5	2.5	0.0	0.0	0.0
2020_2025	0.0	2.5	5	5	2.5	0.0	0.0
2025_2030	0.0	0.0	2.5	5	5	2.5	0.0
2030_2035	0.0	0.0	0.0	2.5	5	5	2.5
2035_2040	0.0	0.0	0.0	0.0	2.5	5	5
2040_2045	0.0	0.0	0.0	0.0	0.0	2.5	5
2045_2050	0.0	0.0	0.0	0.0	0.0	0.0	2.5
[CAR_ETOH_E10, *, *] :	2015_2020	2020_2025	2025_2030	2030_2035	2035_2040	2040_2045	2045_2050	:=
2015_2020	2.5	5	5	2.5	0.0	0.0	0.0
2020_2025	0.0	2.5	5	5	2.5	0.0	0.0
2025_2030	0.0	0.0	2.5	5	5	2.5	0.0
2030_2035	0.0	0.0	0.0	2.5	5	5	2.5
2035_2040	0.0	0.0	0.0	0.0	2.5	5	5
2040_2045	0.0	0.0	0.0	0.0	0.0	2.5	5
2045_2050	0.0	0.0	0.0	0.0	0.0	0.0	2.5
[CAR_ETOH_E10_ELD, *, *] :	2015_2020	2020_2025	2025_2030	2030_2035	2035_2040	2040_2045	2045_2050	:=
2015_2020	2.5	5	5	2.5	0.0	0.0	0.0
2020_2025	0.0	2.5	5	5	2.5	0.0	0.0
2025_2030	0.0	0.0	2.5	5	5	2.5	0.0
2030_2035	0.0	0.0	0.0	2.5	5	5	2.5
2035_2040	0.0	0.0	0.0	0.0	2.5	5	5
2040_2045	0.0	0.0	0.0	0.0	0.0	2.5	5
2045_2050	0.0	0.0	0.0	0.0	0.0	0.0	2.5
[CAR_ETOH_E10_LD, *, *] :	2015_2020	2020_2025	2025_2030	2030_2035	2035_2040	2040_2045	2045_2050	:=
2015_2020	2.5	5	5	2.5	0.0	0.0	0.0
2020_2025	0.0	2.5	5	5	2.5	0.0	0.0
2025_2030	0.0	0.0	2.5	5	5	2.5	0.0
2030_2035	0.0	0.0	0.0	2.5	5	5	2.5
2035_2040	0.0	0.0	0.0	0.0	2.5	5	5
2040_2045	0.0	0.0	0.0	0.0	0.0	2.5	5
2045_2050	0.0	0.0	0.0	0.0	0.0	0.0	2.5
[CAR_ETOH_E10_MD, *, *] :	2015_2020	2020_2025	2025_2030	2030_2035	2035_2040	2040_2045	2045_2050	:=
2015_2020	2.5	5	5	2.5	0.0	0.0	0.0
2020_2025	0.0	2.5	5	5	2.5	0.0	0.0
2025_2030	0.0	0.0	2.5	5	5	2.5	0.0
2030_2035	0.0	0.0	0.0	2.5	5	5	2.5
2035_2040	0.0	0.0	0.0	0.0	2.5	5	5
2040_2045	0.0	0.0	0.0	0.0	0.0	2.5	5
2045_2050	0.0	0.0	0.0	0.0	0.0	0.0	2.5
[CAR_ETOH_E10_SD, *, *] :	2015_2020	2020_2025	2025_2030	2030_2035	2035_2040	2040_2045	2045_2050	:=
2015_2020	2.5	5	5	2.5	0.0	0.0	0.0
2020_2025	0.0	2.5	5	5	2.5	0.0	0.0
2025_2030	0.0	0.0	2.5	5	5	2.5	0.0
2030_2035	0.0	0.0	0.0	2.5	5	5	2.5
2035_2040	0.0	0.0	0.0	0.0	2.5	5	5
2040_2045	0.0	0.0	0.0	0.0	0.0	2.5	5
2045_2050	0.0	0.0	0.0	0.0	0.0	0.0	2.5
[CAR_ETOH_E85, *, *] :	2015_2020	2020_2025	2025_2030	2030_2035	2035_2040	2040_2045	2045_2050	:=
2015_2020	2.5	5	5	2.5	0.0	0.0	0.0
2020_2025	0.0	2.5	5	5	2.5	0.0	0.0
2025_2030	0.0	0.0	2.5	5	5	2.5	0.0
2030_2035	0.0	0.0	0.0	2.5	5	5	2.5
2035_2040	0.0	0.0	0.0	0.0	2.5	5	5
2040_2045	0.0	0.0	0.0	0.0	0.0	2.5	5
2045_2050	0.0	0.0	0.0	0.0	0.0	0.0	2.5
[CAR_ETOH_E85_ELD, *, *] :	2015_2020	2020_2025	2025_2030	2030_2035	2035_2040	2040_2045	2045_2050	:=
2015_2020	2.5	5	5	2.5	0.0	0.0	0.0
2020_2025	0.0	2.5	5	5	2.5	0.0	0.0
2025_2030	0.0	0.0	2.5	5	5	2.5	0.0
2030_2035	0.0	0.0	0.0	2.5	5	5	2.5
2035_2040	0.0	0.0	0.0	0.0	2.5	5	5
2040_2045	0.0	0.0	0.0	0.0	0.0	2.5	5
2045_2050	0.0	0.0	0.0	0.0	0.0	0.0	2.5
[CAR_ETOH_E85_LD, *, *] :	2015_2020	2020_2025	2025_2030	2030_2035	2035_2040	2040_2045	2045_2050	:=
2015_2020	2.5	5	5	2.5	0.0	0.0	0.0
2020_2025	0.0	2.5	5	5	2.5	0.0	0.0
2025_2030	0.0	0.0	2.5	5	5	2.5	0.0
2030_2035	0.0	0.0	0.0	2.5	5	5	2.5
2035_2040	0.0	0.0	0.0	0.0	2.5	5	5
2040_2045	0.0	0.0	0.0	0.0	0.0	2.5	5
2045_2050	0.0	0.0	0.0	0.0	0.0	0.0	2.5
[CAR_ETOH_E85_MD, *, *] :	2015_2020	2020_2025	2025_2030	2030_2035	2035_2040	2040_2045	2045_2050	:=
2015_2020	2.5	5	5	2.5	0.0	0.0	0.0
2020_2025	0.0	2.5	5	5	2.5	0.0	0.0
2025_2030	0.0	0.0	2.5	5	5	2.5	0.0
2030_2035	0.0	0.0	0.0	2.5	5	5	2.5
2035_2040	0.0	0.0	0.0	0.0	2.5	5	5
2040_2045	0.0	0.0	0.0	0.0	0.0	2.5	5
2045_2050	0.0	0.0	0.0	0.0	0.0	0.0	2.5
[CAR_ETOH_E85_SD, *, *] :	2015_2020	2020_2025	2025_2030	2030_2035	2035_2040	2040_2045	2045_2050	:=
2015_2020	2.5	5	5	2.5	0.0	0.0	0.0
2020_2025	0.0	2.5	5	5	2.5	0.0	0.0
2025_2030	0.0	0.0	2.5	5	5	2.5	0.0
2030_2035	0.0	0.0	0.0	2.5	5	5	2.5
2035_2040	0.0	0.0	0.0	0.0	2.5	5	5
2040_2045	0.0	0.0	0.0	0.0	0.0	2.5	5
2045_2050	0.0	0.0	0.0	0.0	0.0	0.0	2.5
[CAR_EV, *, *] :	2015_2020	2020_2025	2025_2030	2030_2035	2035_2040	2040_2045	2045_2050	:=
2015_2020	2.5	5	5	2.5	0.0	0.0	0.0
2020_2025	0.0	2.5	5	5	2.5	0.0	0.0
2025_2030	0.0	0.0	2.5	5	5	2.5	0.0
2030_2035	0.0	0.0	0.0	2.5	5	5	2.5
2035_2040	0.0	0.0	0.0	0.0	2.5	5	5
2040_2045	0.0	0.0	0.0	0.0	0.0	2.5	5
2045_2050	0.0	0.0	0.0	0.0	0.0	0.0	2.5
[CAR_EV_ELD, *, *] :	2015_2020	2020_2025	2025_2030	2030_2035	2035_2040	2040_2045	2045_2050	:=
2015_2020	2.5	5	5	2.5	0.0	0.0	0.0
2020_2025	0.0	2.5	5	5	2.5	0.0	0.0
2025_2030	0.0	0.0	2.5	5	5	2.5	0.0
2030_2035	0.0	0.0	0.0	2.5	5	5	2.5
2035_2040	0.0	0.0	0.0	0.0	2.5	5	5
2040_2045	0.0	0.0	0.0	0.0	0.0	2.5	5
2045_2050	0.0	0.0	0.0	0.0	0.0	0.0	2.5
[CAR_EV_LD, *, *] :	2015_2020	2020_2025	2025_2030	2030_2035	2035_2040	2040_2045	2045_2050	:=
2015_2020	2.5	5	5	2.5	0.0	0.0	0.0
2020_2025	0.0	2.5	5	5	2.5	0.0	0.0
2025_2030	0.0	0.0	2.5	5	5	2.5	0.0
2030_2035	0.0	0.0	0.0	2.5	5	5	2.5
2035_2040	0.0	0.0	0.0	0.0	2.5	5	5
2040_2045	0.0	0.0	0.0	0.0	0.0	2.5	5
2045_2050	0.0	0.0	0.0	0.0	0.0	0.0	2.5
[CAR_EV_MD, *, *] :	2015_2020	2020_2025	2025_2030	2030_2035	2035_2040	2040_2045	2045_2050	:=
2015_2020	2.5	5	5	2.5	0.0	0.0	0.0
2020_2025	0.0	2.5	5	5	2.5	0.0	0.0
2025_2030	0.0	0.0	2.5	5	5	2.5	0.0
2030_2035	0.0	0.0	0.0	2.5	5	5	2.5
2035_2040	0.0	0.0	0.0	0.0	2.5	5	5
2040_2045	0.0	0.0	0.0	0.0	0.0	2.5	5
2045_2050	0.0	0.0	0.0	0.0	0.0	0.0	2.5
[CAR_EV_SD, *, *] :	2015_2020	2020_2025	2025_2030	2030_2035	2035_2040	2040_2045	2045_2050	:=
2015_2020	2.5	5	5	2.5	0.0	0.0	0.0
2020_2025	0.0	2.5	5	5	2.5	0.0	0.0
2025_2030	0.0	0.0	2.5	5	5	2.5	0.0
2030_2035	0.0	0.0	0.0	2.5	5	5	2.5
2035_2040	0.0	0.0	0.0	0.0	2.5	5	5
2040_2045	0.0	0.0	0.0	0.0	0.0	2.5	5
2045_2050	0.0	0.0	0.0	0.0	0.0	0.0	2.5
[CAR_FC_H2, *, *] :	2015_2020	2020_2025	2025_2030	2030_2035	2035_2040	2040_2045	2045_2050	:=
2015_2020	2.5	5	5	2.5	0.0	0.0	0.0
2020_2025	0.0	2.5	5	5	2.5	0.0	0.0
2025_2030	0.0	0.0	2.5	5	5	2.5	0.0
2030_2035	0.0	0.0	0.0	2.5	5	5	2.5
2035_2040	0.0	0.0	0.0	0.0	2.5	5	5
2040_2045	0.0	0.0	0.0	0.0	0.0	2.5	5
2045_2050	0.0	0.0	0.0	0.0	0.0	0.0	2.5
[CAR_FC_H2_ELD, *, *] :	2015_2020	2020_2025	2025_2030	2030_2035	2035_2040	2040_2045	2045_2050	:=
2015_2020	2.5	5	5	2.5	0.0	0.0	0.0
2020_2025	0.0	2.5	5	5	2.5	0.0	0.0
2025_2030	0.0	0.0	2.5	5	5	2.5	0.0
2030_2035	0.0	0.0	0.0	2.5	5	5	2.5
2035_2040	0.0	0.0	0.0	0.0	2.5	5	5
2040_2045	0.0	0.0	0.0	0.0	0.0	2.5	5
2045_2050	0.0	0.0	0.0	0.0	0.0	0.0	2.5
[CAR_FC_H2_LD, *, *] :	2015_2020	2020_2025	2025_2030	2030_2035	2035_2040	2040_2045	2045_2050	:=
2015_2020	2.5	5	5	2.5	0.0	0.0	0.0
2020_2025	0.0	2.5	5	5	2.5	0.0	0.0
2025_2030	0.0	0.0	2.5	5	5	2.5	0.0
2030_2035	0.0	0.0	0.0	2.5	5	5	2.5
2035_2040	0.0	0.0	0.0	0.0	2.5	5	5
2040_2045	0.0	0.0	0.0	0.0	0.0	2.5	5
2045_2050	0.0	0.0	0.0	0.0	0.0	0.0	2.5
[CAR_FC_H2_MD, *, *] :	2015_2020	2020_2025	2025_2030	2030_2035	2035_2040	2040_2045	2045_2050	:=
2015_2020	2.5	5	5	2.5	0.0	0.0	0.0
2020_2025	0.0	2.5	5	5	2.5	0.0	0.0
2025_2030	0.0	0.0	2.5	5	5	2.5	0.0
2030_2035	0.0	0.0	0.0	2.5	5	5	2.5
2035_2040	0.0	0.0	0.0	0.0	2.5	5	5
2040_2045	0.0	0.0	0.0	0.0	0.0	2.5	5
2045_2050	0.0	0.0	0.0	0.0	0.0	0.0	2.5
[CAR_FC_H2_SD, *, *] :	2015_2020	2020_2025	2025_2030	2030_2035	2035_2040	2040_2045	2045_2050	:=
2015_2020	2.5	5	5	2.5	0.0	0.0	0.0
2020_2025	0.0	2.5	5	5	2.5	0.0	0.0
2025_2030	0.0	0.0	2.5	5	5	2.5	0.0
2030_2035	0.0	0.0	0.0	2.5	5	5	2.5
2035_2040	0.0	0.0	0.0	0.0	2.5	5	5
2040_2045	0.0	0.0	0.0	0.0	0.0	2.5	5
2045_2050	0.0	0.0	0.0	0.0	0.0	0.0	2.5
[CAR_GASOLINE, *, *] :	2015_2020	2020_2025	2025_2030	2030_2035	2035_2040	2040_2045	2045_2050	:=
2015_2020	2.5	5	5	2.5	0.0	0.0	0.0
2020_2025	0.0	2.5	5	5	2.5	0.0	0.0
2025_2030	0.0	0.0	2.5	5	5	2.5	0.0
2030_2035	0.0	0.0	0.0	2.5	5	5	2.5
2035_2040	0.0	0.0	0.0	0.0	2.5	5	5
2040_2045	0.0	0.0	0.0	0.0	0.0	2.5	5
2045_2050	0.0	0.0	0.0	0.0	0.0	0.0	2.5
[CAR_GASOLINE_ELD, *, *] :	2015_2020	2020_2025	2025_2030	2030_2035	2035_2040	2040_2045	2045_2050	:=
2015_2020	2.5	5	5	2.5	0.0	0.0	0.0
2020_2025	0.0	2.5	5	5	2.5	0.0	0.0
2025_2030	0.0	0.0	2.5	5	5	2.5	0.0
2030_2035	0.0	0.0	0.0	2.5	5	5	2.5
2035_2040	0.0	0.0	0.0	0.0	2.5	5	5
2040_2045	0.0	0.0	0.0	0.0	0.0	2.5	5
2045_2050	0.0	0.0	0.0	0.0	0.0	0.0	2.5
[CAR_GASOLINE_LD, *, *] :	2015_2020	2020_2025	2025_2030	2030_2035	2035_2040	2040_2045	2045_2050	:=
2015_2020	2.5	5	5	2.5	0.0	0.0	0.0
2020_2025	0.0	2.5	5	5	2.5	0.0	0.0
2025_2030	0.0	0.0	2.5	5	5	2.5	0.0
2030_2035	0.0	0.0	0.0	2.5	5	5	2.5
2035_2040	0.0	0.0	0.0	0.0	2.5	5	5
2040_2045	0.0	0.0	0.0	0.0	0.0	2.5	5
2045_2050	0.0	0.0	0.0	0.0	0.0	0.0	2.5
[CAR_GASOLINE_MD, *, *] :	2015_2020	2020_2025	2025_2030	2030_2035	2035_2040	2040_2045	2045_2050	:=
2015_2020	2.5	5	5	2.5	0.0	0.0	0.0
2020_2025	0.0	2.5	5	5	2.5	0.0	0.0
2025_2030	0.0	0.0	2.5	5	5	2.5	0.0
2030_2035	0.0	0.0	0.0	2.5	5	5	2.5
2035_2040	0.0	0.0	0.0	0.0	2.5	5	5
2040_2045	0.0	0.0	0.0	0.0	0.0	2.5	5
2045_2050	0.0	0.0	0.0	0.0	0.0	0.0	2.5
[CAR_GASOLINE_SD, *, *] :	2015_2020	2020_2025	2025_2030	2030_2035	2035_2040	2040_2045	2045_2050	:=
2015_2020	2.5	5	5	2.5	0.0	0.0	0.0
2020_2025	0.0	2.5	5	5	2.5	0.0	0.0
2025_2030	0.0	0.0	2.5	5	5	2.5	0.0
2030_2035	0.0	0.0	0.0	2.5	5	5	2.5
2035_2040	0.0	0.0	0.0	0.0	2.5	5	5
2040_2045	0.0	0.0	0.0	0.0	0.0	2.5	5
2045_2050	0.0	0.0	0.0	0.0	0.0	0.0	2.5
[CAR_HEV, *, *] :	2015_2020	2020_2025	2025_2030	2030_2035	2035_2040	2040_2045	2045_2050	:=
2015_2020	2.5	5	5	2.5	0.0	0.0	0.0
2020_2025	0.0	2.5	5	5	2.5	0.0	0.0
2025_2030	0.0	0.0	2.5	5	5	2.5	0.0
2030_2035	0.0	0.0	0.0	2.5	5	5	2.5
2035_2040	0.0	0.0	0.0	0.0	2.5	5	5
2040_2045	0.0	0.0	0.0	0.0	0.0	2.5	5
2045_2050	0.0	0.0	0.0	0.0	0.0	0.0	2.5
[CAR_HEV_ELD, *, *] :	2015_2020	2020_2025	2025_2030	2030_2035	2035_2040	2040_2045	2045_2050	:=
2015_2020	2.5	5	5	2.5	0.0	0.0	0.0
2020_2025	0.0	2.5	5	5	2.5	0.0	0.0
2025_2030	0.0	0.0	2.5	5	5	2.5	0.0
2030_2035	0.0	0.0	0.0	2.5	5	5	2.5
2035_2040	0.0	0.0	0.0	0.0	2.5	5	5
2040_2045	0.0	0.0	0.0	0.0	0.0	2.5	5
2045_2050	0.0	0.0	0.0	0.0	0.0	0.0	2.5
[CAR_HEV_LD, *, *] :	2015_2020	2020_2025	2025_2030	2030_2035	2035_2040	2040_2045	2045_2050	:=
2015_2020	2.5	5	5	2.5	0.0	0.0	0.0
2020_2025	0.0	2.5	5	5	2.5	0.0	0.0
2025_2030	0.0	0.0	2.5	5	5	2.5	0.0
2030_2035	0.0	0.0	0.0	2.5	5	5	2.5
2035_2040	0.0	0.0	0.0	0.0	2.5	5	5
2040_2045	0.0	0.0	0.0	0.0	0.0	2.5	5
2045_2050	0.0	0.0	0.0	0.0	0.0	0.0	2.5
[CAR_HEV_MD, *, *] :	2015_2020	2020_2025	2025_2030	2030_2035	2035_2040	2040_2045	2045_2050	:=
2015_2020	2.5	5	5	2.5	0.0	0.0	0.0
2020_2025	0.0	2.5	5	5	2.5	0.0	0.0
2025_2030	0.0	0.0	2.5	5	5	2.5	0.0
2030_2035	0.0	0.0	0.0	2.5	5	5	2.5
2035_2040	0.0	0.0	0.0	0.0	2.5	5	5
2040_2045	0.0	0.0	0.0	0.0	0.0	2.5	5
2045_2050	0.0	0.0	0.0	0.0	0.0	0.0	2.5
[CAR_HEV_SD, *, *] :	2015_2020	2020_2025	2025_2030	2030_2035	2035_2040	2040_2045	2045_2050	:=
2015_2020	2.5	5	5	2.5	0.0	0.0	0.0
2020_2025	0.0	2.5	5	5	2.5	0.0	0.0
2025_2030	0.0	0.0	2.5	5	5	2.5	0.0
2030_2035	0.0	0.0	0.0	2.5	5	5	2.5
2035_2040	0.0	0.0	0.0	0.0	2.5	5	5
2040_2045	0.0	0.0	0.0	0.0	0.0	2.5	5
2045_2050	0.0	0.0	0.0	0.0	0.0	0.0	2.5
[CAR_MEOH, *, *] :	2015_2020	2020_2025	2025_2030	2030_2035	2035_2040	2040_2045	2045_2050	:=
2015_2020	2.5	5	0.5	0.0	0.0	0.0	0.0
2020_2025	0.0	2.5	5	0.5	0.0	0.0	0.0
2025_2030	0.0	0.0	2.5	5	0.5	0.0	0.0
2030_2035	0.0	0.0	0.0	2.5	5	0.5	0.0
2035_2040	0.0	0.0	0.0	0.0	2.5	5	0.5
2040_2045	0.0	0.0	0.0	0.0	0.0	2.5	5
2045_2050	0.0	0.0	0.0	0.0	0.0	0.0	2.5
[CAR_MEOH_ELD, *, *] :	2015_2020	2020_2025	2025_2030	2030_2035	2035_2040	2040_2045	2045_2050	:=
2015_2020	2.5	5	0.5	0.0	0.0	0.0	0.0
2020_2025	0.0	2.5	5	0.5	0.0	0.0	0.0
2025_2030	0.0	0.0	2.5	5	0.5	0.0	0.0
2030_2035	0.0	0.0	0.0	2.5	5	0.5	0.0
2035_2040	0.0	0.0	0.0	0.0	2.5	5	0.5
2040_2045	0.0	0.0	0.0	0.0	0.0	2.5	5
2045_2050	0.0	0.0	0.0	0.0	0.0	0.0	2.5
[CAR_MEOH_LD, *, *] :	2015_2020	2020_2025	2025_2030	2030_2035	2035_2040	2040_2045	2045_2050	:=
2015_2020	2.5	5	0.5	0.0	0.0	0.0	0.0
2020_2025	0.0	2.5	5	0.5	0.0	0.0	0.0
2025_2030	0.0	0.0	2.5	5	0.5	0.0	0.0
2030_2035	0.0	0.0	0.0	2.5	5	0.5	0.0
2035_2040	0.0	0.0	0.0	0.0	2.5	5	0.5
2040_2045	0.0	0.0	0.0	0.0	0.0	2.5	5
2045_2050	0.0	0.0	0.0	0.0	0.0	0.0	2.5
[CAR_MEOH_MD, *, *] :	2015_2020	2020_2025	2025_2030	2030_2035	2035_2040	2040_2045	2045_2050	:=
2015_2020	2.5	5	0.5	0.0	0.0	0.0	0.0
2020_2025	0.0	2.5	5	0.5	0.0	0.0	0.0
2025_2030	0.0	0.0	2.5	5	0.5	0.0	0.0
2030_2035	0.0	0.0	0.0	2.5	5	0.5	0.0
2035_2040	0.0	0.0	0.0	0.0	2.5	5	0.5
2040_2045	0.0	0.0	0.0	0.0	0.0	2.5	5
2045_2050	0.0	0.0	0.0	0.0	0.0	0.0	2.5
[CAR_MEOH_SD, *, *] :	2015_2020	2020_2025	2025_2030	2030_2035	2035_2040	2040_2045	2045_2050	:=
2015_2020	2.5	5	0.5	0.0	0.0	0.0	0.0
2020_2025	0.0	2.5	5	0.5	0.0	0.0	0.0
2025_2030	0.0	0.0	2.5	5	0.5	0.0	0.0
2030_2035	0.0	0.0	0.0	2.5	5	0.5	0.0
2035_2040	0.0	0.0	0.0	0.0	2.5	5	0.5
2040_2045	0.0	0.0	0.0	0.0	0.0	2.5	5
2045_2050	0.0	0.0	0.0	0.0	0.0	0.0	2.5
[CAR_PHEV, *, *] :	2015_2020	2020_2025	2025_2030	2030_2035	2035_2040	2040_2045	2045_2050	:=
2015_2020	2.5	5	5	2.5	0.0	0.0	0.0
2020_2025	0.0	2.5	5	5	2.5	0.0	0.0
2025_2030	0.0	0.0	2.5	5	5	2.5	0.0
2030_2035	0.0	0.0	0.0	2.5	5	5	2.5
2035_2040	0.0	0.0	0.0	0.0	2.5	5	5
2040_2045	0.0	0.0	0.0	0.0	0.0	2.5	5
2045_2050	0.0	0.0	0.0	0.0	0.0	0.0	2.5
[CAR_PHEV_ELD, *, *] :	2015_2020	2020_2025	2025_2030	2030_2035	2035_2040	2040_2045	2045_2050	:=
2015_2020	2.5	5	5	2.5	0.0	0.0	0.0
2020_2025	0.0	2.5	5	5	2.5	0.0	0.0
2025_2030	0.0	0.0	2.5	5	5	2.5	0.0
2030_2035	0.0	0.0	0.0	2.5	5	5	2.5
2035_2040	0.0	0.0	0.0	0.0	2.5	5	5
2040_2045	0.0	0.0	0.0	0.0	0.0	2.5	5
2045_2050	0.0	0.0	0.0	0.0	0.0	0.0	2.5
[CAR_PHEV_LD, *, *] :	2015_2020	2020_2025	2025_2030	2030_2035	2035_2040	2040_2045	2045_2050	:=
2015_2020	2.5	5	5	2.5	0.0	0.0	0.0
2020_2025	0.0	2.5	5	5	2.5	0.0	0.0
2025_2030	0.0	0.0	2.5	5	5	2.5	0.0
2030_2035	0.0	0.0	0.0	2.5	5	5	2.5
2035_2040	0.0	0.0	0.0	0.0	2.5	5	5
2040_2045	0.0	0.0	0.0	0.0	0.0	2.5	5
2045_2050	0.0	0.0	0.0	0.0	0.0	0.0	2.5
[CAR_PHEV_MD, *, *] :	2015_2020	2020_2025	2025_2030	2030_2035	2035_2040	2040_2045	2045_2050	:=
2015_2020	2.5	5	5	2.5	0.0	0.0	0.0
2020_2025	0.0	2.5	5	5	2.5	0.0	0.0
2025_2030	0.0	0.0	2.5	5	5	2.5	0.0
2030_2035	0.0	0.0	0.0	2.5	5	5	2.5
2035_2040	0.0	0.0	0.0	0.0	2.5	5	5
2040_2045	0.0	0.0	0.0	0.0	0.0	2.5	5
2045_2050	0.0	0.0	0.0	0.0	0.0	0.0	2.5
[CAR_PHEV_SD, *, *] :	2015_2020	2020_2025	2025_2030	2030_2035	2035_2040	2040_2045	2045_2050	:=
2015_2020	2.5	5	5	2.5	0.0	0.0	0.0
2020_2025	0.0	2.5	5	5	2.5	0.0	0.0
2025_2030	0.0	0.0	2.5	5	5	2.5	0.0
2030_2035	0.0	0.0	0.0	2.5	5	5	2.5
2035_2040	0.0	0.0	0.0	0.0	2.5	5	5
2040_2045	0.0	0.0	0.0	0.0	0.0	2.5	5
2045_2050	0.0	0.0	0.0	0.0	0.0	0.0	2.5
[CAR_PROPANE, *, *] :	2015_2020	2020_2025	2025_2030	2030_2035	2035_2040	2040_2045	2045_2050	:=
2015_2020	2.5	5	5	2.5	0.0	0.0	0.0
2020_2025	0.0	2.5	5	5	2.5	0.0	0.0
2025_2030	0.0	0.0	2.5	5	5	2.5	0.0
2030_2035	0.0	0.0	0.0	2.5	5	5	2.5
2035_2040	0.0	0.0	0.0	0.0	2.5	5	5
2040_2045	0.0	0.0	0.0	0.0	0.0	2.5	5
2045_2050	0.0	0.0	0.0	0.0	0.0	0.0	2.5
[CAR_PROPANE_ELD, *, *] :	2015_2020	2020_2025	2025_2030	2030_2035	2035_2040	2040_2045	2045_2050	:=
2015_2020	2.5	5	5	2.5	0.0	0.0	0.0
2020_2025	0.0	2.5	5	5	2.5	0.0	0.0
2025_2030	0.0	0.0	2.5	5	5	2.5	0.0
2030_2035	0.0	0.0	0.0	2.5	5	5	2.5
2035_2040	0.0	0.0	0.0	0.0	2.5	5	5
2040_2045	0.0	0.0	0.0	0.0	0.0	2.5	5
2045_2050	0.0	0.0	0.0	0.0	0.0	0.0	2.5
[CAR_PROPANE_LD, *, *] :	2015_2020	2020_2025	2025_2030	2030_2035	2035_2040	2040_2045	2045_2050	:=
2015_2020	2.5	5	5	2.5	0.0	0.0	0.0
2020_2025	0.0	2.5	5	5	2.5	0.0	0.0
2025_2030	0.0	0.0	2.5	5	5	2.5	0.0
2030_2035	0.0	0.0	0.0	2.5	5	5	2.5
2035_2040	0.0	0.0	0.0	0.0	2.5	5	5
2040_2045	0.0	0.0	0.0	0.0	0.0	2.5	5
2045_2050	0.0	0.0	0.0	0.0	0.0	0.0	2.5
[CAR_PROPANE_MD, *, *] :	2015_2020	2020_2025	2025_2030	2030_2035	2035_2040	2040_2045	2045_2050	:=
2015_2020	2.5	5	5	2.5	0.0	0.0	0.0
2020_2025	0.0	2.5	5	5	2.5	0.0	0.0
2025_2030	0.0	0.0	2.5	5	5	2.5	0.0
2030_2035	0.0	0.0	0.0	2.5	5	5	2.5
2035_2040	0.0	0.0	0.0	0.0	2.5	5	5
2040_2045	0.0	0.0	0.0	0.0	0.0	2.5	5
2045_2050	0.0	0.0	0.0	0.0	0.0	0.0	2.5
[CAR_PROPANE_SD, *, *] :	2015_2020	2020_2025	2025_2030	2030_2035	2035_2040	2040_2045	2045_2050	:=
2015_2020	2.5	5	5	2.5	0.0	0.0	0.0
2020_2025	0.0	2.5	5	5	2.5	0.0	0.0
2025_2030	0.0	0.0	2.5	5	5	2.5	0.0
2030_2035	0.0	0.0	0.0	2.5	5	5	2.5
2035_2040	0.0	0.0	0.0	0.0	2.5	5	5
2040_2045	0.0	0.0	0.0	0.0	0.0	2.5	5
2045_2050	0.0	0.0	0.0	0.0	0.0	0.0	2.5
[CCGT, *, *] :	2015_2020	2020_2025	2025_2030	2030_2035	2035_2040	2040_2045	2045_2050	:=
2015_2020	2.5	5	5	5	5	2.5	0.0
2020_2025	0.0	2.5	5	5	5	5	2.5
2025_2030	0.0	0.0	2.5	5	5	5	5
2030_2035	0.0	0.0	0.0	2.5	5	5	5
2035_2040	0.0	0.0	0.0	0.0	2.5	5	5
2040_2045	0.0	0.0	0.0	0.0	0.0	2.5	5
2045_2050	0.0	0.0	0.0	0.0	0.0	0.0	2.5
[CCGT_BIOGAS, *, *] :	2015_2020	2020_2025	2025_2030	2030_2035	2035_2040	2040_2045	2045_2050	:=
2015_2020	2.5	5	5	5	5	2.5	0.0
2020_2025	0.0	2.5	5	5	5	5	2.5
2025_2030	0.0	0.0	2.5	5	5	5	5
2030_2035	0.0	0.0	0.0	2.5	5	5	5
2035_2040	0.0	0.0	0.0	0.0	2.5	5	5
2040_2045	0.0	0.0	0.0	0.0	0.0	2.5	5
2045_2050	0.0	0.0	0.0	0.0	0.0	0.0	2.5
[CCGT_BIOGAS_CC, *, *] :	2015_2020	2020_2025	2025_2030	2030_2035	2035_2040	2040_2045	2045_2050	:=
2015_2020	2.5	5	5	5	5	2.5	0.0
2020_2025	0.0	2.5	5	5	5	5	2.5
2025_2030	0.0	0.0	2.5	5	5	5	5
2030_2035	0.0	0.0	0.0	2.5	5	5	5
2035_2040	0.0	0.0	0.0	0.0	2.5	5	5
2040_2045	0.0	0.0	0.0	0.0	0.0	2.5	5
2045_2050	0.0	0.0	0.0	0.0	0.0	0.0	2.5
[CCGT_CC, *, *] :	2015_2020	2020_2025	2025_2030	2030_2035	2035_2040	2040_2045	2045_2050	:=
2015_2020	2.5	5	5	5	5	2.5	0.0
2020_2025	0.0	2.5	5	5	5	5	2.5
2025_2030	0.0	0.0	2.5	5	5	5	5
2030_2035	0.0	0.0	0.0	2.5	5	5	5
2035_2040	0.0	0.0	0.0	0.0	2.5	5	5
2040_2045	0.0	0.0	0.0	0.0	0.0	2.5	5
2045_2050	0.0	0.0	0.0	0.0	0.0	0.0	2.5
[CEMENT, *, *] :	2015_2020	2020_2025	2025_2030	2030_2035	2035_2040	2040_2045	2045_2050	:=
2015_2020	2.5	5	5	5	2.5	0.0	0.0
2020_2025	0.0	2.5	5	5	5	2.5	0.0
2025_2030	0.0	0.0	2.5	5	5	5	2.5
2030_2035	0.0	0.0	0.0	2.5	5	5	5
2035_2040	0.0	0.0	0.0	0.0	2.5	5	5
2040_2045	0.0	0.0	0.0	0.0	0.0	2.5	5
2045_2050	0.0	0.0	0.0	0.0	0.0	0.0	2.5
[CEMENT_PROD, *, *] :	2015_2020	2020_2025	2025_2030	2030_2035	2035_2040	2040_2045	2045_2050	:=
2015_2020	2.5	5	5	5	5	2.5	0.0
2020_2025	0.0	2.5	5	5	5	5	2.5
2025_2030	0.0	0.0	2.5	5	5	5	5
2030_2035	0.0	0.0	0.0	2.5	5	5	5
2035_2040	0.0	0.0	0.0	0.0	2.5	5	5
2040_2045	0.0	0.0	0.0	0.0	0.0	2.5	5
2045_2050	0.0	0.0	0.0	0.0	0.0	0.0	2.5
[CEMENT_PROD_HP, *, *] :	2015_2020	2020_2025	2025_2030	2030_2035	2035_2040	2040_2045	2045_2050	:=
2015_2020	2.5	5	5	5	5	2.5	0.0
2020_2025	0.0	2.5	5	5	5	5	2.5
2025_2030	0.0	0.0	2.5	5	5	5	5
2030_2035	0.0	0.0	0.0	2.5	5	5	5
2035_2040	0.0	0.0	0.0	0.0	2.5	5	5
2040_2045	0.0	0.0	0.0	0.0	0.0	2.5	5
2045_2050	0.0	0.0	0.0	0.0	0.0	0.0	2.5
[CO2_METHANOL, *, *] :	2015_2020	2020_2025	2025_2030	2030_2035	2035_2040	2040_2045	2045_2050	:=
2015_2020	2.5	5	5	5	5	2.5	0.0
2020_2025	0.0	2.5	5	5	5	5	2.5
2025_2030	0.0	0.0	2.5	5	5	5	5
2030_2035	0.0	0.0	0.0	2.5	5	5	5
2035_2040	0.0	0.0	0.0	0.0	2.5	5	5
2040_2045	0.0	0.0	0.0	0.0	0.0	2.5	5
2045_2050	0.0	0.0	0.0	0.0	0.0	0.0	2.5
[CO2_STO, *, *] :	2015_2020	2020_2025	2025_2030	2030_2035	2035_2040	2040_2045	2045_2050	:=
2015_2020	2.5	5	5	5	2.5	0.0	0.0
2020_2025	0.0	2.5	5	5	5	2.5	0.0
2025_2030	0.0	0.0	2.5	5	5	5	2.5
2030_2035	0.0	0.0	0.0	2.5	5	5	5
2035_2040	0.0	0.0	0.0	0.0	2.5	5	5
2040_2045	0.0	0.0	0.0	0.0	0.0	2.5	5
2045_2050	0.0	0.0	0.0	0.0	0.0	0.0	2.5
[CO2_TO_DIESEL, *, *] :	2015_2020	2020_2025	2025_2030	2030_2035	2035_2040	2040_2045	2045_2050	:=
2015_2020	2.5	5	5	5	2.5	0.0	0.0
2020_2025	0.0	2.5	5	5	5	2.5	0.0
2025_2030	0.0	0.0	2.5	5	5	5	2.5
2030_2035	0.0	0.0	0.0	2.5	5	5	5
2035_2040	0.0	0.0	0.0	0.0	2.5	5	5
2040_2045	0.0	0.0	0.0	0.0	0.0	2.5	5
2045_2050	0.0	0.0	0.0	0.0	0.0	0.0	2.5
[CO2_TO_JETFUELS, *, *] :	2015_2020	2020_2025	2025_2030	2030_2035	2035_2040	2040_2045	2045_2050	:=
2015_2020	2.5	5	5	5	2.5	0.0	0.0
2020_2025	0.0	2.5	5	5	5	2.5	0.0
2025_2030	0.0	0.0	2.5	5	5	5	2.5
2030_2035	0.0	0.0	0.0	2.5	5	5	5
2035_2040	0.0	0.0	0.0	0.0	2.5	5	5
2040_2045	0.0	0.0	0.0	0.0	0.0	2.5	5
2045_2050	0.0	0.0	0.0	0.0	0.0	0.0	2.5
[COACH_BIODIESEL_B100, *, *] :	2015_2020	2020_2025	2025_2030	2030_2035	2035_2040	2040_2045	2045_2050	:=
2015_2020	2.5	5	5	2.5	0.0	0.0	0.0
2020_2025	0.0	2.5	5	5	2.5	0.0	0.0
2025_2030	0.0	0.0	2.5	5	5	2.5	0.0
2030_2035	0.0	0.0	0.0	2.5	5	5	2.5
2035_2040	0.0	0.0	0.0	0.0	2.5	5	5
2040_2045	0.0	0.0	0.0	0.0	0.0	2.5	5
2045_2050	0.0	0.0	0.0	0.0	0.0	0.0	2.5
[COACH_BIODIESEL_B100_ELD, *, *] :	2015_2020	2020_2025	2025_2030	2030_2035	2035_2040	2040_2045	2045_2050	:=
2015_2020	2.5	5	5	2.5	0.0	0.0	0.0
2020_2025	0.0	2.5	5	5	2.5	0.0	0.0
2025_2030	0.0	0.0	2.5	5	5	2.5	0.0
2030_2035	0.0	0.0	0.0	2.5	5	5	2.5
2035_2040	0.0	0.0	0.0	0.0	2.5	5	5
2040_2045	0.0	0.0	0.0	0.0	0.0	2.5	5
2045_2050	0.0	0.0	0.0	0.0	0.0	0.0	2.5
[COACH_BIODIESEL_B100_LD, *, *] :	2015_2020	2020_2025	2025_2030	2030_2035	2035_2040	2040_2045	2045_2050	:=
2015_2020	2.5	5	5	2.5	0.0	0.0	0.0
2020_2025	0.0	2.5	5	5	2.5	0.0	0.0
2025_2030	0.0	0.0	2.5	5	5	2.5	0.0
2030_2035	0.0	0.0	0.0	2.5	5	5	2.5
2035_2040	0.0	0.0	0.0	0.0	2.5	5	5
2040_2045	0.0	0.0	0.0	0.0	0.0	2.5	5
2045_2050	0.0	0.0	0.0	0.0	0.0	0.0	2.5
[COACH_BIODIESEL_B100_MD, *, *] :	2015_2020	2020_2025	2025_2030	2030_2035	2035_2040	2040_2045	2045_2050	:=
2015_2020	2.5	5	5	2.5	0.0	0.0	0.0
2020_2025	0.0	2.5	5	5	2.5	0.0	0.0
2025_2030	0.0	0.0	2.5	5	5	2.5	0.0
2030_2035	0.0	0.0	0.0	2.5	5	5	2.5
2035_2040	0.0	0.0	0.0	0.0	2.5	5	5
2040_2045	0.0	0.0	0.0	0.0	0.0	2.5	5
2045_2050	0.0	0.0	0.0	0.0	0.0	0.0	2.5
[COACH_BIODIESEL_B20, *, *] :	2015_2020	2020_2025	2025_2030	2030_2035	2035_2040	2040_2045	2045_2050	:=
2015_2020	2.5	5	5	2.5	0.0	0.0	0.0
2020_2025	0.0	2.5	5	5	2.5	0.0	0.0
2025_2030	0.0	0.0	2.5	5	5	2.5	0.0
2030_2035	0.0	0.0	0.0	2.5	5	5	2.5
2035_2040	0.0	0.0	0.0	0.0	2.5	5	5
2040_2045	0.0	0.0	0.0	0.0	0.0	2.5	5
2045_2050	0.0	0.0	0.0	0.0	0.0	0.0	2.5
[COACH_BIODIESEL_B20_ELD, *, *] :	2015_2020	2020_2025	2025_2030	2030_2035	2035_2040	2040_2045	2045_2050	:=
2015_2020	2.5	5	5	2.5	0.0	0.0	0.0
2020_2025	0.0	2.5	5	5	2.5	0.0	0.0
2025_2030	0.0	0.0	2.5	5	5	2.5	0.0
2030_2035	0.0	0.0	0.0	2.5	5	5	2.5
2035_2040	0.0	0.0	0.0	0.0	2.5	5	5
2040_2045	0.0	0.0	0.0	0.0	0.0	2.5	5
2045_2050	0.0	0.0	0.0	0.0	0.0	0.0	2.5
[COACH_BIODIESEL_B20_LD, *, *] :	2015_2020	2020_2025	2025_2030	2030_2035	2035_2040	2040_2045	2045_2050	:=
2015_2020	2.5	5	5	2.5	0.0	0.0	0.0
2020_2025	0.0	2.5	5	5	2.5	0.0	0.0
2025_2030	0.0	0.0	2.5	5	5	2.5	0.0
2030_2035	0.0	0.0	0.0	2.5	5	5	2.5
2035_2040	0.0	0.0	0.0	0.0	2.5	5	5
2040_2045	0.0	0.0	0.0	0.0	0.0	2.5	5
2045_2050	0.0	0.0	0.0	0.0	0.0	0.0	2.5
[COACH_BIODIESEL_B20_MD, *, *] :	2015_2020	2020_2025	2025_2030	2030_2035	2035_2040	2040_2045	2045_2050	:=
2015_2020	2.5	5	5	2.5	0.0	0.0	0.0
2020_2025	0.0	2.5	5	5	2.5	0.0	0.0
2025_2030	0.0	0.0	2.5	5	5	2.5	0.0
2030_2035	0.0	0.0	0.0	2.5	5	5	2.5
2035_2040	0.0	0.0	0.0	0.0	2.5	5	5
2040_2045	0.0	0.0	0.0	0.0	0.0	2.5	5
2045_2050	0.0	0.0	0.0	0.0	0.0	0.0	2.5
[COACH_BIOETOH_E10, *, *] :	2015_2020	2020_2025	2025_2030	2030_2035	2035_2040	2040_2045	2045_2050	:=
2015_2020	2.5	5	5	2.5	0.0	0.0	0.0
2020_2025	0.0	2.5	5	5	2.5	0.0	0.0
2025_2030	0.0	0.0	2.5	5	5	2.5	0.0
2030_2035	0.0	0.0	0.0	2.5	5	5	2.5
2035_2040	0.0	0.0	0.0	0.0	2.5	5	5
2040_2045	0.0	0.0	0.0	0.0	0.0	2.5	5
2045_2050	0.0	0.0	0.0	0.0	0.0	0.0	2.5
[COACH_BIOETOH_E10_ELD, *, *] :	2015_2020	2020_2025	2025_2030	2030_2035	2035_2040	2040_2045	2045_2050	:=
2015_2020	2.5	5	5	2.5	0.0	0.0	0.0
2020_2025	0.0	2.5	5	5	2.5	0.0	0.0
2025_2030	0.0	0.0	2.5	5	5	2.5	0.0
2030_2035	0.0	0.0	0.0	2.5	5	5	2.5
2035_2040	0.0	0.0	0.0	0.0	2.5	5	5
2040_2045	0.0	0.0	0.0	0.0	0.0	2.5	5
2045_2050	0.0	0.0	0.0	0.0	0.0	0.0	2.5
[COACH_BIOETOH_E10_LD, *, *] :	2015_2020	2020_2025	2025_2030	2030_2035	2035_2040	2040_2045	2045_2050	:=
2015_2020	2.5	5	5	2.5	0.0	0.0	0.0
2020_2025	0.0	2.5	5	5	2.5	0.0	0.0
2025_2030	0.0	0.0	2.5	5	5	2.5	0.0
2030_2035	0.0	0.0	0.0	2.5	5	5	2.5
2035_2040	0.0	0.0	0.0	0.0	2.5	5	5
2040_2045	0.0	0.0	0.0	0.0	0.0	2.5	5
2045_2050	0.0	0.0	0.0	0.0	0.0	0.0	2.5
[COACH_BIOETOH_E10_MD, *, *] :	2015_2020	2020_2025	2025_2030	2030_2035	2035_2040	2040_2045	2045_2050	:=
2015_2020	2.5	5	5	2.5	0.0	0.0	0.0
2020_2025	0.0	2.5	5	5	2.5	0.0	0.0
2025_2030	0.0	0.0	2.5	5	5	2.5	0.0
2030_2035	0.0	0.0	0.0	2.5	5	5	2.5
2035_2040	0.0	0.0	0.0	0.0	2.5	5	5
2040_2045	0.0	0.0	0.0	0.0	0.0	2.5	5
2045_2050	0.0	0.0	0.0	0.0	0.0	0.0	2.5
[COACH_CNG, *, *] :	2015_2020	2020_2025	2025_2030	2030_2035	2035_2040	2040_2045	2045_2050	:=
2015_2020	2.5	5	5	2.5	0.0	0.0	0.0
2020_2025	0.0	2.5	5	5	2.5	0.0	0.0
2025_2030	0.0	0.0	2.5	5	5	2.5	0.0
2030_2035	0.0	0.0	0.0	2.5	5	5	2.5
2035_2040	0.0	0.0	0.0	0.0	2.5	5	5
2040_2045	0.0	0.0	0.0	0.0	0.0	2.5	5
2045_2050	0.0	0.0	0.0	0.0	0.0	0.0	2.5
[COACH_CNG_ELD, *, *] :	2015_2020	2020_2025	2025_2030	2030_2035	2035_2040	2040_2045	2045_2050	:=
2015_2020	2.5	5	5	2.5	0.0	0.0	0.0
2020_2025	0.0	2.5	5	5	2.5	0.0	0.0
2025_2030	0.0	0.0	2.5	5	5	2.5	0.0
2030_2035	0.0	0.0	0.0	2.5	5	5	2.5
2035_2040	0.0	0.0	0.0	0.0	2.5	5	5
2040_2045	0.0	0.0	0.0	0.0	0.0	2.5	5
2045_2050	0.0	0.0	0.0	0.0	0.0	0.0	2.5
[COACH_CNG_LD, *, *] :	2015_2020	2020_2025	2025_2030	2030_2035	2035_2040	2040_2045	2045_2050	:=
2015_2020	2.5	5	5	2.5	0.0	0.0	0.0
2020_2025	0.0	2.5	5	5	2.5	0.0	0.0
2025_2030	0.0	0.0	2.5	5	5	2.5	0.0
2030_2035	0.0	0.0	0.0	2.5	5	5	2.5
2035_2040	0.0	0.0	0.0	0.0	2.5	5	5
2040_2045	0.0	0.0	0.0	0.0	0.0	2.5	5
2045_2050	0.0	0.0	0.0	0.0	0.0	0.0	2.5
[COACH_CNG_MD, *, *] :	2015_2020	2020_2025	2025_2030	2030_2035	2035_2040	2040_2045	2045_2050	:=
2015_2020	2.5	5	5	2.5	0.0	0.0	0.0
2020_2025	0.0	2.5	5	5	2.5	0.0	0.0
2025_2030	0.0	0.0	2.5	5	5	2.5	0.0
2030_2035	0.0	0.0	0.0	2.5	5	5	2.5
2035_2040	0.0	0.0	0.0	0.0	2.5	5	5
2040_2045	0.0	0.0	0.0	0.0	0.0	2.5	5
2045_2050	0.0	0.0	0.0	0.0	0.0	0.0	2.5
[COACH_CSNG, *, *] :	2015_2020	2020_2025	2025_2030	2030_2035	2035_2040	2040_2045	2045_2050	:=
2015_2020	2.5	5	5	2.5	0.0	0.0	0.0
2020_2025	0.0	2.5	5	5	2.5	0.0	0.0
2025_2030	0.0	0.0	2.5	5	5	2.5	0.0
2030_2035	0.0	0.0	0.0	2.5	5	5	2.5
2035_2040	0.0	0.0	0.0	0.0	2.5	5	5
2040_2045	0.0	0.0	0.0	0.0	0.0	2.5	5
2045_2050	0.0	0.0	0.0	0.0	0.0	0.0	2.5
[COACH_CSNG_ELD, *, *] :	2015_2020	2020_2025	2025_2030	2030_2035	2035_2040	2040_2045	2045_2050	:=
2015_2020	2.5	5	5	2.5	0.0	0.0	0.0
2020_2025	0.0	2.5	5	5	2.5	0.0	0.0
2025_2030	0.0	0.0	2.5	5	5	2.5	0.0
2030_2035	0.0	0.0	0.0	2.5	5	5	2.5
2035_2040	0.0	0.0	0.0	0.0	2.5	5	5
2040_2045	0.0	0.0	0.0	0.0	0.0	2.5	5
2045_2050	0.0	0.0	0.0	0.0	0.0	0.0	2.5
[COACH_CSNG_LD, *, *] :	2015_2020	2020_2025	2025_2030	2030_2035	2035_2040	2040_2045	2045_2050	:=
2015_2020	2.5	5	5	2.5	0.0	0.0	0.0
2020_2025	0.0	2.5	5	5	2.5	0.0	0.0
2025_2030	0.0	0.0	2.5	5	5	2.5	0.0
2030_2035	0.0	0.0	0.0	2.5	5	5	2.5
2035_2040	0.0	0.0	0.0	0.0	2.5	5	5
2040_2045	0.0	0.0	0.0	0.0	0.0	2.5	5
2045_2050	0.0	0.0	0.0	0.0	0.0	0.0	2.5
[COACH_CSNG_MD, *, *] :	2015_2020	2020_2025	2025_2030	2030_2035	2035_2040	2040_2045	2045_2050	:=
2015_2020	2.5	5	5	2.5	0.0	0.0	0.0
2020_2025	0.0	2.5	5	5	2.5	0.0	0.0
2025_2030	0.0	0.0	2.5	5	5	2.5	0.0
2030_2035	0.0	0.0	0.0	2.5	5	5	2.5
2035_2040	0.0	0.0	0.0	0.0	2.5	5	5
2040_2045	0.0	0.0	0.0	0.0	0.0	2.5	5
2045_2050	0.0	0.0	0.0	0.0	0.0	0.0	2.5
[COACH_DIESEL, *, *] :	2015_2020	2020_2025	2025_2030	2030_2035	2035_2040	2040_2045	2045_2050	:=
2015_2020	2.5	5	5	2.5	0.0	0.0	0.0
2020_2025	0.0	2.5	5	5	2.5	0.0	0.0
2025_2030	0.0	0.0	2.5	5	5	2.5	0.0
2030_2035	0.0	0.0	0.0	2.5	5	5	2.5
2035_2040	0.0	0.0	0.0	0.0	2.5	5	5
2040_2045	0.0	0.0	0.0	0.0	0.0	2.5	5
2045_2050	0.0	0.0	0.0	0.0	0.0	0.0	2.5
[COACH_DIESEL_ELD, *, *] :	2015_2020	2020_2025	2025_2030	2030_2035	2035_2040	2040_2045	2045_2050	:=
2015_2020	2.5	5	5	2.5	0.0	0.0	0.0
2020_2025	0.0	2.5	5	5	2.5	0.0	0.0
2025_2030	0.0	0.0	2.5	5	5	2.5	0.0
2030_2035	0.0	0.0	0.0	2.5	5	5	2.5
2035_2040	0.0	0.0	0.0	0.0	2.5	5	5
2040_2045	0.0	0.0	0.0	0.0	0.0	2.5	5
2045_2050	0.0	0.0	0.0	0.0	0.0	0.0	2.5
[COACH_DIESEL_LD, *, *] :	2015_2020	2020_2025	2025_2030	2030_2035	2035_2040	2040_2045	2045_2050	:=
2015_2020	2.5	5	5	2.5	0.0	0.0	0.0
2020_2025	0.0	2.5	5	5	2.5	0.0	0.0
2025_2030	0.0	0.0	2.5	5	5	2.5	0.0
2030_2035	0.0	0.0	0.0	2.5	5	5	2.5
2035_2040	0.0	0.0	0.0	0.0	2.5	5	5
2040_2045	0.0	0.0	0.0	0.0	0.0	2.5	5
2045_2050	0.0	0.0	0.0	0.0	0.0	0.0	2.5
[COACH_DIESEL_MD, *, *] :	2015_2020	2020_2025	2025_2030	2030_2035	2035_2040	2040_2045	2045_2050	:=
2015_2020	2.5	5	5	2.5	0.0	0.0	0.0
2020_2025	0.0	2.5	5	5	2.5	0.0	0.0
2025_2030	0.0	0.0	2.5	5	5	2.5	0.0
2030_2035	0.0	0.0	0.0	2.5	5	5	2.5
2035_2040	0.0	0.0	0.0	0.0	2.5	5	5
2040_2045	0.0	0.0	0.0	0.0	0.0	2.5	5
2045_2050	0.0	0.0	0.0	0.0	0.0	0.0	2.5
[COACH_ETOH_E10, *, *] :	2015_2020	2020_2025	2025_2030	2030_2035	2035_2040	2040_2045	2045_2050	:=
2015_2020	2.5	5	5	2.5	0.0	0.0	0.0
2020_2025	0.0	2.5	5	5	2.5	0.0	0.0
2025_2030	0.0	0.0	2.5	5	5	2.5	0.0
2030_2035	0.0	0.0	0.0	2.5	5	5	2.5
2035_2040	0.0	0.0	0.0	0.0	2.5	5	5
2040_2045	0.0	0.0	0.0	0.0	0.0	2.5	5
2045_2050	0.0	0.0	0.0	0.0	0.0	0.0	2.5
[COACH_ETOH_E10_ELD, *, *] :	2015_2020	2020_2025	2025_2030	2030_2035	2035_2040	2040_2045	2045_2050	:=
2015_2020	2.5	5	5	2.5	0.0	0.0	0.0
2020_2025	0.0	2.5	5	5	2.5	0.0	0.0
2025_2030	0.0	0.0	2.5	5	5	2.5	0.0
2030_2035	0.0	0.0	0.0	2.5	5	5	2.5
2035_2040	0.0	0.0	0.0	0.0	2.5	5	5
2040_2045	0.0	0.0	0.0	0.0	0.0	2.5	5
2045_2050	0.0	0.0	0.0	0.0	0.0	0.0	2.5
[COACH_ETOH_E10_LD, *, *] :	2015_2020	2020_2025	2025_2030	2030_2035	2035_2040	2040_2045	2045_2050	:=
2015_2020	2.5	5	5	2.5	0.0	0.0	0.0
2020_2025	0.0	2.5	5	5	2.5	0.0	0.0
2025_2030	0.0	0.0	2.5	5	5	2.5	0.0
2030_2035	0.0	0.0	0.0	2.5	5	5	2.5
2035_2040	0.0	0.0	0.0	0.0	2.5	5	5
2040_2045	0.0	0.0	0.0	0.0	0.0	2.5	5
2045_2050	0.0	0.0	0.0	0.0	0.0	0.0	2.5
[COACH_ETOH_E10_MD, *, *] :	2015_2020	2020_2025	2025_2030	2030_2035	2035_2040	2040_2045	2045_2050	:=
2015_2020	2.5	5	5	2.5	0.0	0.0	0.0
2020_2025	0.0	2.5	5	5	2.5	0.0	0.0
2025_2030	0.0	0.0	2.5	5	5	2.5	0.0
2030_2035	0.0	0.0	0.0	2.5	5	5	2.5
2035_2040	0.0	0.0	0.0	0.0	2.5	5	5
2040_2045	0.0	0.0	0.0	0.0	0.0	2.5	5
2045_2050	0.0	0.0	0.0	0.0	0.0	0.0	2.5
[COACH_EV, *, *] :	2015_2020	2020_2025	2025_2030	2030_2035	2035_2040	2040_2045	2045_2050	:=
2015_2020	2.5	5	5	2.5	0.0	0.0	0.0
2020_2025	0.0	2.5	5	5	2.5	0.0	0.0
2025_2030	0.0	0.0	2.5	5	5	2.5	0.0
2030_2035	0.0	0.0	0.0	2.5	5	5	2.5
2035_2040	0.0	0.0	0.0	0.0	2.5	5	5
2040_2045	0.0	0.0	0.0	0.0	0.0	2.5	5
2045_2050	0.0	0.0	0.0	0.0	0.0	0.0	2.5
[COACH_EV_ELD, *, *] :	2015_2020	2020_2025	2025_2030	2030_2035	2035_2040	2040_2045	2045_2050	:=
2015_2020	2.5	5	5	2.5	0.0	0.0	0.0
2020_2025	0.0	2.5	5	5	2.5	0.0	0.0
2025_2030	0.0	0.0	2.5	5	5	2.5	0.0
2030_2035	0.0	0.0	0.0	2.5	5	5	2.5
2035_2040	0.0	0.0	0.0	0.0	2.5	5	5
2040_2045	0.0	0.0	0.0	0.0	0.0	2.5	5
2045_2050	0.0	0.0	0.0	0.0	0.0	0.0	2.5
[COACH_EV_LD, *, *] :	2015_2020	2020_2025	2025_2030	2030_2035	2035_2040	2040_2045	2045_2050	:=
2015_2020	2.5	5	5	2.5	0.0	0.0	0.0
2020_2025	0.0	2.5	5	5	2.5	0.0	0.0
2025_2030	0.0	0.0	2.5	5	5	2.5	0.0
2030_2035	0.0	0.0	0.0	2.5	5	5	2.5
2035_2040	0.0	0.0	0.0	0.0	2.5	5	5
2040_2045	0.0	0.0	0.0	0.0	0.0	2.5	5
2045_2050	0.0	0.0	0.0	0.0	0.0	0.0	2.5
[COACH_EV_MD, *, *] :	2015_2020	2020_2025	2025_2030	2030_2035	2035_2040	2040_2045	2045_2050	:=
2015_2020	2.5	5	5	2.5	0.0	0.0	0.0
2020_2025	0.0	2.5	5	5	2.5	0.0	0.0
2025_2030	0.0	0.0	2.5	5	5	2.5	0.0
2030_2035	0.0	0.0	0.0	2.5	5	5	2.5
2035_2040	0.0	0.0	0.0	0.0	2.5	5	5
2040_2045	0.0	0.0	0.0	0.0	0.0	2.5	5
2045_2050	0.0	0.0	0.0	0.0	0.0	0.0	2.5
[COACH_GASOLINE, *, *] :	2015_2020	2020_2025	2025_2030	2030_2035	2035_2040	2040_2045	2045_2050	:=
2015_2020	2.5	5	5	2.5	0.0	0.0	0.0
2020_2025	0.0	2.5	5	5	2.5	0.0	0.0
2025_2030	0.0	0.0	2.5	5	5	2.5	0.0
2030_2035	0.0	0.0	0.0	2.5	5	5	2.5
2035_2040	0.0	0.0	0.0	0.0	2.5	5	5
2040_2045	0.0	0.0	0.0	0.0	0.0	2.5	5
2045_2050	0.0	0.0	0.0	0.0	0.0	0.0	2.5
[COACH_GASOLINE_ELD, *, *] :	2015_2020	2020_2025	2025_2030	2030_2035	2035_2040	2040_2045	2045_2050	:=
2015_2020	2.5	5	5	2.5	0.0	0.0	0.0
2020_2025	0.0	2.5	5	5	2.5	0.0	0.0
2025_2030	0.0	0.0	2.5	5	5	2.5	0.0
2030_2035	0.0	0.0	0.0	2.5	5	5	2.5
2035_2040	0.0	0.0	0.0	0.0	2.5	5	5
2040_2045	0.0	0.0	0.0	0.0	0.0	2.5	5
2045_2050	0.0	0.0	0.0	0.0	0.0	0.0	2.5
[COACH_GASOLINE_LD, *, *] :	2015_2020	2020_2025	2025_2030	2030_2035	2035_2040	2040_2045	2045_2050	:=
2015_2020	2.5	5	5	2.5	0.0	0.0	0.0
2020_2025	0.0	2.5	5	5	2.5	0.0	0.0
2025_2030	0.0	0.0	2.5	5	5	2.5	0.0
2030_2035	0.0	0.0	0.0	2.5	5	5	2.5
2035_2040	0.0	0.0	0.0	0.0	2.5	5	5
2040_2045	0.0	0.0	0.0	0.0	0.0	2.5	5
2045_2050	0.0	0.0	0.0	0.0	0.0	0.0	2.5
[COACH_GASOLINE_MD, *, *] :	2015_2020	2020_2025	2025_2030	2030_2035	2035_2040	2040_2045	2045_2050	:=
2015_2020	2.5	5	5	2.5	0.0	0.0	0.0
2020_2025	0.0	2.5	5	5	2.5	0.0	0.0
2025_2030	0.0	0.0	2.5	5	5	2.5	0.0
2030_2035	0.0	0.0	0.0	2.5	5	5	2.5
2035_2040	0.0	0.0	0.0	0.0	2.5	5	5
2040_2045	0.0	0.0	0.0	0.0	0.0	2.5	5
2045_2050	0.0	0.0	0.0	0.0	0.0	0.0	2.5
[COACH_HY_DIESEL, *, *] :	2015_2020	2020_2025	2025_2030	2030_2035	2035_2040	2040_2045	2045_2050	:=
2015_2020	2.5	5	5	2.5	0.0	0.0	0.0
2020_2025	0.0	2.5	5	5	2.5	0.0	0.0
2025_2030	0.0	0.0	2.5	5	5	2.5	0.0
2030_2035	0.0	0.0	0.0	2.5	5	5	2.5
2035_2040	0.0	0.0	0.0	0.0	2.5	5	5
2040_2045	0.0	0.0	0.0	0.0	0.0	2.5	5
2045_2050	0.0	0.0	0.0	0.0	0.0	0.0	2.5
[COACH_HY_DIESEL_ELD, *, *] :	2015_2020	2020_2025	2025_2030	2030_2035	2035_2040	2040_2045	2045_2050	:=
2015_2020	2.5	5	5	2.5	0.0	0.0	0.0
2020_2025	0.0	2.5	5	5	2.5	0.0	0.0
2025_2030	0.0	0.0	2.5	5	5	2.5	0.0
2030_2035	0.0	0.0	0.0	2.5	5	5	2.5
2035_2040	0.0	0.0	0.0	0.0	2.5	5	5
2040_2045	0.0	0.0	0.0	0.0	0.0	2.5	5
2045_2050	0.0	0.0	0.0	0.0	0.0	0.0	2.5
[COACH_HY_DIESEL_LD, *, *] :	2015_2020	2020_2025	2025_2030	2030_2035	2035_2040	2040_2045	2045_2050	:=
2015_2020	2.5	5	5	2.5	0.0	0.0	0.0
2020_2025	0.0	2.5	5	5	2.5	0.0	0.0
2025_2030	0.0	0.0	2.5	5	5	2.5	0.0
2030_2035	0.0	0.0	0.0	2.5	5	5	2.5
2035_2040	0.0	0.0	0.0	0.0	2.5	5	5
2040_2045	0.0	0.0	0.0	0.0	0.0	2.5	5
2045_2050	0.0	0.0	0.0	0.0	0.0	0.0	2.5
[COACH_HY_DIESEL_MD, *, *] :	2015_2020	2020_2025	2025_2030	2030_2035	2035_2040	2040_2045	2045_2050	:=
2015_2020	2.5	5	5	2.5	0.0	0.0	0.0
2020_2025	0.0	2.5	5	5	2.5	0.0	0.0
2025_2030	0.0	0.0	2.5	5	5	2.5	0.0
2030_2035	0.0	0.0	0.0	2.5	5	5	2.5
2035_2040	0.0	0.0	0.0	0.0	2.5	5	5
2040_2045	0.0	0.0	0.0	0.0	0.0	2.5	5
2045_2050	0.0	0.0	0.0	0.0	0.0	0.0	2.5
[COACH_PROPANE, *, *] :	2015_2020	2020_2025	2025_2030	2030_2035	2035_2040	2040_2045	2045_2050	:=
2015_2020	2.5	5	5	2.5	0.0	0.0	0.0
2020_2025	0.0	2.5	5	5	2.5	0.0	0.0
2025_2030	0.0	0.0	2.5	5	5	2.5	0.0
2030_2035	0.0	0.0	0.0	2.5	5	5	2.5
2035_2040	0.0	0.0	0.0	0.0	2.5	5	5
2040_2045	0.0	0.0	0.0	0.0	0.0	2.5	5
2045_2050	0.0	0.0	0.0	0.0	0.0	0.0	2.5
[COACH_PROPANE_ELD, *, *] :	2015_2020	2020_2025	2025_2030	2030_2035	2035_2040	2040_2045	2045_2050	:=
2015_2020	2.5	5	5	2.5	0.0	0.0	0.0
2020_2025	0.0	2.5	5	5	2.5	0.0	0.0
2025_2030	0.0	0.0	2.5	5	5	2.5	0.0
2030_2035	0.0	0.0	0.0	2.5	5	5	2.5
2035_2040	0.0	0.0	0.0	0.0	2.5	5	5
2040_2045	0.0	0.0	0.0	0.0	0.0	2.5	5
2045_2050	0.0	0.0	0.0	0.0	0.0	0.0	2.5
[COACH_PROPANE_LD, *, *] :	2015_2020	2020_2025	2025_2030	2030_2035	2035_2040	2040_2045	2045_2050	:=
2015_2020	2.5	5	5	2.5	0.0	0.0	0.0
2020_2025	0.0	2.5	5	5	2.5	0.0	0.0
2025_2030	0.0	0.0	2.5	5	5	2.5	0.0
2030_2035	0.0	0.0	0.0	2.5	5	5	2.5
2035_2040	0.0	0.0	0.0	0.0	2.5	5	5
2040_2045	0.0	0.0	0.0	0.0	0.0	2.5	5
2045_2050	0.0	0.0	0.0	0.0	0.0	0.0	2.5
[COACH_PROPANE_MD, *, *] :	2015_2020	2020_2025	2025_2030	2030_2035	2035_2040	2040_2045	2045_2050	:=
2015_2020	2.5	5	5	2.5	0.0	0.0	0.0
2020_2025	0.0	2.5	5	5	2.5	0.0	0.0
2025_2030	0.0	0.0	2.5	5	5	2.5	0.0
2030_2035	0.0	0.0	0.0	2.5	5	5	2.5
2035_2040	0.0	0.0	0.0	0.0	2.5	5	5
2040_2045	0.0	0.0	0.0	0.0	0.0	2.5	5
2045_2050	0.0	0.0	0.0	0.0	0.0	0.0	2.5
[COAL_GAS_H2, *, *] :	2015_2020	2020_2025	2025_2030	2030_2035	2035_2040	2040_2045	2045_2050	:=
2015_2020	2.5	5	5	5	5	2.5	0.0
2020_2025	0.0	2.5	5	5	5	5	2.5
2025_2030	0.0	0.0	2.5	5	5	5	5
2030_2035	0.0	0.0	0.0	2.5	5	5	5
2035_2040	0.0	0.0	0.0	0.0	2.5	5	5
2040_2045	0.0	0.0	0.0	0.0	0.0	2.5	5
2045_2050	0.0	0.0	0.0	0.0	0.0	0.0	2.5
[COAL_GAS_H2_ADV, *, *] :	2015_2020	2020_2025	2025_2030	2030_2035	2035_2040	2040_2045	2045_2050	:=
2015_2020	2.5	5	5	5	5	2.5	0.0
2020_2025	0.0	2.5	5	5	5	5	2.5
2025_2030	0.0	0.0	2.5	5	5	5	5
2030_2035	0.0	0.0	0.0	2.5	5	5	5
2035_2040	0.0	0.0	0.0	0.0	2.5	5	5
2040_2045	0.0	0.0	0.0	0.0	0.0	2.5	5
2045_2050	0.0	0.0	0.0	0.0	0.0	0.0	2.5
[COAL_GAS_H2_ADV_CCS, *, *] :	2015_2020	2020_2025	2025_2030	2030_2035	2035_2040	2040_2045	2045_2050	:=
2015_2020	2.5	5	5	5	5	2.5	0.0
2020_2025	0.0	2.5	5	5	5	5	2.5
2025_2030	0.0	0.0	2.5	5	5	5	5
2030_2035	0.0	0.0	0.0	2.5	5	5	5
2035_2040	0.0	0.0	0.0	0.0	2.5	5	5
2040_2045	0.0	0.0	0.0	0.0	0.0	2.5	5
2045_2050	0.0	0.0	0.0	0.0	0.0	0.0	2.5
[COAL_GAS_H2_CCS, *, *] :	2015_2020	2020_2025	2025_2030	2030_2035	2035_2040	2040_2045	2045_2050	:=
2015_2020	2.5	5	5	5	5	2.5	0.0
2020_2025	0.0	2.5	5	5	5	5	2.5
2025_2030	0.0	0.0	2.5	5	5	5	5
2030_2035	0.0	0.0	0.0	2.5	5	5	5
2035_2040	0.0	0.0	0.0	0.0	2.5	5	5
2040_2045	0.0	0.0	0.0	0.0	0.0	2.5	5
2045_2050	0.0	0.0	0.0	0.0	0.0	0.0	2.5
[COAL_IGCC, *, *] :	2015_2020	2020_2025	2025_2030	2030_2035	2035_2040	2040_2045	2045_2050	:=
2015_2020	2.5	5	5	5	5	5	5
2020_2025	0.0	2.5	5	5	5	5	5
2025_2030	0.0	0.0	2.5	5	5	5	5
2030_2035	0.0	0.0	0.0	2.5	5	5	5
2035_2040	0.0	0.0	0.0	0.0	2.5	5	5
2040_2045	0.0	0.0	0.0	0.0	0.0	2.5	5
2045_2050	0.0	0.0	0.0	0.0	0.0	0.0	2.5
[COAL_IGCC_CC, *, *] :	2015_2020	2020_2025	2025_2030	2030_2035	2035_2040	2040_2045	2045_2050	:=
2015_2020	2.5	5	5	5	5	5	5
2020_2025	0.0	2.5	5	5	5	5	5
2025_2030	0.0	0.0	2.5	5	5	5	5
2030_2035	0.0	0.0	0.0	2.5	5	5	5
2035_2040	0.0	0.0	0.0	0.0	2.5	5	5
2040_2045	0.0	0.0	0.0	0.0	0.0	2.5	5
2045_2050	0.0	0.0	0.0	0.0	0.0	0.0	2.5
[COAL_US, *, *] :	2015_2020	2020_2025	2025_2030	2030_2035	2035_2040	2040_2045	2045_2050	:=
2015_2020	2.5	5	5	5	5	5	5
2020_2025	0.0	2.5	5	5	5	5	5
2025_2030	0.0	0.0	2.5	5	5	5	5
2030_2035	0.0	0.0	0.0	2.5	5	5	5
2035_2040	0.0	0.0	0.0	0.0	2.5	5	5
2040_2045	0.0	0.0	0.0	0.0	0.0	2.5	5
2045_2050	0.0	0.0	0.0	0.0	0.0	0.0	2.5
[COAL_US_CC, *, *] :	2015_2020	2020_2025	2025_2030	2030_2035	2035_2040	2040_2045	2045_2050	:=
2015_2020	2.5	5	5	5	5	5	5
2020_2025	0.0	2.5	5	5	5	5	5
2025_2030	0.0	0.0	2.5	5	5	5	5
2030_2035	0.0	0.0	0.0	2.5	5	5	5
2035_2040	0.0	0.0	0.0	0.0	2.5	5	5
2040_2045	0.0	0.0	0.0	0.0	0.0	2.5	5
2045_2050	0.0	0.0	0.0	0.0	0.0	0.0	2.5
[COMMUTER_RAIL_DIESEL, *, *] :	2015_2020	2020_2025	2025_2030	2030_2035	2035_2040	2040_2045	2045_2050	:=
2015_2020	2.5	5	5	5	5	5	5
2020_2025	0.0	2.5	5	5	5	5	5
2025_2030	0.0	0.0	2.5	5	5	5	5
2030_2035	0.0	0.0	0.0	2.5	5	5	5
2035_2040	0.0	0.0	0.0	0.0	2.5	5	5
2040_2045	0.0	0.0	0.0	0.0	0.0	2.5	5
2045_2050	0.0	0.0	0.0	0.0	0.0	0.0	2.5
[COMMUTER_RAIL_DIESEL_MD, *, *] :	2015_2020	2020_2025	2025_2030	2030_2035	2035_2040	2040_2045	2045_2050	:=
2015_2020	2.5	5	5	5	5	5	5
2020_2025	0.0	2.5	5	5	5	5	5
2025_2030	0.0	0.0	2.5	5	5	5	5
2030_2035	0.0	0.0	0.0	2.5	5	5	5
2035_2040	0.0	0.0	0.0	0.0	2.5	5	5
2040_2045	0.0	0.0	0.0	0.0	0.0	2.5	5
2045_2050	0.0	0.0	0.0	0.0	0.0	0.0	2.5
[COMMUTER_RAIL_DIESEL_SD, *, *] :	2015_2020	2020_2025	2025_2030	2030_2035	2035_2040	2040_2045	2045_2050	:=
2015_2020	2.5	5	5	5	5	5	5
2020_2025	0.0	2.5	5	5	5	5	5
2025_2030	0.0	0.0	2.5	5	5	5	5
2030_2035	0.0	0.0	0.0	2.5	5	5	5
2035_2040	0.0	0.0	0.0	0.0	2.5	5	5
2040_2045	0.0	0.0	0.0	0.0	0.0	2.5	5
2045_2050	0.0	0.0	0.0	0.0	0.0	0.0	2.5
[COMMUTER_RAIL_ELEC, *, *] :	2015_2020	2020_2025	2025_2030	2030_2035	2035_2040	2040_2045	2045_2050	:=
2015_2020	2.5	5	5	5	5	5	5
2020_2025	0.0	2.5	5	5	5	5	5
2025_2030	0.0	0.0	2.5	5	5	5	5
2030_2035	0.0	0.0	0.0	2.5	5	5	5
2035_2040	0.0	0.0	0.0	0.0	2.5	5	5
2040_2045	0.0	0.0	0.0	0.0	0.0	2.5	5
2045_2050	0.0	0.0	0.0	0.0	0.0	0.0	2.5
[COMMUTER_RAIL_ELEC_MD, *, *] :	2015_2020	2020_2025	2025_2030	2030_2035	2035_2040	2040_2045	2045_2050	:=
2015_2020	2.5	5	5	5	5	5	5
2020_2025	0.0	2.5	5	5	5	5	5
2025_2030	0.0	0.0	2.5	5	5	5	5
2030_2035	0.0	0.0	0.0	2.5	5	5	5
2035_2040	0.0	0.0	0.0	0.0	2.5	5	5
2040_2045	0.0	0.0	0.0	0.0	0.0	2.5	5
2045_2050	0.0	0.0	0.0	0.0	0.0	0.0	2.5
[COMMUTER_RAIL_ELEC_SD, *, *] :	2015_2020	2020_2025	2025_2030	2030_2035	2035_2040	2040_2045	2045_2050	:=
2015_2020	2.5	5	5	5	5	5	5
2020_2025	0.0	2.5	5	5	5	5	5
2025_2030	0.0	0.0	2.5	5	5	5	5
2030_2035	0.0	0.0	0.0	2.5	5	5	5
2035_2040	0.0	0.0	0.0	0.0	2.5	5	5
2040_2045	0.0	0.0	0.0	0.0	0.0	2.5	5
2045_2050	0.0	0.0	0.0	0.0	0.0	0.0	2.5
[CONTAINER, *, *] :	2015_2020	2020_2025	2025_2030	2030_2035	2035_2040	2040_2045	2045_2050	:=
2015_2020	2.5	5	5	5	5	5	2.5
2020_2025	0.0	2.5	5	5	5	5	5
2025_2030	0.0	0.0	2.5	5	5	5	5
2030_2035	0.0	0.0	0.0	2.5	5	5	5
2035_2040	0.0	0.0	0.0	0.0	2.5	5	5
2040_2045	0.0	0.0	0.0	0.0	0.0	2.5	5
2045_2050	0.0	0.0	0.0	0.0	0.0	0.0	2.5
[CONTAINER_BIO, *, *] :	2015_2020	2020_2025	2025_2030	2030_2035	2035_2040	2040_2045	2045_2050	:=
2015_2020	2.5	5	5	5	5	5	2.5
2020_2025	0.0	2.5	5	5	5	5	5
2025_2030	0.0	0.0	2.5	5	5	5	5
2030_2035	0.0	0.0	0.0	2.5	5	5	5
2035_2040	0.0	0.0	0.0	0.0	2.5	5	5
2040_2045	0.0	0.0	0.0	0.0	0.0	2.5	5
2045_2050	0.0	0.0	0.0	0.0	0.0	0.0	2.5
[CONTAINER_BIOMEOH, *, *] :	2015_2020	2020_2025	2025_2030	2030_2035	2035_2040	2040_2045	2045_2050	:=
2015_2020	2.5	5	5	5	5	5	2.5
2020_2025	0.0	2.5	5	5	5	5	5
2025_2030	0.0	0.0	2.5	5	5	5	5
2030_2035	0.0	0.0	0.0	2.5	5	5	5
2035_2040	0.0	0.0	0.0	0.0	2.5	5	5
2040_2045	0.0	0.0	0.0	0.0	0.0	2.5	5
2045_2050	0.0	0.0	0.0	0.0	0.0	0.0	2.5
[CONTAINER_BIOMEOH_ELD, *, *] :	2015_2020	2020_2025	2025_2030	2030_2035	2035_2040	2040_2045	2045_2050	:=
2015_2020	2.5	5	5	5	5	5	2.5
2020_2025	0.0	2.5	5	5	5	5	5
2025_2030	0.0	0.0	2.5	5	5	5	5
2030_2035	0.0	0.0	0.0	2.5	5	5	5
2035_2040	0.0	0.0	0.0	0.0	2.5	5	5
2040_2045	0.0	0.0	0.0	0.0	0.0	2.5	5
2045_2050	0.0	0.0	0.0	0.0	0.0	0.0	2.5
[CONTAINER_BIO_ELD, *, *] :	2015_2020	2020_2025	2025_2030	2030_2035	2035_2040	2040_2045	2045_2050	:=
2015_2020	2.5	5	5	5	5	5	2.5
2020_2025	0.0	2.5	5	5	5	5	5
2025_2030	0.0	0.0	2.5	5	5	5	5
2030_2035	0.0	0.0	0.0	2.5	5	5	5
2035_2040	0.0	0.0	0.0	0.0	2.5	5	5
2040_2045	0.0	0.0	0.0	0.0	0.0	2.5	5
2045_2050	0.0	0.0	0.0	0.0	0.0	0.0	2.5
[CONTAINER_ELD, *, *] :	2015_2020	2020_2025	2025_2030	2030_2035	2035_2040	2040_2045	2045_2050	:=
2015_2020	2.5	5	5	5	5	5	2.5
2020_2025	0.0	2.5	5	5	5	5	5
2025_2030	0.0	0.0	2.5	5	5	5	5
2030_2035	0.0	0.0	0.0	2.5	5	5	5
2035_2040	0.0	0.0	0.0	0.0	2.5	5	5
2040_2045	0.0	0.0	0.0	0.0	0.0	2.5	5
2045_2050	0.0	0.0	0.0	0.0	0.0	0.0	2.5
[CONTAINER_MEOH, *, *] :	2015_2020	2020_2025	2025_2030	2030_2035	2035_2040	2040_2045	2045_2050	:=
2015_2020	2.5	5	5	5	5	5	2.5
2020_2025	0.0	2.5	5	5	5	5	5
2025_2030	0.0	0.0	2.5	5	5	5	5
2030_2035	0.0	0.0	0.0	2.5	5	5	5
2035_2040	0.0	0.0	0.0	0.0	2.5	5	5
2040_2045	0.0	0.0	0.0	0.0	0.0	2.5	5
2045_2050	0.0	0.0	0.0	0.0	0.0	0.0	2.5
[CONTAINER_MEOH_ELD, *, *] :	2015_2020	2020_2025	2025_2030	2030_2035	2035_2040	2040_2045	2045_2050	:=
2015_2020	2.5	5	5	5	5	5	2.5
2020_2025	0.0	2.5	5	5	5	5	5
2025_2030	0.0	0.0	2.5	5	5	5	5
2030_2035	0.0	0.0	0.0	2.5	5	5	5
2035_2040	0.0	0.0	0.0	0.0	2.5	5	5
2040_2045	0.0	0.0	0.0	0.0	0.0	2.5	5
2045_2050	0.0	0.0	0.0	0.0	0.0	0.0	2.5
[CROPS_TO_ETHANOL, *, *] :	2015_2020	2020_2025	2025_2030	2030_2035	2035_2040	2040_2045	2045_2050	:=
2015_2020	2.5	5	5	5	2.5	0.0	0.0
2020_2025	0.0	2.5	5	5	5	2.5	0.0
2025_2030	0.0	0.0	2.5	5	5	5	2.5
2030_2035	0.0	0.0	0.0	2.5	5	5	5
2035_2040	0.0	0.0	0.0	0.0	2.5	5	5
2040_2045	0.0	0.0	0.0	0.0	0.0	2.5	5
2045_2050	0.0	0.0	0.0	0.0	0.0	0.0	2.5
[CROPS_TO_JETFUELS, *, *] :	2015_2020	2020_2025	2025_2030	2030_2035	2035_2040	2040_2045	2045_2050	:=
2015_2020	2.5	5	5	5	5	2.5	0.0
2020_2025	0.0	2.5	5	5	5	5	2.5
2025_2030	0.0	0.0	2.5	5	5	5	5
2030_2035	0.0	0.0	0.0	2.5	5	5	5
2035_2040	0.0	0.0	0.0	0.0	2.5	5	5
2040_2045	0.0	0.0	0.0	0.0	0.0	2.5	5
2045_2050	0.0	0.0	0.0	0.0	0.0	0.0	2.5
[CUMENE_PROCESS, *, *] :	2015_2020	2020_2025	2025_2030	2030_2035	2035_2040	2040_2045	2045_2050	:=
2015_2020	2.5	5	5	5	5	2.5	0.0
2020_2025	0.0	2.5	5	5	5	5	2.5
2025_2030	0.0	0.0	2.5	5	5	5	5
2030_2035	0.0	0.0	0.0	2.5	5	5	5
2035_2040	0.0	0.0	0.0	0.0	2.5	5	5
2040_2045	0.0	0.0	0.0	0.0	0.0	2.5	5
2045_2050	0.0	0.0	0.0	0.0	0.0	0.0	2.5
[DAC_HT, *, *] :	2015_2020	2020_2025	2025_2030	2030_2035	2035_2040	2040_2045	2045_2050	:=
2015_2020	2.5	5	5	5	5	2.5	0.0
2020_2025	0.0	2.5	5	5	5	5	2.5
2025_2030	0.0	0.0	2.5	5	5	5	5
2030_2035	0.0	0.0	0.0	2.5	5	5	5
2035_2040	0.0	0.0	0.0	0.0	2.5	5	5
2040_2045	0.0	0.0	0.0	0.0	0.0	2.5	5
2045_2050	0.0	0.0	0.0	0.0	0.0	0.0	2.5
[DAC_LT, *, *] :	2015_2020	2020_2025	2025_2030	2030_2035	2035_2040	2040_2045	2045_2050	:=
2015_2020	2.5	5	5	5	5	2.5	0.0
2020_2025	0.0	2.5	5	5	5	5	2.5
2025_2030	0.0	0.0	2.5	5	5	5	5
2030_2035	0.0	0.0	0.0	2.5	5	5	5
2035_2040	0.0	0.0	0.0	0.0	2.5	5	5
2040_2045	0.0	0.0	0.0	0.0	0.0	2.5	5
2045_2050	0.0	0.0	0.0	0.0	0.0	0.0	2.5
[DEC_ADVCOGEN_H2, *, *] :	2015_2020	2020_2025	2025_2030	2030_2035	2035_2040	2040_2045	2045_2050	:=
2015_2020	2.5	5	5	5	2.5	0.0	0.0
2020_2025	0.0	2.5	5	5	5	2.5	0.0
2025_2030	0.0	0.0	2.5	5	5	5	2.5
2030_2035	0.0	0.0	0.0	2.5	5	5	5
2035_2040	0.0	0.0	0.0	0.0	2.5	5	5
2040_2045	0.0	0.0	0.0	0.0	0.0	2.5	5
2045_2050	0.0	0.0	0.0	0.0	0.0	0.0	2.5
[DEC_BOILER_BIOGAS, *, *] :	2015_2020	2020_2025	2025_2030	2030_2035	2035_2040	2040_2045	2045_2050	:=
2015_2020	2.5	5	5	4.5	0.0	0.0	0.0
2020_2025	0.0	2.5	5	5	4.5	0.0	0.0
2025_2030	0.0	0.0	2.5	5	5	4.5	0.0
2030_2035	0.0	0.0	0.0	2.5	5	5	4.5
2035_2040	0.0	0.0	0.0	0.0	2.5	5	5
2040_2045	0.0	0.0	0.0	0.0	0.0	2.5	5
2045_2050	0.0	0.0	0.0	0.0	0.0	0.0	2.5
[DEC_BOILER_BIOOIL, *, *] :	2015_2020	2020_2025	2025_2030	2030_2035	2035_2040	2040_2045	2045_2050	:=
2015_2020	2.5	5	5	4.5	0.0	0.0	0.0
2020_2025	0.0	2.5	5	5	4.5	0.0	0.0
2025_2030	0.0	0.0	2.5	5	5	4.5	0.0
2030_2035	0.0	0.0	0.0	2.5	5	5	4.5
2035_2040	0.0	0.0	0.0	0.0	2.5	5	5
2040_2045	0.0	0.0	0.0	0.0	0.0	2.5	5
2045_2050	0.0	0.0	0.0	0.0	0.0	0.0	2.5
[DEC_BOILER_GAS, *, *] :	2015_2020	2020_2025	2025_2030	2030_2035	2035_2040	2040_2045	2045_2050	:=
2015_2020	2.5	5	5	4.5	0.0	0.0	0.0
2020_2025	0.0	2.5	5	5	4.5	0.0	0.0
2025_2030	0.0	0.0	2.5	5	5	4.5	0.0
2030_2035	0.0	0.0	0.0	2.5	5	5	4.5
2035_2040	0.0	0.0	0.0	0.0	2.5	5	5
2040_2045	0.0	0.0	0.0	0.0	0.0	2.5	5
2045_2050	0.0	0.0	0.0	0.0	0.0	0.0	2.5
[DEC_BOILER_OIL, *, *] :	2015_2020	2020_2025	2025_2030	2030_2035	2035_2040	2040_2045	2045_2050	:=
2015_2020	2.5	5	5	4.5	0.0	0.0	0.0
2020_2025	0.0	2.5	5	5	4.5	0.0	0.0
2025_2030	0.0	0.0	2.5	5	5	4.5	0.0
2030_2035	0.0	0.0	0.0	2.5	5	5	4.5
2035_2040	0.0	0.0	0.0	0.0	2.5	5	5
2040_2045	0.0	0.0	0.0	0.0	0.0	2.5	5
2045_2050	0.0	0.0	0.0	0.0	0.0	0.0	2.5
[DEC_BOILER_WOOD, *, *] :	2015_2020	2020_2025	2025_2030	2030_2035	2035_2040	2040_2045	2045_2050	:=
2015_2020	2.5	5	5	4.5	0.0	0.0	0.0
2020_2025	0.0	2.5	5	5	4.5	0.0	0.0
2025_2030	0.0	0.0	2.5	5	5	4.5	0.0
2030_2035	0.0	0.0	0.0	2.5	5	5	4.5
2035_2040	0.0	0.0	0.0	0.0	2.5	5	5
2040_2045	0.0	0.0	0.0	0.0	0.0	2.5	5
2045_2050	0.0	0.0	0.0	0.0	0.0	0.0	2.5
[DEC_COGEN_BIOGAS, *, *] :	2015_2020	2020_2025	2025_2030	2030_2035	2035_2040	2040_2045	2045_2050	:=
2015_2020	2.5	5	5	5	2.5	0.0	0.0
2020_2025	0.0	2.5	5	5	5	2.5	0.0
2025_2030	0.0	0.0	2.5	5	5	5	2.5
2030_2035	0.0	0.0	0.0	2.5	5	5	5
2035_2040	0.0	0.0	0.0	0.0	2.5	5	5
2040_2045	0.0	0.0	0.0	0.0	0.0	2.5	5
2045_2050	0.0	0.0	0.0	0.0	0.0	0.0	2.5
[DEC_COGEN_BIOOIL, *, *] :	2015_2020	2020_2025	2025_2030	2030_2035	2035_2040	2040_2045	2045_2050	:=
2015_2020	2.5	5	5	5	2.5	0.0	0.0
2020_2025	0.0	2.5	5	5	5	2.5	0.0
2025_2030	0.0	0.0	2.5	5	5	5	2.5
2030_2035	0.0	0.0	0.0	2.5	5	5	5
2035_2040	0.0	0.0	0.0	0.0	2.5	5	5
2040_2045	0.0	0.0	0.0	0.0	0.0	2.5	5
2045_2050	0.0	0.0	0.0	0.0	0.0	0.0	2.5
[DEC_COGEN_GAS, *, *] :	2015_2020	2020_2025	2025_2030	2030_2035	2035_2040	2040_2045	2045_2050	:=
2015_2020	2.5	5	5	5	2.5	0.0	0.0
2020_2025	0.0	2.5	5	5	5	2.5	0.0
2025_2030	0.0	0.0	2.5	5	5	5	2.5
2030_2035	0.0	0.0	0.0	2.5	5	5	5
2035_2040	0.0	0.0	0.0	0.0	2.5	5	5
2040_2045	0.0	0.0	0.0	0.0	0.0	2.5	5
2045_2050	0.0	0.0	0.0	0.0	0.0	0.0	2.5
[DEC_COGEN_OIL, *, *] :	2015_2020	2020_2025	2025_2030	2030_2035	2035_2040	2040_2045	2045_2050	:=
2015_2020	2.5	5	5	5	2.5	0.0	0.0
2020_2025	0.0	2.5	5	5	5	2.5	0.0
2025_2030	0.0	0.0	2.5	5	5	5	2.5
2030_2035	0.0	0.0	0.0	2.5	5	5	5
2035_2040	0.0	0.0	0.0	0.0	2.5	5	5
2040_2045	0.0	0.0	0.0	0.0	0.0	2.5	5
2045_2050	0.0	0.0	0.0	0.0	0.0	0.0	2.5
[DEC_COGEN_WOOD, *, *] :	2015_2020	2020_2025	2025_2030	2030_2035	2035_2040	2040_2045	2045_2050	:=
2015_2020	2.5	5	5	5	5	2.5	0.0
2020_2025	0.0	2.5	5	5	5	5	2.5
2025_2030	0.0	0.0	2.5	5	5	5	5
2030_2035	0.0	0.0	0.0	2.5	5	5	5
2035_2040	0.0	0.0	0.0	0.0	2.5	5	5
2040_2045	0.0	0.0	0.0	0.0	0.0	2.5	5
2045_2050	0.0	0.0	0.0	0.0	0.0	0.0	2.5
[DEC_DIRECT_ELEC, *, *] :	2015_2020	2020_2025	2025_2030	2030_2035	2035_2040	2040_2045	2045_2050	:=
2015_2020	2.5	5	5	2.5	0.0	0.0	0.0
2020_2025	0.0	2.5	5	5	2.5	0.0	0.0
2025_2030	0.0	0.0	2.5	5	5	2.5	0.0
2030_2035	0.0	0.0	0.0	2.5	5	5	2.5
2035_2040	0.0	0.0	0.0	0.0	2.5	5	5
2040_2045	0.0	0.0	0.0	0.0	0.0	2.5	5
2045_2050	0.0	0.0	0.0	0.0	0.0	0.0	2.5
[DEC_HP_ELEC, *, *] :	2015_2020	2020_2025	2025_2030	2030_2035	2035_2040	2040_2045	2045_2050	:=
2015_2020	2.5	5	5	5	0.5	0.0	0.0
2020_2025	0.0	2.5	5	5	5	0.5	0.0
2025_2030	0.0	0.0	2.5	5	5	5	0.5
2030_2035	0.0	0.0	0.0	2.5	5	5	5
2035_2040	0.0	0.0	0.0	0.0	2.5	5	5
2040_2045	0.0	0.0	0.0	0.0	0.0	2.5	5
2045_2050	0.0	0.0	0.0	0.0	0.0	0.0	2.5
[DEC_RENOVATION, *, *] :	2015_2020	2020_2025	2025_2030	2030_2035	2035_2040	2040_2045	2045_2050	:=
2015_2020	2.5	5	5	5	5	5	2.5
2020_2025	0.0	2.5	5	5	5	5	5
2025_2030	0.0	0.0	2.5	5	5	5	5
2030_2035	0.0	0.0	0.0	2.5	5	5	5
2035_2040	0.0	0.0	0.0	0.0	2.5	5	5
2040_2045	0.0	0.0	0.0	0.0	0.0	2.5	5
2045_2050	0.0	0.0	0.0	0.0	0.0	0.0	2.5
[DEC_SOLAR, *, *] :	2015_2020	2020_2025	2025_2030	2030_2035	2035_2040	2040_2045	2045_2050	:=
2015_2020	2.5	5	5	5	2.5	0.0	0.0
2020_2025	0.0	2.5	5	5	5	2.5	0.0
2025_2030	0.0	0.0	2.5	5	5	5	2.5
2030_2035	0.0	0.0	0.0	2.5	5	5	5
2035_2040	0.0	0.0	0.0	0.0	2.5	5	5
2040_2045	0.0	0.0	0.0	0.0	0.0	2.5	5
2045_2050	0.0	0.0	0.0	0.0	0.0	0.0	2.5
[DEC_THHP_BIOGAS, *, *] :	2015_2020	2020_2025	2025_2030	2030_2035	2035_2040	2040_2045	2045_2050	:=
2015_2020	2.5	5	5	5	2.5	0.0	0.0
2020_2025	0.0	2.5	5	5	5	2.5	0.0
2025_2030	0.0	0.0	2.5	5	5	5	2.5
2030_2035	0.0	0.0	0.0	2.5	5	5	5
2035_2040	0.0	0.0	0.0	0.0	2.5	5	5
2040_2045	0.0	0.0	0.0	0.0	0.0	2.5	5
2045_2050	0.0	0.0	0.0	0.0	0.0	0.0	2.5
[DEC_THHP_GAS, *, *] :	2015_2020	2020_2025	2025_2030	2030_2035	2035_2040	2040_2045	2045_2050	:=
2015_2020	2.5	5	5	5	2.5	0.0	0.0
2020_2025	0.0	2.5	5	5	5	2.5	0.0
2025_2030	0.0	0.0	2.5	5	5	5	2.5
2030_2035	0.0	0.0	0.0	2.5	5	5	5
2035_2040	0.0	0.0	0.0	0.0	2.5	5	5
2040_2045	0.0	0.0	0.0	0.0	0.0	2.5	5
2045_2050	0.0	0.0	0.0	0.0	0.0	0.0	2.5
[DEC_TH_STORAGE, *, *] :	2015_2020	2020_2025	2025_2030	2030_2035	2035_2040	2040_2045	2045_2050	:=
2015_2020	2.5	5	5	5	5	5	2.5
2020_2025	0.0	2.5	5	5	5	5	5
2025_2030	0.0	0.0	2.5	5	5	5	5
2030_2035	0.0	0.0	0.0	2.5	5	5	5
2035_2040	0.0	0.0	0.0	0.0	2.5	5	5
2040_2045	0.0	0.0	0.0	0.0	0.0	2.5	5
2045_2050	0.0	0.0	0.0	0.0	0.0	0.0	2.5
[DEEP_SALINE, *, *] :	2015_2020	2020_2025	2025_2030	2030_2035	2035_2040	2040_2045	2045_2050	:=
2015_2020	2.5	5	5	5	5	2.5	0.0
2020_2025	0.0	2.5	5	5	5	5	2.5
2025_2030	0.0	0.0	2.5	5	5	5	5
2030_2035	0.0	0.0	0.0	2.5	5	5	5
2035_2040	0.0	0.0	0.0	0.0	2.5	5	5
2040_2045	0.0	0.0	0.0	0.0	0.0	2.5	5
2045_2050	0.0	0.0	0.0	0.0	0.0	0.0	2.5
[DHN, *, *] :	2015_2020	2020_2025	2025_2030	2030_2035	2035_2040	2040_2045	2045_2050	:=
2015_2020	2.5	5	5	5	5	5	5
2020_2025	0.0	2.5	5	5	5	5	5
2025_2030	0.0	0.0	2.5	5	5	5	5
2030_2035	0.0	0.0	0.0	2.5	5	5	5
2035_2040	0.0	0.0	0.0	0.0	2.5	5	5
2040_2045	0.0	0.0	0.0	0.0	0.0	2.5	5
2045_2050	0.0	0.0	0.0	0.0	0.0	0.0	2.5
[DHN_BOILER_BIOGAS, *, *] :	2015_2020	2020_2025	2025_2030	2030_2035	2035_2040	2040_2045	2045_2050	:=
2015_2020	2.5	5	5	4.5	0.0	0.0	0.0
2020_2025	0.0	2.5	5	5	4.5	0.0	0.0
2025_2030	0.0	0.0	2.5	5	5	4.5	0.0
2030_2035	0.0	0.0	0.0	2.5	5	5	4.5
2035_2040	0.0	0.0	0.0	0.0	2.5	5	5
2040_2045	0.0	0.0	0.0	0.0	0.0	2.5	5
2045_2050	0.0	0.0	0.0	0.0	0.0	0.0	2.5
[DHN_BOILER_BIOOIL, *, *] :	2015_2020	2020_2025	2025_2030	2030_2035	2035_2040	2040_2045	2045_2050	:=
2015_2020	2.5	5	5	4.5	0.0	0.0	0.0
2020_2025	0.0	2.5	5	5	4.5	0.0	0.0
2025_2030	0.0	0.0	2.5	5	5	4.5	0.0
2030_2035	0.0	0.0	0.0	2.5	5	5	4.5
2035_2040	0.0	0.0	0.0	0.0	2.5	5	5
2040_2045	0.0	0.0	0.0	0.0	0.0	2.5	5
2045_2050	0.0	0.0	0.0	0.0	0.0	0.0	2.5
[DHN_BOILER_GAS, *, *] :	2015_2020	2020_2025	2025_2030	2030_2035	2035_2040	2040_2045	2045_2050	:=
2015_2020	2.5	5	5	4.5	0.0	0.0	0.0
2020_2025	0.0	2.5	5	5	4.5	0.0	0.0
2025_2030	0.0	0.0	2.5	5	5	4.5	0.0
2030_2035	0.0	0.0	0.0	2.5	5	5	4.5
2035_2040	0.0	0.0	0.0	0.0	2.5	5	5
2040_2045	0.0	0.0	0.0	0.0	0.0	2.5	5
2045_2050	0.0	0.0	0.0	0.0	0.0	0.0	2.5
[DHN_BOILER_OIL, *, *] :	2015_2020	2020_2025	2025_2030	2030_2035	2035_2040	2040_2045	2045_2050	:=
2015_2020	2.5	5	5	4.5	0.0	0.0	0.0
2020_2025	0.0	2.5	5	5	4.5	0.0	0.0
2025_2030	0.0	0.0	2.5	5	5	4.5	0.0
2030_2035	0.0	0.0	0.0	2.5	5	5	4.5
2035_2040	0.0	0.0	0.0	0.0	2.5	5	5
2040_2045	0.0	0.0	0.0	0.0	0.0	2.5	5
2045_2050	0.0	0.0	0.0	0.0	0.0	0.0	2.5
[DHN_BOILER_WOOD, *, *] :	2015_2020	2020_2025	2025_2030	2030_2035	2035_2040	2040_2045	2045_2050	:=
2015_2020	2.5	5	5	4.5	0.0	0.0	0.0
2020_2025	0.0	2.5	5	5	4.5	0.0	0.0
2025_2030	0.0	0.0	2.5	5	5	4.5	0.0
2030_2035	0.0	0.0	0.0	2.5	5	5	4.5
2035_2040	0.0	0.0	0.0	0.0	2.5	5	5
2040_2045	0.0	0.0	0.0	0.0	0.0	2.5	5
2045_2050	0.0	0.0	0.0	0.0	0.0	0.0	2.5
[DHN_COGEN_BIOGAS, *, *] :	2015_2020	2020_2025	2025_2030	2030_2035	2035_2040	2040_2045	2045_2050	:=
2015_2020	2.5	5	5	5	5	2.5	0.0
2020_2025	0.0	2.5	5	5	5	5	2.5
2025_2030	0.0	0.0	2.5	5	5	5	5
2030_2035	0.0	0.0	0.0	2.5	5	5	5
2035_2040	0.0	0.0	0.0	0.0	2.5	5	5
2040_2045	0.0	0.0	0.0	0.0	0.0	2.5	5
2045_2050	0.0	0.0	0.0	0.0	0.0	0.0	2.5
[DHN_COGEN_GAS, *, *] :	2015_2020	2020_2025	2025_2030	2030_2035	2035_2040	2040_2045	2045_2050	:=
2015_2020	2.5	5	5	5	5	2.5	0.0
2020_2025	0.0	2.5	5	5	5	5	2.5
2025_2030	0.0	0.0	2.5	5	5	5	5
2030_2035	0.0	0.0	0.0	2.5	5	5	5
2035_2040	0.0	0.0	0.0	0.0	2.5	5	5
2040_2045	0.0	0.0	0.0	0.0	0.0	2.5	5
2045_2050	0.0	0.0	0.0	0.0	0.0	0.0	2.5
[DHN_COGEN_WASTE, *, *] :	2015_2020	2020_2025	2025_2030	2030_2035	2035_2040	2040_2045	2045_2050	:=
2015_2020	2.5	5	5	5	5	2.5	0.0
2020_2025	0.0	2.5	5	5	5	5	2.5
2025_2030	0.0	0.0	2.5	5	5	5	5
2030_2035	0.0	0.0	0.0	2.5	5	5	5
2035_2040	0.0	0.0	0.0	0.0	2.5	5	5
2040_2045	0.0	0.0	0.0	0.0	0.0	2.5	5
2045_2050	0.0	0.0	0.0	0.0	0.0	0.0	2.5
[DHN_COGEN_WASTE_CC, *, *] :	2015_2020	2020_2025	2025_2030	2030_2035	2035_2040	2040_2045	2045_2050	:=
2015_2020	2.5	5	5	5	5	2.5	0.0
2020_2025	0.0	2.5	5	5	5	5	2.5
2025_2030	0.0	0.0	2.5	5	5	5	5
2030_2035	0.0	0.0	0.0	2.5	5	5	5
2035_2040	0.0	0.0	0.0	0.0	2.5	5	5
2040_2045	0.0	0.0	0.0	0.0	0.0	2.5	5
2045_2050	0.0	0.0	0.0	0.0	0.0	0.0	2.5
[DHN_COGEN_WOOD, *, *] :	2015_2020	2020_2025	2025_2030	2030_2035	2035_2040	2040_2045	2045_2050	:=
2015_2020	2.5	5	5	5	5	2.5	0.0
2020_2025	0.0	2.5	5	5	5	5	2.5
2025_2030	0.0	0.0	2.5	5	5	5	5
2030_2035	0.0	0.0	0.0	2.5	5	5	5
2035_2040	0.0	0.0	0.0	0.0	2.5	5	5
2040_2045	0.0	0.0	0.0	0.0	0.0	2.5	5
2045_2050	0.0	0.0	0.0	0.0	0.0	0.0	2.5
[DHN_DEEP_GEO, *, *] :	2015_2020	2020_2025	2025_2030	2030_2035	2035_2040	2040_2045	2045_2050	:=
2015_2020	2.5	5	5	5	5	5	2.5
2020_2025	0.0	2.5	5	5	5	5	5
2025_2030	0.0	0.0	2.5	5	5	5	5
2030_2035	0.0	0.0	0.0	2.5	5	5	5
2035_2040	0.0	0.0	0.0	0.0	2.5	5	5
2040_2045	0.0	0.0	0.0	0.0	0.0	2.5	5
2045_2050	0.0	0.0	0.0	0.0	0.0	0.0	2.5
[DHN_HP_ELEC, *, *] :	2015_2020	2020_2025	2025_2030	2030_2035	2035_2040	2040_2045	2045_2050	:=
2015_2020	2.5	5	5	5	5	2.5	0.0
2020_2025	0.0	2.5	5	5	5	5	2.5
2025_2030	0.0	0.0	2.5	5	5	5	5
2030_2035	0.0	0.0	0.0	2.5	5	5	5
2035_2040	0.0	0.0	0.0	0.0	2.5	5	5
2040_2045	0.0	0.0	0.0	0.0	0.0	2.5	5
2045_2050	0.0	0.0	0.0	0.0	0.0	0.0	2.5
[DHN_RENOVATION, *, *] :	2015_2020	2020_2025	2025_2030	2030_2035	2035_2040	2040_2045	2045_2050	:=
2015_2020	2.5	5	5	5	5	5	2.5
2020_2025	0.0	2.5	5	5	5	5	5
2025_2030	0.0	0.0	2.5	5	5	5	5
2030_2035	0.0	0.0	0.0	2.5	5	5	5
2035_2040	0.0	0.0	0.0	0.0	2.5	5	5
2040_2045	0.0	0.0	0.0	0.0	0.0	2.5	5
2045_2050	0.0	0.0	0.0	0.0	0.0	0.0	2.5
[DHN_TH_STORAGE, *, *] :	2015_2020	2020_2025	2025_2030	2030_2035	2035_2040	2040_2045	2045_2050	:=
2015_2020	2.5	5	5	5	5	5	2.5
2020_2025	0.0	2.5	5	5	5	5	5
2025_2030	0.0	0.0	2.5	5	5	5	5
2030_2035	0.0	0.0	0.0	2.5	5	5	5
2035_2040	0.0	0.0	0.0	0.0	2.5	5	5
2040_2045	0.0	0.0	0.0	0.0	0.0	2.5	5
2045_2050	0.0	0.0	0.0	0.0	0.0	0.0	2.5
[DIE_STO, *, *] :	2015_2020	2020_2025	2025_2030	2030_2035	2035_2040	2040_2045	2045_2050	:=
2015_2020	2.5	5	5	5	5	5	2.5
2020_2025	0.0	2.5	5	5	5	5	5
2025_2030	0.0	0.0	2.5	5	5	5	5
2030_2035	0.0	0.0	0.0	2.5	5	5	5
2035_2040	0.0	0.0	0.0	0.0	2.5	5	5
2040_2045	0.0	0.0	0.0	0.0	0.0	2.5	5
2045_2050	0.0	0.0	0.0	0.0	0.0	0.0	2.5
[DIRECT_USAGE, *, *] :	2015_2020	2020_2025	2025_2030	2030_2035	2035_2040	2040_2045	2045_2050	:=
2015_2020	2.5	5	5	5	5	2.5	0.0
2020_2025	0.0	2.5	5	5	5	5	2.5
2025_2030	0.0	0.0	2.5	5	5	5	5
2030_2035	0.0	0.0	0.0	2.5	5	5	5
2035_2040	0.0	0.0	0.0	0.0	2.5	5	5
2040_2045	0.0	0.0	0.0	0.0	0.0	2.5	5
2045_2050	0.0	0.0	0.0	0.0	0.0	0.0	2.5
[DOGR, *, *] :	2015_2020	2020_2025	2025_2030	2030_2035	2035_2040	2040_2045	2045_2050	:=
2015_2020	2.5	5	5	5	5	2.5	0.0
2020_2025	0.0	2.5	5	5	5	5	2.5
2025_2030	0.0	0.0	2.5	5	5	5	5
2030_2035	0.0	0.0	0.0	2.5	5	5	5
2035_2040	0.0	0.0	0.0	0.0	2.5	5	5
2040_2045	0.0	0.0	0.0	0.0	0.0	2.5	5
2045_2050	0.0	0.0	0.0	0.0	0.0	0.0	2.5
[EHP_H2_GRID, *, *] :	2015_2020	2020_2025	2025_2030	2030_2035	2035_2040	2040_2045	2045_2050	:=
2015_2020	2.5	5	5	5	5	5	5
2020_2025	0.0	2.5	5	5	5	5	5
2025_2030	0.0	0.0	2.5	5	5	5	5
2030_2035	0.0	0.0	0.0	2.5	5	5	5
2035_2040	0.0	0.0	0.0	0.0	2.5	5	5
2040_2045	0.0	0.0	0.0	0.0	0.0	2.5	5
2045_2050	0.0	0.0	0.0	0.0	0.0	0.0	2.5
[EHP_NG_GRID, *, *] :	2015_2020	2020_2025	2025_2030	2030_2035	2035_2040	2040_2045	2045_2050	:=
2015_2020	2.5	5	5	5	5	5	5
2020_2025	0.0	2.5	5	5	5	5	5
2025_2030	0.0	0.0	2.5	5	5	5	5
2030_2035	0.0	0.0	0.0	2.5	5	5	5
2035_2040	0.0	0.0	0.0	0.0	2.5	5	5
2040_2045	0.0	0.0	0.0	0.0	0.0	2.5	5
2045_2050	0.0	0.0	0.0	0.0	0.0	0.0	2.5
[EHV_GRID, *, *] :	2015_2020	2020_2025	2025_2030	2030_2035	2035_2040	2040_2045	2045_2050	:=
2015_2020	2.5	5	5	5	5	5	5
2020_2025	0.0	2.5	5	5	5	5	5
2025_2030	0.0	0.0	2.5	5	5	5	5
2030_2035	0.0	0.0	0.0	2.5	5	5	5
2035_2040	0.0	0.0	0.0	0.0	2.5	5	5
2040_2045	0.0	0.0	0.0	0.0	0.0	2.5	5
2045_2050	0.0	0.0	0.0	0.0	0.0	0.0	2.5
[ELEC_STO, *, *] :	2015_2020	2020_2025	2025_2030	2030_2035	2035_2040	2040_2045	2045_2050	:=
2015_2020	2.5	5	5	5	5	5	2.5
2020_2025	0.0	2.5	5	5	5	5	5
2025_2030	0.0	0.0	2.5	5	5	5	5
2030_2035	0.0	0.0	0.0	2.5	5	5	5
2035_2040	0.0	0.0	0.0	0.0	2.5	5	5
2040_2045	0.0	0.0	0.0	0.0	0.0	2.5	5
2045_2050	0.0	0.0	0.0	0.0	0.0	0.0	2.5
[EOR, *, *] :	2015_2020	2020_2025	2025_2030	2030_2035	2035_2040	2040_2045	2045_2050	:=
2015_2020	2.5	5	5	5	2.5	0.0	0.0
2020_2025	0.0	2.5	5	5	5	2.5	0.0
2025_2030	0.0	0.0	2.5	5	5	5	2.5
2030_2035	0.0	0.0	0.0	2.5	5	5	5
2035_2040	0.0	0.0	0.0	0.0	2.5	5	5
2040_2045	0.0	0.0	0.0	0.0	0.0	2.5	5
2045_2050	0.0	0.0	0.0	0.0	0.0	0.0	2.5
[ETHANE_CRACKING, *, *] :	2015_2020	2020_2025	2025_2030	2030_2035	2035_2040	2040_2045	2045_2050	:=
2015_2020	2.5	5	5	5	5	2.5	0.0
2020_2025	0.0	2.5	5	5	5	5	2.5
2025_2030	0.0	0.0	2.5	5	5	5	5
2030_2035	0.0	0.0	0.0	2.5	5	5	5
2035_2040	0.0	0.0	0.0	0.0	2.5	5	5
2040_2045	0.0	0.0	0.0	0.0	0.0	2.5	5
2045_2050	0.0	0.0	0.0	0.0	0.0	0.0	2.5
[ETHANE_OXIDATION, *, *] :	2015_2020	2020_2025	2025_2030	2030_2035	2035_2040	2040_2045	2045_2050	:=
2015_2020	2.5	5	5	5	5	2.5	0.0
2020_2025	0.0	2.5	5	5	5	5	2.5
2025_2030	0.0	0.0	2.5	5	5	5	5
2030_2035	0.0	0.0	0.0	2.5	5	5	5
2035_2040	0.0	0.0	0.0	0.0	2.5	5	5
2040_2045	0.0	0.0	0.0	0.0	0.0	2.5	5
2045_2050	0.0	0.0	0.0	0.0	0.0	0.0	2.5
[ETHANE_TO_ETHYLENE, *, *] :	2015_2020	2020_2025	2025_2030	2030_2035	2035_2040	2040_2045	2045_2050	:=
2015_2020	2.5	5	5	5	5	2.5	0.0
2020_2025	0.0	2.5	5	5	5	5	2.5
2025_2030	0.0	0.0	2.5	5	5	5	5
2030_2035	0.0	0.0	0.0	2.5	5	5	5
2035_2040	0.0	0.0	0.0	0.0	2.5	5	5
2040_2045	0.0	0.0	0.0	0.0	0.0	2.5	5
2045_2050	0.0	0.0	0.0	0.0	0.0	0.0	2.5
[ETHANOL_TO_JETFUELS, *, *] :	2015_2020	2020_2025	2025_2030	2030_2035	2035_2040	2040_2045	2045_2050	:=
2015_2020	2.5	5	5	5	2.5	0.0	0.0
2020_2025	0.0	2.5	5	5	5	2.5	0.0
2025_2030	0.0	0.0	2.5	5	5	5	2.5
2030_2035	0.0	0.0	0.0	2.5	5	5	5
2035_2040	0.0	0.0	0.0	0.0	2.5	5	5
2040_2045	0.0	0.0	0.0	0.0	0.0	2.5	5
2045_2050	0.0	0.0	0.0	0.0	0.0	0.0	2.5
[ETHYLENE_POLYMERIZATION, *, *] :	2015_2020	2020_2025	2025_2030	2030_2035	2035_2040	2040_2045	2045_2050	:=
2015_2020	2.5	5	5	5	5	2.5	0.0
2020_2025	0.0	2.5	5	5	5	5	2.5
2025_2030	0.0	0.0	2.5	5	5	5	5
2030_2035	0.0	0.0	0.0	2.5	5	5	5
2035_2040	0.0	0.0	0.0	0.0	2.5	5	5
2040_2045	0.0	0.0	0.0	0.0	0.0	2.5	5
2045_2050	0.0	0.0	0.0	0.0	0.0	0.0	2.5
[FOOD_PROD, *, *] :	2015_2020	2020_2025	2025_2030	2030_2035	2035_2040	2040_2045	2045_2050	:=
2015_2020	2.5	5	5	5	5	2.5	0.0
2020_2025	0.0	2.5	5	5	5	5	2.5
2025_2030	0.0	0.0	2.5	5	5	5	5
2030_2035	0.0	0.0	0.0	2.5	5	5	5
2035_2040	0.0	0.0	0.0	0.0	2.5	5	5
2040_2045	0.0	0.0	0.0	0.0	0.0	2.5	5
2045_2050	0.0	0.0	0.0	0.0	0.0	0.0	2.5
[FOOD_PROD_HP, *, *] :	2015_2020	2020_2025	2025_2030	2030_2035	2035_2040	2040_2045	2045_2050	:=
2015_2020	2.5	5	5	5	5	2.5	0.0
2020_2025	0.0	2.5	5	5	5	5	2.5
2025_2030	0.0	0.0	2.5	5	5	5	5
2030_2035	0.0	0.0	0.0	2.5	5	5	5
2035_2040	0.0	0.0	0.0	0.0	2.5	5	5
2040_2045	0.0	0.0	0.0	0.0	0.0	2.5	5
2045_2050	0.0	0.0	0.0	0.0	0.0	0.0	2.5
[FOOD_PROD_HR, *, *] :	2015_2020	2020_2025	2025_2030	2030_2035	2035_2040	2040_2045	2045_2050	:=
2015_2020	2.5	5	5	5	5	2.5	0.0
2020_2025	0.0	2.5	5	5	5	5	2.5
2025_2030	0.0	0.0	2.5	5	5	5	5
2030_2035	0.0	0.0	0.0	2.5	5	5	5
2035_2040	0.0	0.0	0.0	0.0	2.5	5	5
2040_2045	0.0	0.0	0.0	0.0	0.0	2.5	5
2045_2050	0.0	0.0	0.0	0.0	0.0	0.0	2.5
[FT, *, *] :	2015_2020	2020_2025	2025_2030	2030_2035	2035_2040	2040_2045	2045_2050	:=
2015_2020	2.5	5	5	5	2.5	0.0	0.0
2020_2025	0.0	2.5	5	5	5	2.5	0.0
2025_2030	0.0	0.0	2.5	5	5	5	2.5
2030_2035	0.0	0.0	0.0	2.5	5	5	5
2035_2040	0.0	0.0	0.0	0.0	2.5	5	5
2040_2045	0.0	0.0	0.0	0.0	0.0	2.5	5
2045_2050	0.0	0.0	0.0	0.0	0.0	0.0	2.5
[GASIFICATION_H2, *, *] :	2015_2020	2020_2025	2025_2030	2030_2035	2035_2040	2040_2045	2045_2050	:=
2015_2020	2.5	5	2.5	0.0	0.0	0.0	0.0
2020_2025	0.0	2.5	5	2.5	0.0	0.0	0.0
2025_2030	0.0	0.0	2.5	5	2.5	0.0	0.0
2030_2035	0.0	0.0	0.0	2.5	5	2.5	0.0
2035_2040	0.0	0.0	0.0	0.0	2.5	5	2.5
2040_2045	0.0	0.0	0.0	0.0	0.0	2.5	5
2045_2050	0.0	0.0	0.0	0.0	0.0	0.0	2.5
[GASIFICATION_SNG, *, *] :	2015_2020	2020_2025	2025_2030	2030_2035	2035_2040	2040_2045	2045_2050	:=
2015_2020	2.5	5	5	5	5	2.5	0.0
2020_2025	0.0	2.5	5	5	5	5	2.5
2025_2030	0.0	0.0	2.5	5	5	5	5
2030_2035	0.0	0.0	0.0	2.5	5	5	5
2035_2040	0.0	0.0	0.0	0.0	2.5	5	5
2040_2045	0.0	0.0	0.0	0.0	0.0	2.5	5
2045_2050	0.0	0.0	0.0	0.0	0.0	0.0	2.5
[GASO_STO, *, *] :	2015_2020	2020_2025	2025_2030	2030_2035	2035_2040	2040_2045	2045_2050	:=
2015_2020	2.5	5	5	5	5	5	2.5
2020_2025	0.0	2.5	5	5	5	5	5
2025_2030	0.0	0.0	2.5	5	5	5	5
2030_2035	0.0	0.0	0.0	2.5	5	5	5
2035_2040	0.0	0.0	0.0	0.0	2.5	5	5
2040_2045	0.0	0.0	0.0	0.0	0.0	2.5	5
2045_2050	0.0	0.0	0.0	0.0	0.0	0.0	2.5
[GEOTHERMAL, *, *] :	2015_2020	2020_2025	2025_2030	2030_2035	2035_2040	2040_2045	2045_2050	:=
2015_2020	2.5	5	5	5	5	5.0	0.0
2020_2025	0.0	2.5	5	5	5	5	5.0
2025_2030	0.0	0.0	2.5	5	5	5	5
2030_2035	0.0	0.0	0.0	2.5	5	5	5
2035_2040	0.0	0.0	0.0	0.0	2.5	5	5
2040_2045	0.0	0.0	0.0	0.0	0.0	2.5	5
2045_2050	0.0	0.0	0.0	0.0	0.0	0.0	2.5
[H2_CCGT, *, *] :	2015_2020	2020_2025	2025_2030	2030_2035	2035_2040	2040_2045	2045_2050	:=
2015_2020	2.5	5	5	5	5	2.5	0.0
2020_2025	0.0	2.5	5	5	5	5	2.5
2025_2030	0.0	0.0	2.5	5	5	5	5
2030_2035	0.0	0.0	0.0	2.5	5	5	5
2035_2040	0.0	0.0	0.0	0.0	2.5	5	5
2040_2045	0.0	0.0	0.0	0.0	0.0	2.5	5
2045_2050	0.0	0.0	0.0	0.0	0.0	0.0	2.5
[H2_COMP_HE, *, *] :	2015_2020	2020_2025	2025_2030	2030_2035	2035_2040	2040_2045	2045_2050	:=
2015_2020	2.5	5	5	5	5	5	5
2020_2025	0.0	2.5	5	5	5	5	5
2025_2030	0.0	0.0	2.5	5	5	5	5
2030_2035	0.0	0.0	0.0	2.5	5	5	5
2035_2040	0.0	0.0	0.0	0.0	2.5	5	5
2040_2045	0.0	0.0	0.0	0.0	0.0	2.5	5
2045_2050	0.0	0.0	0.0	0.0	0.0	0.0	2.5
[H2_COMP_LM, *, *] :	2015_2020	2020_2025	2025_2030	2030_2035	2035_2040	2040_2045	2045_2050	:=
2015_2020	2.5	5	5	5	5	5	5
2020_2025	0.0	2.5	5	5	5	5	5
2025_2030	0.0	0.0	2.5	5	5	5	5
2030_2035	0.0	0.0	0.0	2.5	5	5	5
2035_2040	0.0	0.0	0.0	0.0	2.5	5	5
2040_2045	0.0	0.0	0.0	0.0	0.0	2.5	5
2045_2050	0.0	0.0	0.0	0.0	0.0	0.0	2.5
[H2_COMP_MH, *, *] :	2015_2020	2020_2025	2025_2030	2030_2035	2035_2040	2040_2045	2045_2050	:=
2015_2020	2.5	5	5	5	5	5	5
2020_2025	0.0	2.5	5	5	5	5	5
2025_2030	0.0	0.0	2.5	5	5	5	5
2030_2035	0.0	0.0	0.0	2.5	5	5	5
2035_2040	0.0	0.0	0.0	0.0	2.5	5	5
2040_2045	0.0	0.0	0.0	0.0	0.0	2.5	5
2045_2050	0.0	0.0	0.0	0.0	0.0	0.0	2.5
[H2_EXP_EH, *, *] :	2015_2020	2020_2025	2025_2030	2030_2035	2035_2040	2040_2045	2045_2050	:=
2015_2020	2.5	5	5	5	5	5	5
2020_2025	0.0	2.5	5	5	5	5	5
2025_2030	0.0	0.0	2.5	5	5	5	5
2030_2035	0.0	0.0	0.0	2.5	5	5	5
2035_2040	0.0	0.0	0.0	0.0	2.5	5	5
2040_2045	0.0	0.0	0.0	0.0	0.0	2.5	5
2045_2050	0.0	0.0	0.0	0.0	0.0	0.0	2.5
[H2_EXP_EH_COGEN, *, *] :	2015_2020	2020_2025	2025_2030	2030_2035	2035_2040	2040_2045	2045_2050	:=
2015_2020	2.5	5	5	5	5	5	5
2020_2025	0.0	2.5	5	5	5	5	5
2025_2030	0.0	0.0	2.5	5	5	5	5
2030_2035	0.0	0.0	0.0	2.5	5	5	5
2035_2040	0.0	0.0	0.0	0.0	2.5	5	5
2040_2045	0.0	0.0	0.0	0.0	0.0	2.5	5
2045_2050	0.0	0.0	0.0	0.0	0.0	0.0	2.5
[H2_EXP_HM, *, *] :	2015_2020	2020_2025	2025_2030	2030_2035	2035_2040	2040_2045	2045_2050	:=
2015_2020	2.5	5	5	5	5	5	5
2020_2025	0.0	2.5	5	5	5	5	5
2025_2030	0.0	0.0	2.5	5	5	5	5
2030_2035	0.0	0.0	0.0	2.5	5	5	5
2035_2040	0.0	0.0	0.0	0.0	2.5	5	5
2040_2045	0.0	0.0	0.0	0.0	0.0	2.5	5
2045_2050	0.0	0.0	0.0	0.0	0.0	0.0	2.5
[H2_EXP_HM_COGEN, *, *] :	2015_2020	2020_2025	2025_2030	2030_2035	2035_2040	2040_2045	2045_2050	:=
2015_2020	2.5	5	5	5	5	5	5
2020_2025	0.0	2.5	5	5	5	5	5
2025_2030	0.0	0.0	2.5	5	5	5	5
2030_2035	0.0	0.0	0.0	2.5	5	5	5
2035_2040	0.0	0.0	0.0	0.0	2.5	5	5
2040_2045	0.0	0.0	0.0	0.0	0.0	2.5	5
2045_2050	0.0	0.0	0.0	0.0	0.0	0.0	2.5
[H2_EXP_ML, *, *] :	2015_2020	2020_2025	2025_2030	2030_2035	2035_2040	2040_2045	2045_2050	:=
2015_2020	2.5	5	5	5	5	5	5
2020_2025	0.0	2.5	5	5	5	5	5
2025_2030	0.0	0.0	2.5	5	5	5	5
2030_2035	0.0	0.0	0.0	2.5	5	5	5
2035_2040	0.0	0.0	0.0	0.0	2.5	5	5
2040_2045	0.0	0.0	0.0	0.0	0.0	2.5	5
2045_2050	0.0	0.0	0.0	0.0	0.0	0.0	2.5
[H2_EXP_ML_COGEN, *, *] :	2015_2020	2020_2025	2025_2030	2030_2035	2035_2040	2040_2045	2045_2050	:=
2015_2020	2.5	5	5	5	5	5	5
2020_2025	0.0	2.5	5	5	5	5	5
2025_2030	0.0	0.0	2.5	5	5	5	5
2030_2035	0.0	0.0	0.0	2.5	5	5	5
2035_2040	0.0	0.0	0.0	0.0	2.5	5	5
2040_2045	0.0	0.0	0.0	0.0	0.0	2.5	5
2045_2050	0.0	0.0	0.0	0.0	0.0	0.0	2.5
[H2_NG_CCGT, *, *] :	2015_2020	2020_2025	2025_2030	2030_2035	2035_2040	2040_2045	2045_2050	:=
2015_2020	2.5	5	5	5	5	2.5	0.0
2020_2025	0.0	2.5	5	5	5	5	2.5
2025_2030	0.0	0.0	2.5	5	5	5	5
2030_2035	0.0	0.0	0.0	2.5	5	5	5
2035_2040	0.0	0.0	0.0	0.0	2.5	5	5
2040_2045	0.0	0.0	0.0	0.0	0.0	2.5	5
2045_2050	0.0	0.0	0.0	0.0	0.0	0.0	2.5
[H2_NG_CCGT_CCS, *, *] :	2015_2020	2020_2025	2025_2030	2030_2035	2035_2040	2040_2045	2045_2050	:=
2015_2020	2.5	5	5	5	5	2.5	0.0
2020_2025	0.0	2.5	5	5	5	5	2.5
2025_2030	0.0	0.0	2.5	5	5	5	5
2030_2035	0.0	0.0	0.0	2.5	5	5	5
2035_2040	0.0	0.0	0.0	0.0	2.5	5	5
2040_2045	0.0	0.0	0.0	0.0	0.0	2.5	5
2045_2050	0.0	0.0	0.0	0.0	0.0	0.0	2.5
[H2_SNG_CCGT, *, *] :	2015_2020	2020_2025	2025_2030	2030_2035	2035_2040	2040_2045	2045_2050	:=
2015_2020	2.5	5	5	5	5	2.5	0.0
2020_2025	0.0	2.5	5	5	5	5	2.5
2025_2030	0.0	0.0	2.5	5	5	5	5
2030_2035	0.0	0.0	0.0	2.5	5	5	5
2035_2040	0.0	0.0	0.0	0.0	2.5	5	5
2040_2045	0.0	0.0	0.0	0.0	0.0	2.5	5
2045_2050	0.0	0.0	0.0	0.0	0.0	0.0	2.5
[H2_SNG_CCGT_CCS, *, *] :	2015_2020	2020_2025	2025_2030	2030_2035	2035_2040	2040_2045	2045_2050	:=
2015_2020	2.5	5	5	5	5	2.5	0.0
2020_2025	0.0	2.5	5	5	5	5	2.5
2025_2030	0.0	0.0	2.5	5	5	5	5
2030_2035	0.0	0.0	0.0	2.5	5	5	5
2035_2040	0.0	0.0	0.0	0.0	2.5	5	5
2040_2045	0.0	0.0	0.0	0.0	0.0	2.5	5
2045_2050	0.0	0.0	0.0	0.0	0.0	0.0	2.5
[H2_STO, *, *] :	2015_2020	2020_2025	2025_2030	2030_2035	2035_2040	2040_2045	2045_2050	:=
2015_2020	2.5	5	5	5	5	2.5	0.0
2020_2025	0.0	2.5	5	5	5	5	2.5
2025_2030	0.0	0.0	2.5	5	5	5	5
2030_2035	0.0	0.0	0.0	2.5	5	5	5
2035_2040	0.0	0.0	0.0	0.0	2.5	5	5
2040_2045	0.0	0.0	0.0	0.0	0.0	2.5	5
2045_2050	0.0	0.0	0.0	0.0	0.0	0.0	2.5
[HP_H2_GRID, *, *] :	2015_2020	2020_2025	2025_2030	2030_2035	2035_2040	2040_2045	2045_2050	:=
2015_2020	2.5	5	5	5	5	5	5
2020_2025	0.0	2.5	5	5	5	5	5
2025_2030	0.0	0.0	2.5	5	5	5	5
2030_2035	0.0	0.0	0.0	2.5	5	5	5
2035_2040	0.0	0.0	0.0	0.0	2.5	5	5
2040_2045	0.0	0.0	0.0	0.0	0.0	2.5	5
2045_2050	0.0	0.0	0.0	0.0	0.0	0.0	2.5
[HP_NG_GRID, *, *] :	2015_2020	2020_2025	2025_2030	2030_2035	2035_2040	2040_2045	2045_2050	:=
2015_2020	2.5	5	5	5	5	5	5
2020_2025	0.0	2.5	5	5	5	5	5
2025_2030	0.0	0.0	2.5	5	5	5	5
2030_2035	0.0	0.0	0.0	2.5	5	5	5
2035_2040	0.0	0.0	0.0	0.0	2.5	5	5
2040_2045	0.0	0.0	0.0	0.0	0.0	2.5	5
2045_2050	0.0	0.0	0.0	0.0	0.0	0.0	2.5
[HT_LT, *, *] :	2015_2020	2020_2025	2025_2030	2030_2035	2035_2040	2040_2045	2045_2050	:=
2015_2020	2.5	5	5	5	2.5	0.0	0.0
2020_2025	0.0	2.5	5	5	5	2.5	0.0
2025_2030	0.0	0.0	2.5	5	5	5	2.5
2030_2035	0.0	0.0	0.0	2.5	5	5	5
2035_2040	0.0	0.0	0.0	0.0	2.5	5	5
2040_2045	0.0	0.0	0.0	0.0	0.0	2.5	5
2045_2050	0.0	0.0	0.0	0.0	0.0	0.0	2.5
[HT_LT_DEC, *, *] :	2015_2020	2020_2025	2025_2030	2030_2035	2035_2040	2040_2045	2045_2050	:=
2015_2020	2.5	5	5	5	2.5	0.0	0.0
2020_2025	0.0	2.5	5	5	5	2.5	0.0
2025_2030	0.0	0.0	2.5	5	5	5	2.5
2030_2035	0.0	0.0	0.0	2.5	5	5	5
2035_2040	0.0	0.0	0.0	0.0	2.5	5	5
2040_2045	0.0	0.0	0.0	0.0	0.0	2.5	5
2045_2050	0.0	0.0	0.0	0.0	0.0	0.0	2.5
[HV_GRID, *, *] :	2015_2020	2020_2025	2025_2030	2030_2035	2035_2040	2040_2045	2045_2050	:=
2015_2020	2.5	5	5	5	5	5	5
2020_2025	0.0	2.5	5	5	5	5	5
2025_2030	0.0	0.0	2.5	5	5	5	5
2030_2035	0.0	0.0	0.0	2.5	5	5	5
2035_2040	0.0	0.0	0.0	0.0	2.5	5	5
2040_2045	0.0	0.0	0.0	0.0	0.0	2.5	5
2045_2050	0.0	0.0	0.0	0.0	0.0	0.0	2.5
[HYDRO_DAM, *, *] :	2015_2020	2020_2025	2025_2030	2030_2035	2035_2040	2040_2045	2045_2050	:=
2015_2020	2.5	5	5	5	5	5	5
2020_2025	0.0	2.5	5	5	5	5	5
2025_2030	0.0	0.0	2.5	5	5	5	5
2030_2035	0.0	0.0	0.0	2.5	5	5	5
2035_2040	0.0	0.0	0.0	0.0	2.5	5	5
2040_2045	0.0	0.0	0.0	0.0	0.0	2.5	5
2045_2050	0.0	0.0	0.0	0.0	0.0	0.0	2.5
[HYDRO_GAS, *, *] :	2015_2020	2020_2025	2025_2030	2030_2035	2035_2040	2040_2045	2045_2050	:=
2015_2020	2.5	5	5	2.5	0.0	0.0	0.0
2020_2025	0.0	2.5	5	5	2.5	0.0	0.0
2025_2030	0.0	0.0	2.5	5	5	2.5	0.0
2030_2035	0.0	0.0	0.0	2.5	5	5	2.5
2035_2040	0.0	0.0	0.0	0.0	2.5	5	5
2040_2045	0.0	0.0	0.0	0.0	0.0	2.5	5
2045_2050	0.0	0.0	0.0	0.0	0.0	0.0	2.5
[HYDRO_GAS_CHP, *, *] :	2015_2020	2020_2025	2025_2030	2030_2035	2035_2040	2040_2045	2045_2050	:=
2015_2020	2.5	5	5	2.5	0.0	0.0	0.0
2020_2025	0.0	2.5	5	5	2.5	0.0	0.0
2025_2030	0.0	0.0	2.5	5	5	2.5	0.0
2030_2035	0.0	0.0	0.0	2.5	5	5	2.5
2035_2040	0.0	0.0	0.0	0.0	2.5	5	5
2040_2045	0.0	0.0	0.0	0.0	0.0	2.5	5
2045_2050	0.0	0.0	0.0	0.0	0.0	0.0	2.5
[HYDRO_RIVER, *, *] :	2015_2020	2020_2025	2025_2030	2030_2035	2035_2040	2040_2045	2045_2050	:=
2015_2020	2.5	5	5	5	5	5	5
2020_2025	0.0	2.5	5	5	5	5	5
2025_2030	0.0	0.0	2.5	5	5	5	5
2030_2035	0.0	0.0	0.0	2.5	5	5	5
2035_2040	0.0	0.0	0.0	0.0	2.5	5	5
2040_2045	0.0	0.0	0.0	0.0	0.0	2.5	5
2045_2050	0.0	0.0	0.0	0.0	0.0	0.0	2.5
[HYDRO_STORAGE, *, *] :	2015_2020	2020_2025	2025_2030	2030_2035	2035_2040	2040_2045	2045_2050	:=
2015_2020	2.5	5	5	5	5	5	5
2020_2025	0.0	2.5	5	5	5	5	5
2025_2030	0.0	0.0	2.5	5	5	5	5
2030_2035	0.0	0.0	0.0	2.5	5	5	5
2035_2040	0.0	0.0	0.0	0.0	2.5	5	5
2040_2045	0.0	0.0	0.0	0.0	0.0	2.5	5
2045_2050	0.0	0.0	0.0	0.0	0.0	0.0	2.5
[IND_BOILER_BIOGAS, *, *] :	2015_2020	2020_2025	2025_2030	2030_2035	2035_2040	2040_2045	2045_2050	:=
2015_2020	2.5	5	5	4.5	0.0	0.0	0.0
2020_2025	0.0	2.5	5	5	4.5	0.0	0.0
2025_2030	0.0	0.0	2.5	5	5	4.5	0.0
2030_2035	0.0	0.0	0.0	2.5	5	5	4.5
2035_2040	0.0	0.0	0.0	0.0	2.5	5	5
2040_2045	0.0	0.0	0.0	0.0	0.0	2.5	5
2045_2050	0.0	0.0	0.0	0.0	0.0	0.0	2.5
[IND_BOILER_BIOOIL, *, *] :	2015_2020	2020_2025	2025_2030	2030_2035	2035_2040	2040_2045	2045_2050	:=
2015_2020	2.5	5	5	4.5	0.0	0.0	0.0
2020_2025	0.0	2.5	5	5	4.5	0.0	0.0
2025_2030	0.0	0.0	2.5	5	5	4.5	0.0
2030_2035	0.0	0.0	0.0	2.5	5	5	4.5
2035_2040	0.0	0.0	0.0	0.0	2.5	5	5
2040_2045	0.0	0.0	0.0	0.0	0.0	2.5	5
2045_2050	0.0	0.0	0.0	0.0	0.0	0.0	2.5
[IND_BOILER_COAL, *, *] :	2015_2020	2020_2025	2025_2030	2030_2035	2035_2040	2040_2045	2045_2050	:=
2015_2020	2.5	5	5	4.5	0.0	0.0	0.0
2020_2025	0.0	2.5	5	5	4.5	0.0	0.0
2025_2030	0.0	0.0	2.5	5	5	4.5	0.0
2030_2035	0.0	0.0	0.0	2.5	5	5	4.5
2035_2040	0.0	0.0	0.0	0.0	2.5	5	5
2040_2045	0.0	0.0	0.0	0.0	0.0	2.5	5
2045_2050	0.0	0.0	0.0	0.0	0.0	0.0	2.5
[IND_BOILER_GAS, *, *] :	2015_2020	2020_2025	2025_2030	2030_2035	2035_2040	2040_2045	2045_2050	:=
2015_2020	2.5	5	5	4.5	0.0	0.0	0.0
2020_2025	0.0	2.5	5	5	4.5	0.0	0.0
2025_2030	0.0	0.0	2.5	5	5	4.5	0.0
2030_2035	0.0	0.0	0.0	2.5	5	5	4.5
2035_2040	0.0	0.0	0.0	0.0	2.5	5	5
2040_2045	0.0	0.0	0.0	0.0	0.0	2.5	5
2045_2050	0.0	0.0	0.0	0.0	0.0	0.0	2.5
[IND_BOILER_OIL, *, *] :	2015_2020	2020_2025	2025_2030	2030_2035	2035_2040	2040_2045	2045_2050	:=
2015_2020	2.5	5	5	4.5	0.0	0.0	0.0
2020_2025	0.0	2.5	5	5	4.5	0.0	0.0
2025_2030	0.0	0.0	2.5	5	5	4.5	0.0
2030_2035	0.0	0.0	0.0	2.5	5	5	4.5
2035_2040	0.0	0.0	0.0	0.0	2.5	5	5
2040_2045	0.0	0.0	0.0	0.0	0.0	2.5	5
2045_2050	0.0	0.0	0.0	0.0	0.0	0.0	2.5
[IND_BOILER_WASTE, *, *] :	2015_2020	2020_2025	2025_2030	2030_2035	2035_2040	2040_2045	2045_2050	:=
2015_2020	2.5	5	5	4.5	0.0	0.0	0.0
2020_2025	0.0	2.5	5	5	4.5	0.0	0.0
2025_2030	0.0	0.0	2.5	5	5	4.5	0.0
2030_2035	0.0	0.0	0.0	2.5	5	5	4.5
2035_2040	0.0	0.0	0.0	0.0	2.5	5	5
2040_2045	0.0	0.0	0.0	0.0	0.0	2.5	5
2045_2050	0.0	0.0	0.0	0.0	0.0	0.0	2.5
[IND_BOILER_WASTE_CC, *, *] :	2015_2020	2020_2025	2025_2030	2030_2035	2035_2040	2040_2045	2045_2050	:=
2015_2020	2.5	5	5	4.5	0.0	0.0	0.0
2020_2025	0.0	2.5	5	5	4.5	0.0	0.0
2025_2030	0.0	0.0	2.5	5	5	4.5	0.0
2030_2035	0.0	0.0	0.0	2.5	5	5	4.5
2035_2040	0.0	0.0	0.0	0.0	2.5	5	5
2040_2045	0.0	0.0	0.0	0.0	0.0	2.5	5
2045_2050	0.0	0.0	0.0	0.0	0.0	0.0	2.5
[IND_BOILER_WOOD, *, *] :	2015_2020	2020_2025	2025_2030	2030_2035	2035_2040	2040_2045	2045_2050	:=
2015_2020	2.5	5	5	4.5	0.0	0.0	0.0
2020_2025	0.0	2.5	5	5	4.5	0.0	0.0
2025_2030	0.0	0.0	2.5	5	5	4.5	0.0
2030_2035	0.0	0.0	0.0	2.5	5	5	4.5
2035_2040	0.0	0.0	0.0	0.0	2.5	5	5
2040_2045	0.0	0.0	0.0	0.0	0.0	2.5	5
2045_2050	0.0	0.0	0.0	0.0	0.0	0.0	2.5
[IND_COGEN_BIOGAS, *, *] :	2015_2020	2020_2025	2025_2030	2030_2035	2035_2040	2040_2045	2045_2050	:=
2015_2020	2.5	5	5	5	5	2.5	0.0
2020_2025	0.0	2.5	5	5	5	5	2.5
2025_2030	0.0	0.0	2.5	5	5	5	5
2030_2035	0.0	0.0	0.0	2.5	5	5	5
2035_2040	0.0	0.0	0.0	0.0	2.5	5	5
2040_2045	0.0	0.0	0.0	0.0	0.0	2.5	5
2045_2050	0.0	0.0	0.0	0.0	0.0	0.0	2.5
[IND_COGEN_GAS, *, *] :	2015_2020	2020_2025	2025_2030	2030_2035	2035_2040	2040_2045	2045_2050	:=
2015_2020	2.5	5	5	5	5	2.5	0.0
2020_2025	0.0	2.5	5	5	5	5	2.5
2025_2030	0.0	0.0	2.5	5	5	5	5
2030_2035	0.0	0.0	0.0	2.5	5	5	5
2035_2040	0.0	0.0	0.0	0.0	2.5	5	5
2040_2045	0.0	0.0	0.0	0.0	0.0	2.5	5
2045_2050	0.0	0.0	0.0	0.0	0.0	0.0	2.5
[IND_COGEN_WASTE, *, *] :	2015_2020	2020_2025	2025_2030	2030_2035	2035_2040	2040_2045	2045_2050	:=
2015_2020	2.5	5	5	5	5	2.5	0.0
2020_2025	0.0	2.5	5	5	5	5	2.5
2025_2030	0.0	0.0	2.5	5	5	5	5
2030_2035	0.0	0.0	0.0	2.5	5	5	5
2035_2040	0.0	0.0	0.0	0.0	2.5	5	5
2040_2045	0.0	0.0	0.0	0.0	0.0	2.5	5
2045_2050	0.0	0.0	0.0	0.0	0.0	0.0	2.5
[IND_COGEN_WASTE_CC, *, *] :	2015_2020	2020_2025	2025_2030	2030_2035	2035_2040	2040_2045	2045_2050	:=
2015_2020	2.5	5	5	5	5	2.5	0.0
2020_2025	0.0	2.5	5	5	5	5	2.5
2025_2030	0.0	0.0	2.5	5	5	5	5
2030_2035	0.0	0.0	0.0	2.5	5	5	5
2035_2040	0.0	0.0	0.0	0.0	2.5	5	5
2040_2045	0.0	0.0	0.0	0.0	0.0	2.5	5
2045_2050	0.0	0.0	0.0	0.0	0.0	0.0	2.5
[IND_COGEN_WOOD, *, *] :	2015_2020	2020_2025	2025_2030	2030_2035	2035_2040	2040_2045	2045_2050	:=
2015_2020	2.5	5	5	5	5	2.5	0.0
2020_2025	0.0	2.5	5	5	5	5	2.5
2025_2030	0.0	0.0	2.5	5	5	5	5
2030_2035	0.0	0.0	0.0	2.5	5	5	5
2035_2040	0.0	0.0	0.0	0.0	2.5	5	5
2040_2045	0.0	0.0	0.0	0.0	0.0	2.5	5
2045_2050	0.0	0.0	0.0	0.0	0.0	0.0	2.5
[IND_DIRECT_ELEC, *, *] :	2015_2020	2020_2025	2025_2030	2030_2035	2035_2040	2040_2045	2045_2050	:=
2015_2020	2.5	5	5	2.5	0.0	0.0	0.0
2020_2025	0.0	2.5	5	5	2.5	0.0	0.0
2025_2030	0.0	0.0	2.5	5	5	2.5	0.0
2030_2035	0.0	0.0	0.0	2.5	5	5	2.5
2035_2040	0.0	0.0	0.0	0.0	2.5	5	5
2040_2045	0.0	0.0	0.0	0.0	0.0	2.5	5
2045_2050	0.0	0.0	0.0	0.0	0.0	0.0	2.5
[IND_HP_ELEC, *, *] :	2015_2020	2020_2025	2025_2030	2030_2035	2035_2040	2040_2045	2045_2050	:=
2015_2020	2.5	5	5	5	5	2.5	0.0
2020_2025	0.0	2.5	5	5	5	5	2.5
2025_2030	0.0	0.0	2.5	5	5	5	5
2030_2035	0.0	0.0	0.0	2.5	5	5	5
2035_2040	0.0	0.0	0.0	0.0	2.5	5	5
2040_2045	0.0	0.0	0.0	0.0	0.0	2.5	5
2045_2050	0.0	0.0	0.0	0.0	0.0	0.0	2.5
[LCV_BIODIESEL_B100, *, *] :	2015_2020	2020_2025	2025_2030	2030_2035	2035_2040	2040_2045	2045_2050	:=
2015_2020	2.5	5	5	2.5	0.0	0.0	0.0
2020_2025	0.0	2.5	5	5	2.5	0.0	0.0
2025_2030	0.0	0.0	2.5	5	5	2.5	0.0
2030_2035	0.0	0.0	0.0	2.5	5	5	2.5
2035_2040	0.0	0.0	0.0	0.0	2.5	5	5
2040_2045	0.0	0.0	0.0	0.0	0.0	2.5	5
2045_2050	0.0	0.0	0.0	0.0	0.0	0.0	2.5
[LCV_BIODIESEL_B100_MD, *, *] :	2015_2020	2020_2025	2025_2030	2030_2035	2035_2040	2040_2045	2045_2050	:=
2015_2020	2.5	5	5	2.5	0.0	0.0	0.0
2020_2025	0.0	2.5	5	5	2.5	0.0	0.0
2025_2030	0.0	0.0	2.5	5	5	2.5	0.0
2030_2035	0.0	0.0	0.0	2.5	5	5	2.5
2035_2040	0.0	0.0	0.0	0.0	2.5	5	5
2040_2045	0.0	0.0	0.0	0.0	0.0	2.5	5
2045_2050	0.0	0.0	0.0	0.0	0.0	0.0	2.5
[LCV_BIODIESEL_B100_SD, *, *] :	2015_2020	2020_2025	2025_2030	2030_2035	2035_2040	2040_2045	2045_2050	:=
2015_2020	2.5	5	5	2.5	0.0	0.0	0.0
2020_2025	0.0	2.5	5	5	2.5	0.0	0.0
2025_2030	0.0	0.0	2.5	5	5	2.5	0.0
2030_2035	0.0	0.0	0.0	2.5	5	5	2.5
2035_2040	0.0	0.0	0.0	0.0	2.5	5	5
2040_2045	0.0	0.0	0.0	0.0	0.0	2.5	5
2045_2050	0.0	0.0	0.0	0.0	0.0	0.0	2.5
[LCV_BIODIESEL_B20, *, *] :	2015_2020	2020_2025	2025_2030	2030_2035	2035_2040	2040_2045	2045_2050	:=
2015_2020	2.5	5	5	2.5	0.0	0.0	0.0
2020_2025	0.0	2.5	5	5	2.5	0.0	0.0
2025_2030	0.0	0.0	2.5	5	5	2.5	0.0
2030_2035	0.0	0.0	0.0	2.5	5	5	2.5
2035_2040	0.0	0.0	0.0	0.0	2.5	5	5
2040_2045	0.0	0.0	0.0	0.0	0.0	2.5	5
2045_2050	0.0	0.0	0.0	0.0	0.0	0.0	2.5
[LCV_BIODIESEL_B20_MD, *, *] :	2015_2020	2020_2025	2025_2030	2030_2035	2035_2040	2040_2045	2045_2050	:=
2015_2020	2.5	5	5	2.5	0.0	0.0	0.0
2020_2025	0.0	2.5	5	5	2.5	0.0	0.0
2025_2030	0.0	0.0	2.5	5	5	2.5	0.0
2030_2035	0.0	0.0	0.0	2.5	5	5	2.5
2035_2040	0.0	0.0	0.0	0.0	2.5	5	5
2040_2045	0.0	0.0	0.0	0.0	0.0	2.5	5
2045_2050	0.0	0.0	0.0	0.0	0.0	0.0	2.5
[LCV_BIODIESEL_B20_SD, *, *] :	2015_2020	2020_2025	2025_2030	2030_2035	2035_2040	2040_2045	2045_2050	:=
2015_2020	2.5	5	5	2.5	0.0	0.0	0.0
2020_2025	0.0	2.5	5	5	2.5	0.0	0.0
2025_2030	0.0	0.0	2.5	5	5	2.5	0.0
2030_2035	0.0	0.0	0.0	2.5	5	5	2.5
2035_2040	0.0	0.0	0.0	0.0	2.5	5	5
2040_2045	0.0	0.0	0.0	0.0	0.0	2.5	5
2045_2050	0.0	0.0	0.0	0.0	0.0	0.0	2.5
[LCV_CNG, *, *] :	2015_2020	2020_2025	2025_2030	2030_2035	2035_2040	2040_2045	2045_2050	:=
2015_2020	2.5	5	5	2.5	0.0	0.0	0.0
2020_2025	0.0	2.5	5	5	2.5	0.0	0.0
2025_2030	0.0	0.0	2.5	5	5	2.5	0.0
2030_2035	0.0	0.0	0.0	2.5	5	5	2.5
2035_2040	0.0	0.0	0.0	0.0	2.5	5	5
2040_2045	0.0	0.0	0.0	0.0	0.0	2.5	5
2045_2050	0.0	0.0	0.0	0.0	0.0	0.0	2.5
[LCV_CNG_MD, *, *] :	2015_2020	2020_2025	2025_2030	2030_2035	2035_2040	2040_2045	2045_2050	:=
2015_2020	2.5	5	5	2.5	0.0	0.0	0.0
2020_2025	0.0	2.5	5	5	2.5	0.0	0.0
2025_2030	0.0	0.0	2.5	5	5	2.5	0.0
2030_2035	0.0	0.0	0.0	2.5	5	5	2.5
2035_2040	0.0	0.0	0.0	0.0	2.5	5	5
2040_2045	0.0	0.0	0.0	0.0	0.0	2.5	5
2045_2050	0.0	0.0	0.0	0.0	0.0	0.0	2.5
[LCV_CNG_SD, *, *] :	2015_2020	2020_2025	2025_2030	2030_2035	2035_2040	2040_2045	2045_2050	:=
2015_2020	2.5	5	5	2.5	0.0	0.0	0.0
2020_2025	0.0	2.5	5	5	2.5	0.0	0.0
2025_2030	0.0	0.0	2.5	5	5	2.5	0.0
2030_2035	0.0	0.0	0.0	2.5	5	5	2.5
2035_2040	0.0	0.0	0.0	0.0	2.5	5	5
2040_2045	0.0	0.0	0.0	0.0	0.0	2.5	5
2045_2050	0.0	0.0	0.0	0.0	0.0	0.0	2.5
[LCV_CSNG, *, *] :	2015_2020	2020_2025	2025_2030	2030_2035	2035_2040	2040_2045	2045_2050	:=
2015_2020	2.5	5	5	2.5	0.0	0.0	0.0
2020_2025	0.0	2.5	5	5	2.5	0.0	0.0
2025_2030	0.0	0.0	2.5	5	5	2.5	0.0
2030_2035	0.0	0.0	0.0	2.5	5	5	2.5
2035_2040	0.0	0.0	0.0	0.0	2.5	5	5
2040_2045	0.0	0.0	0.0	0.0	0.0	2.5	5
2045_2050	0.0	0.0	0.0	0.0	0.0	0.0	2.5
[LCV_CSNG_MD, *, *] :	2015_2020	2020_2025	2025_2030	2030_2035	2035_2040	2040_2045	2045_2050	:=
2015_2020	2.5	5	5	2.5	0.0	0.0	0.0
2020_2025	0.0	2.5	5	5	2.5	0.0	0.0
2025_2030	0.0	0.0	2.5	5	5	2.5	0.0
2030_2035	0.0	0.0	0.0	2.5	5	5	2.5
2035_2040	0.0	0.0	0.0	0.0	2.5	5	5
2040_2045	0.0	0.0	0.0	0.0	0.0	2.5	5
2045_2050	0.0	0.0	0.0	0.0	0.0	0.0	2.5
[LCV_CSNG_SD, *, *] :	2015_2020	2020_2025	2025_2030	2030_2035	2035_2040	2040_2045	2045_2050	:=
2015_2020	2.5	5	5	2.5	0.0	0.0	0.0
2020_2025	0.0	2.5	5	5	2.5	0.0	0.0
2025_2030	0.0	0.0	2.5	5	5	2.5	0.0
2030_2035	0.0	0.0	0.0	2.5	5	5	2.5
2035_2040	0.0	0.0	0.0	0.0	2.5	5	5
2040_2045	0.0	0.0	0.0	0.0	0.0	2.5	5
2045_2050	0.0	0.0	0.0	0.0	0.0	0.0	2.5
[LCV_DIESEL, *, *] :	2015_2020	2020_2025	2025_2030	2030_2035	2035_2040	2040_2045	2045_2050	:=
2015_2020	2.5	5	5	2.5	0.0	0.0	0.0
2020_2025	0.0	2.5	5	5	2.5	0.0	0.0
2025_2030	0.0	0.0	2.5	5	5	2.5	0.0
2030_2035	0.0	0.0	0.0	2.5	5	5	2.5
2035_2040	0.0	0.0	0.0	0.0	2.5	5	5
2040_2045	0.0	0.0	0.0	0.0	0.0	2.5	5
2045_2050	0.0	0.0	0.0	0.0	0.0	0.0	2.5
[LCV_DIESEL_MD, *, *] :	2015_2020	2020_2025	2025_2030	2030_2035	2035_2040	2040_2045	2045_2050	:=
2015_2020	2.5	5	5	2.5	0.0	0.0	0.0
2020_2025	0.0	2.5	5	5	2.5	0.0	0.0
2025_2030	0.0	0.0	2.5	5	5	2.5	0.0
2030_2035	0.0	0.0	0.0	2.5	5	5	2.5
2035_2040	0.0	0.0	0.0	0.0	2.5	5	5
2040_2045	0.0	0.0	0.0	0.0	0.0	2.5	5
2045_2050	0.0	0.0	0.0	0.0	0.0	0.0	2.5
[LCV_DIESEL_SD, *, *] :	2015_2020	2020_2025	2025_2030	2030_2035	2035_2040	2040_2045	2045_2050	:=
2015_2020	2.5	5	5	2.5	0.0	0.0	0.0
2020_2025	0.0	2.5	5	5	2.5	0.0	0.0
2025_2030	0.0	0.0	2.5	5	5	2.5	0.0
2030_2035	0.0	0.0	0.0	2.5	5	5	2.5
2035_2040	0.0	0.0	0.0	0.0	2.5	5	5
2040_2045	0.0	0.0	0.0	0.0	0.0	2.5	5
2045_2050	0.0	0.0	0.0	0.0	0.0	0.0	2.5
[LCV_ETOH_E10, *, *] :	2015_2020	2020_2025	2025_2030	2030_2035	2035_2040	2040_2045	2045_2050	:=
2015_2020	2.5	5	5	2.5	0.0	0.0	0.0
2020_2025	0.0	2.5	5	5	2.5	0.0	0.0
2025_2030	0.0	0.0	2.5	5	5	2.5	0.0
2030_2035	0.0	0.0	0.0	2.5	5	5	2.5
2035_2040	0.0	0.0	0.0	0.0	2.5	5	5
2040_2045	0.0	0.0	0.0	0.0	0.0	2.5	5
2045_2050	0.0	0.0	0.0	0.0	0.0	0.0	2.5
[LCV_ETOH_E10_MD, *, *] :	2015_2020	2020_2025	2025_2030	2030_2035	2035_2040	2040_2045	2045_2050	:=
2015_2020	2.5	5	5	2.5	0.0	0.0	0.0
2020_2025	0.0	2.5	5	5	2.5	0.0	0.0
2025_2030	0.0	0.0	2.5	5	5	2.5	0.0
2030_2035	0.0	0.0	0.0	2.5	5	5	2.5
2035_2040	0.0	0.0	0.0	0.0	2.5	5	5
2040_2045	0.0	0.0	0.0	0.0	0.0	2.5	5
2045_2050	0.0	0.0	0.0	0.0	0.0	0.0	2.5
[LCV_ETOH_E10_SD, *, *] :	2015_2020	2020_2025	2025_2030	2030_2035	2035_2040	2040_2045	2045_2050	:=
2015_2020	2.5	5	5	2.5	0.0	0.0	0.0
2020_2025	0.0	2.5	5	5	2.5	0.0	0.0
2025_2030	0.0	0.0	2.5	5	5	2.5	0.0
2030_2035	0.0	0.0	0.0	2.5	5	5	2.5
2035_2040	0.0	0.0	0.0	0.0	2.5	5	5
2040_2045	0.0	0.0	0.0	0.0	0.0	2.5	5
2045_2050	0.0	0.0	0.0	0.0	0.0	0.0	2.5
[LCV_ETOH_E85, *, *] :	2015_2020	2020_2025	2025_2030	2030_2035	2035_2040	2040_2045	2045_2050	:=
2015_2020	2.5	5	5	2.5	0.0	0.0	0.0
2020_2025	0.0	2.5	5	5	2.5	0.0	0.0
2025_2030	0.0	0.0	2.5	5	5	2.5	0.0
2030_2035	0.0	0.0	0.0	2.5	5	5	2.5
2035_2040	0.0	0.0	0.0	0.0	2.5	5	5
2040_2045	0.0	0.0	0.0	0.0	0.0	2.5	5
2045_2050	0.0	0.0	0.0	0.0	0.0	0.0	2.5
[LCV_ETOH_E85_MD, *, *] :	2015_2020	2020_2025	2025_2030	2030_2035	2035_2040	2040_2045	2045_2050	:=
2015_2020	2.5	5	5	2.5	0.0	0.0	0.0
2020_2025	0.0	2.5	5	5	2.5	0.0	0.0
2025_2030	0.0	0.0	2.5	5	5	2.5	0.0
2030_2035	0.0	0.0	0.0	2.5	5	5	2.5
2035_2040	0.0	0.0	0.0	0.0	2.5	5	5
2040_2045	0.0	0.0	0.0	0.0	0.0	2.5	5
2045_2050	0.0	0.0	0.0	0.0	0.0	0.0	2.5
[LCV_ETOH_E85_SD, *, *] :	2015_2020	2020_2025	2025_2030	2030_2035	2035_2040	2040_2045	2045_2050	:=
2015_2020	2.5	5	5	2.5	0.0	0.0	0.0
2020_2025	0.0	2.5	5	5	2.5	0.0	0.0
2025_2030	0.0	0.0	2.5	5	5	2.5	0.0
2030_2035	0.0	0.0	0.0	2.5	5	5	2.5
2035_2040	0.0	0.0	0.0	0.0	2.5	5	5
2040_2045	0.0	0.0	0.0	0.0	0.0	2.5	5
2045_2050	0.0	0.0	0.0	0.0	0.0	0.0	2.5
[LCV_EV, *, *] :	2015_2020	2020_2025	2025_2030	2030_2035	2035_2040	2040_2045	2045_2050	:=
2015_2020	2.5	5	5	2.5	0.0	0.0	0.0
2020_2025	0.0	2.5	5	5	2.5	0.0	0.0
2025_2030	0.0	0.0	2.5	5	5	2.5	0.0
2030_2035	0.0	0.0	0.0	2.5	5	5	2.5
2035_2040	0.0	0.0	0.0	0.0	2.5	5	5
2040_2045	0.0	0.0	0.0	0.0	0.0	2.5	5
2045_2050	0.0	0.0	0.0	0.0	0.0	0.0	2.5
[LCV_EV_MD, *, *] :	2015_2020	2020_2025	2025_2030	2030_2035	2035_2040	2040_2045	2045_2050	:=
2015_2020	2.5	5	5	2.5	0.0	0.0	0.0
2020_2025	0.0	2.5	5	5	2.5	0.0	0.0
2025_2030	0.0	0.0	2.5	5	5	2.5	0.0
2030_2035	0.0	0.0	0.0	2.5	5	5	2.5
2035_2040	0.0	0.0	0.0	0.0	2.5	5	5
2040_2045	0.0	0.0	0.0	0.0	0.0	2.5	5
2045_2050	0.0	0.0	0.0	0.0	0.0	0.0	2.5
[LCV_EV_SD, *, *] :	2015_2020	2020_2025	2025_2030	2030_2035	2035_2040	2040_2045	2045_2050	:=
2015_2020	2.5	5	5	2.5	0.0	0.0	0.0
2020_2025	0.0	2.5	5	5	2.5	0.0	0.0
2025_2030	0.0	0.0	2.5	5	5	2.5	0.0
2030_2035	0.0	0.0	0.0	2.5	5	5	2.5
2035_2040	0.0	0.0	0.0	0.0	2.5	5	5
2040_2045	0.0	0.0	0.0	0.0	0.0	2.5	5
2045_2050	0.0	0.0	0.0	0.0	0.0	0.0	2.5
[LCV_FC_H2, *, *] :	2015_2020	2020_2025	2025_2030	2030_2035	2035_2040	2040_2045	2045_2050	:=
2015_2020	2.5	5	5	2.5	0.0	0.0	0.0
2020_2025	0.0	2.5	5	5	2.5	0.0	0.0
2025_2030	0.0	0.0	2.5	5	5	2.5	0.0
2030_2035	0.0	0.0	0.0	2.5	5	5	2.5
2035_2040	0.0	0.0	0.0	0.0	2.5	5	5
2040_2045	0.0	0.0	0.0	0.0	0.0	2.5	5
2045_2050	0.0	0.0	0.0	0.0	0.0	0.0	2.5
[LCV_FC_H2_MD, *, *] :	2015_2020	2020_2025	2025_2030	2030_2035	2035_2040	2040_2045	2045_2050	:=
2015_2020	2.5	5	5	2.5	0.0	0.0	0.0
2020_2025	0.0	2.5	5	5	2.5	0.0	0.0
2025_2030	0.0	0.0	2.5	5	5	2.5	0.0
2030_2035	0.0	0.0	0.0	2.5	5	5	2.5
2035_2040	0.0	0.0	0.0	0.0	2.5	5	5
2040_2045	0.0	0.0	0.0	0.0	0.0	2.5	5
2045_2050	0.0	0.0	0.0	0.0	0.0	0.0	2.5
[LCV_FC_H2_SD, *, *] :	2015_2020	2020_2025	2025_2030	2030_2035	2035_2040	2040_2045	2045_2050	:=
2015_2020	2.5	5	5	2.5	0.0	0.0	0.0
2020_2025	0.0	2.5	5	5	2.5	0.0	0.0
2025_2030	0.0	0.0	2.5	5	5	2.5	0.0
2030_2035	0.0	0.0	0.0	2.5	5	5	2.5
2035_2040	0.0	0.0	0.0	0.0	2.5	5	5
2040_2045	0.0	0.0	0.0	0.0	0.0	2.5	5
2045_2050	0.0	0.0	0.0	0.0	0.0	0.0	2.5
[LCV_GASOLINE, *, *] :	2015_2020	2020_2025	2025_2030	2030_2035	2035_2040	2040_2045	2045_2050	:=
2015_2020	2.5	5	5	2.5	0.0	0.0	0.0
2020_2025	0.0	2.5	5	5	2.5	0.0	0.0
2025_2030	0.0	0.0	2.5	5	5	2.5	0.0
2030_2035	0.0	0.0	0.0	2.5	5	5	2.5
2035_2040	0.0	0.0	0.0	0.0	2.5	5	5
2040_2045	0.0	0.0	0.0	0.0	0.0	2.5	5
2045_2050	0.0	0.0	0.0	0.0	0.0	0.0	2.5
[LCV_GASOLINE_MD, *, *] :	2015_2020	2020_2025	2025_2030	2030_2035	2035_2040	2040_2045	2045_2050	:=
2015_2020	2.5	5	5	2.5	0.0	0.0	0.0
2020_2025	0.0	2.5	5	5	2.5	0.0	0.0
2025_2030	0.0	0.0	2.5	5	5	2.5	0.0
2030_2035	0.0	0.0	0.0	2.5	5	5	2.5
2035_2040	0.0	0.0	0.0	0.0	2.5	5	5
2040_2045	0.0	0.0	0.0	0.0	0.0	2.5	5
2045_2050	0.0	0.0	0.0	0.0	0.0	0.0	2.5
[LCV_GASOLINE_SD, *, *] :	2015_2020	2020_2025	2025_2030	2030_2035	2035_2040	2040_2045	2045_2050	:=
2015_2020	2.5	5	5	2.5	0.0	0.0	0.0
2020_2025	0.0	2.5	5	5	2.5	0.0	0.0
2025_2030	0.0	0.0	2.5	5	5	2.5	0.0
2030_2035	0.0	0.0	0.0	2.5	5	5	2.5
2035_2040	0.0	0.0	0.0	0.0	2.5	5	5
2040_2045	0.0	0.0	0.0	0.0	0.0	2.5	5
2045_2050	0.0	0.0	0.0	0.0	0.0	0.0	2.5
[LCV_PHEV_DIESEL, *, *] :	2015_2020	2020_2025	2025_2030	2030_2035	2035_2040	2040_2045	2045_2050	:=
2015_2020	2.5	5	5	2.5	0.0	0.0	0.0
2020_2025	0.0	2.5	5	5	2.5	0.0	0.0
2025_2030	0.0	0.0	2.5	5	5	2.5	0.0
2030_2035	0.0	0.0	0.0	2.5	5	5	2.5
2035_2040	0.0	0.0	0.0	0.0	2.5	5	5
2040_2045	0.0	0.0	0.0	0.0	0.0	2.5	5
2045_2050	0.0	0.0	0.0	0.0	0.0	0.0	2.5
[LCV_PHEV_DIESEL_MD, *, *] :	2015_2020	2020_2025	2025_2030	2030_2035	2035_2040	2040_2045	2045_2050	:=
2015_2020	2.5	5	5	2.5	0.0	0.0	0.0
2020_2025	0.0	2.5	5	5	2.5	0.0	0.0
2025_2030	0.0	0.0	2.5	5	5	2.5	0.0
2030_2035	0.0	0.0	0.0	2.5	5	5	2.5
2035_2040	0.0	0.0	0.0	0.0	2.5	5	5
2040_2045	0.0	0.0	0.0	0.0	0.0	2.5	5
2045_2050	0.0	0.0	0.0	0.0	0.0	0.0	2.5
[LCV_PHEV_DIESEL_SD, *, *] :	2015_2020	2020_2025	2025_2030	2030_2035	2035_2040	2040_2045	2045_2050	:=
2015_2020	2.5	5	5	2.5	0.0	0.0	0.0
2020_2025	0.0	2.5	5	5	2.5	0.0	0.0
2025_2030	0.0	0.0	2.5	5	5	2.5	0.0
2030_2035	0.0	0.0	0.0	2.5	5	5	2.5
2035_2040	0.0	0.0	0.0	0.0	2.5	5	5
2040_2045	0.0	0.0	0.0	0.0	0.0	2.5	5
2045_2050	0.0	0.0	0.0	0.0	0.0	0.0	2.5
[LCV_PROPANE, *, *] :	2015_2020	2020_2025	2025_2030	2030_2035	2035_2040	2040_2045	2045_2050	:=
2015_2020	2.5	5	5	2.5	0.0	0.0	0.0
2020_2025	0.0	2.5	5	5	2.5	0.0	0.0
2025_2030	0.0	0.0	2.5	5	5	2.5	0.0
2030_2035	0.0	0.0	0.0	2.5	5	5	2.5
2035_2040	0.0	0.0	0.0	0.0	2.5	5	5
2040_2045	0.0	0.0	0.0	0.0	0.0	2.5	5
2045_2050	0.0	0.0	0.0	0.0	0.0	0.0	2.5
[LCV_PROPANE_MD, *, *] :	2015_2020	2020_2025	2025_2030	2030_2035	2035_2040	2040_2045	2045_2050	:=
2015_2020	2.5	5	5	2.5	0.0	0.0	0.0
2020_2025	0.0	2.5	5	5	2.5	0.0	0.0
2025_2030	0.0	0.0	2.5	5	5	2.5	0.0
2030_2035	0.0	0.0	0.0	2.5	5	5	2.5
2035_2040	0.0	0.0	0.0	0.0	2.5	5	5
2040_2045	0.0	0.0	0.0	0.0	0.0	2.5	5
2045_2050	0.0	0.0	0.0	0.0	0.0	0.0	2.5
[LCV_PROPANE_SD, *, *] :	2015_2020	2020_2025	2025_2030	2030_2035	2035_2040	2040_2045	2045_2050	:=
2015_2020	2.5	5	5	2.5	0.0	0.0	0.0
2020_2025	0.0	2.5	5	5	2.5	0.0	0.0
2025_2030	0.0	0.0	2.5	5	5	2.5	0.0
2030_2035	0.0	0.0	0.0	2.5	5	5	2.5
2035_2040	0.0	0.0	0.0	0.0	2.5	5	5
2040_2045	0.0	0.0	0.0	0.0	0.0	2.5	5
2045_2050	0.0	0.0	0.0	0.0	0.0	0.0	2.5
[LP_H2_GRID, *, *] :	2015_2020	2020_2025	2025_2030	2030_2035	2035_2040	2040_2045	2045_2050	:=
2015_2020	2.5	5	5	5	2.5	0.0	0.0
2020_2025	0.0	2.5	5	5	5	2.5	0.0
2025_2030	0.0	0.0	2.5	5	5	5	2.5
2030_2035	0.0	0.0	0.0	2.5	5	5	5
2035_2040	0.0	0.0	0.0	0.0	2.5	5	5
2040_2045	0.0	0.0	0.0	0.0	0.0	2.5	5
2045_2050	0.0	0.0	0.0	0.0	0.0	0.0	2.5
[LP_NG_GRID, *, *] :	2015_2020	2020_2025	2025_2030	2030_2035	2035_2040	2040_2045	2045_2050	:=
2015_2020	2.5	5	5	5	5	5	5
2020_2025	0.0	2.5	5	5	5	5	5
2025_2030	0.0	0.0	2.5	5	5	5	5
2030_2035	0.0	0.0	0.0	2.5	5	5	5
2035_2040	0.0	0.0	0.0	0.0	2.5	5	5
2040_2045	0.0	0.0	0.0	0.0	0.0	2.5	5
2045_2050	0.0	0.0	0.0	0.0	0.0	0.0	2.5
[LT_DEC_WH, *, *] :	2015_2020	2020_2025	2025_2030	2030_2035	2035_2040	2040_2045	2045_2050	:=
2015_2020	2.5	5	5	5	2.5	0.0	0.0
2020_2025	0.0	2.5	5	5	5	2.5	0.0
2025_2030	0.0	0.0	2.5	5	5	5	2.5
2030_2035	0.0	0.0	0.0	2.5	5	5	5
2035_2040	0.0	0.0	0.0	0.0	2.5	5	5
2040_2045	0.0	0.0	0.0	0.0	0.0	2.5	5
2045_2050	0.0	0.0	0.0	0.0	0.0	0.0	2.5
[LT_DHN_WH, *, *] :	2015_2020	2020_2025	2025_2030	2030_2035	2035_2040	2040_2045	2045_2050	:=
2015_2020	2.5	5	5	5	2.5	0.0	0.0
2020_2025	0.0	2.5	5	5	5	2.5	0.0
2025_2030	0.0	0.0	2.5	5	5	5	2.5
2030_2035	0.0	0.0	0.0	2.5	5	5	5
2035_2040	0.0	0.0	0.0	0.0	2.5	5	5
2040_2045	0.0	0.0	0.0	0.0	0.0	2.5	5
2045_2050	0.0	0.0	0.0	0.0	0.0	0.0	2.5
[LV_GRID, *, *] :	2015_2020	2020_2025	2025_2030	2030_2035	2035_2040	2040_2045	2045_2050	:=
2015_2020	2.5	5	5	5	5	5	5
2020_2025	0.0	2.5	5	5	5	5	5
2025_2030	0.0	0.0	2.5	5	5	5	5
2030_2035	0.0	0.0	0.0	2.5	5	5	5
2035_2040	0.0	0.0	0.0	0.0	2.5	5	5
2040_2045	0.0	0.0	0.0	0.0	0.0	2.5	5
2045_2050	0.0	0.0	0.0	0.0	0.0	0.0	2.5
[METATHESIS_PROPYLENE, *, *] :	2015_2020	2020_2025	2025_2030	2030_2035	2035_2040	2040_2045	2045_2050	:=
2015_2020	2.5	5	5	5	5	2.5	0.0
2020_2025	0.0	2.5	5	5	5	5	2.5
2025_2030	0.0	0.0	2.5	5	5	5	5
2030_2035	0.0	0.0	0.0	2.5	5	5	5
2035_2040	0.0	0.0	0.0	0.0	2.5	5	5
2040_2045	0.0	0.0	0.0	0.0	0.0	2.5	5
2045_2050	0.0	0.0	0.0	0.0	0.0	0.0	2.5
[METHANATION, *, *] :	2015_2020	2020_2025	2025_2030	2030_2035	2035_2040	2040_2045	2045_2050	:=
2015_2020	2.5	5	5	5	2.5	0.0	0.0
2020_2025	0.0	2.5	5	5	5	2.5	0.0
2025_2030	0.0	0.0	2.5	5	5	5	2.5
2030_2035	0.0	0.0	0.0	2.5	5	5	5
2035_2040	0.0	0.0	0.0	0.0	2.5	5	5
2040_2045	0.0	0.0	0.0	0.0	0.0	2.5	5
2045_2050	0.0	0.0	0.0	0.0	0.0	0.0	2.5
[METHANE_TO_METHANOL, *, *] :	2015_2020	2020_2025	2025_2030	2030_2035	2035_2040	2040_2045	2045_2050	:=
2015_2020	2.5	5	5	5	5	2.5	0.0
2020_2025	0.0	2.5	5	5	5	5	2.5
2025_2030	0.0	0.0	2.5	5	5	5	5
2030_2035	0.0	0.0	0.0	2.5	5	5	5
2035_2040	0.0	0.0	0.0	0.0	2.5	5	5
2040_2045	0.0	0.0	0.0	0.0	0.0	2.5	5
2045_2050	0.0	0.0	0.0	0.0	0.0	0.0	2.5
[METHANOL_CARBONYLATION, *, *] :	2015_2020	2020_2025	2025_2030	2030_2035	2035_2040	2040_2045	2045_2050	:=
2015_2020	2.5	5	5	5	5	2.5	0.0
2020_2025	0.0	2.5	5	5	5	5	2.5
2025_2030	0.0	0.0	2.5	5	5	5	5
2030_2035	0.0	0.0	0.0	2.5	5	5	5
2035_2040	0.0	0.0	0.0	0.0	2.5	5	5
2040_2045	0.0	0.0	0.0	0.0	0.0	2.5	5
2045_2050	0.0	0.0	0.0	0.0	0.0	0.0	2.5
[METHANOL_FT, *, *] :	2015_2020	2020_2025	2025_2030	2030_2035	2035_2040	2040_2045	2045_2050	:=
2015_2020	2.5	5	5	5	5	2.5	0.0
2020_2025	0.0	2.5	5	5	5	5	2.5
2025_2030	0.0	0.0	2.5	5	5	5	5
2030_2035	0.0	0.0	0.0	2.5	5	5	5
2035_2040	0.0	0.0	0.0	0.0	2.5	5	5
2040_2045	0.0	0.0	0.0	0.0	0.0	2.5	5
2045_2050	0.0	0.0	0.0	0.0	0.0	0.0	2.5
[METHANOL_TO_AROMATICS, *, *] :	2015_2020	2020_2025	2025_2030	2030_2035	2035_2040	2040_2045	2045_2050	:=
2015_2020	2.5	5	5	5	5	2.5	0.0
2020_2025	0.0	2.5	5	5	5	5	2.5
2025_2030	0.0	0.0	2.5	5	5	5	5
2030_2035	0.0	0.0	0.0	2.5	5	5	5
2035_2040	0.0	0.0	0.0	0.0	2.5	5	5
2040_2045	0.0	0.0	0.0	0.0	0.0	2.5	5
2045_2050	0.0	0.0	0.0	0.0	0.0	0.0	2.5
[METHANOL_TO_OLEFINS, *, *] :	2015_2020	2020_2025	2025_2030	2030_2035	2035_2040	2040_2045	2045_2050	:=
2015_2020	2.5	5	5	5	5	2.5	0.0
2020_2025	0.0	2.5	5	5	5	5	2.5
2025_2030	0.0	0.0	2.5	5	5	5	5
2030_2035	0.0	0.0	0.0	2.5	5	5	5
2035_2040	0.0	0.0	0.0	0.0	2.5	5	5
2040_2045	0.0	0.0	0.0	0.0	0.0	2.5	5
2045_2050	0.0	0.0	0.0	0.0	0.0	0.0	2.5
[MINES_STORAGE, *, *] :	2015_2020	2020_2025	2025_2030	2030_2035	2035_2040	2040_2045	2045_2050	:=
2015_2020	2.5	5	5	5	5	2.5	0.0
2020_2025	0.0	2.5	5	5	5	5	2.5
2025_2030	0.0	0.0	2.5	5	5	5	5
2030_2035	0.0	0.0	0.0	2.5	5	5	5
2035_2040	0.0	0.0	0.0	0.0	2.5	5	5
2040_2045	0.0	0.0	0.0	0.0	0.0	2.5	5
2045_2050	0.0	0.0	0.0	0.0	0.0	0.0	2.5
[MP_H2_GRID, *, *] :	2015_2020	2020_2025	2025_2030	2030_2035	2035_2040	2040_2045	2045_2050	:=
2015_2020	2.5	5	5	5	5	5	5
2020_2025	0.0	2.5	5	5	5	5	5
2025_2030	0.0	0.0	2.5	5	5	5	5
2030_2035	0.0	0.0	0.0	2.5	5	5	5
2035_2040	0.0	0.0	0.0	0.0	2.5	5	5
2040_2045	0.0	0.0	0.0	0.0	0.0	2.5	5
2045_2050	0.0	0.0	0.0	0.0	0.0	0.0	2.5
[MP_NG_GRID, *, *] :	2015_2020	2020_2025	2025_2030	2030_2035	2035_2040	2040_2045	2045_2050	:=
2015_2020	2.5	5	5	5	5	5	5
2020_2025	0.0	2.5	5	5	5	5	5
2025_2030	0.0	0.0	2.5	5	5	5	5
2030_2035	0.0	0.0	0.0	2.5	5	5	5
2035_2040	0.0	0.0	0.0	0.0	2.5	5	5
2040_2045	0.0	0.0	0.0	0.0	0.0	2.5	5
2045_2050	0.0	0.0	0.0	0.0	0.0	0.0	2.5
[MV_GRID, *, *] :	2015_2020	2020_2025	2025_2030	2030_2035	2035_2040	2040_2045	2045_2050	:=
2015_2020	2.5	5	5	5	5	5	5
2020_2025	0.0	2.5	5	5	5	5	5
2025_2030	0.0	0.0	2.5	5	5	5	5
2030_2035	0.0	0.0	0.0	2.5	5	5	5
2035_2040	0.0	0.0	0.0	0.0	2.5	5	5
2040_2045	0.0	0.0	0.0	0.0	0.0	2.5	5
2045_2050	0.0	0.0	0.0	0.0	0.0	0.0	2.5
[NEW_HYDRO_DAM, *, *] :	2015_2020	2020_2025	2025_2030	2030_2035	2035_2040	2040_2045	2045_2050	:=
2015_2020	2.5	5	5	5	5	5	5
2020_2025	0.0	2.5	5	5	5	5	5
2025_2030	0.0	0.0	2.5	5	5	5	5
2030_2035	0.0	0.0	0.0	2.5	5	5	5
2035_2040	0.0	0.0	0.0	0.0	2.5	5	5
2040_2045	0.0	0.0	0.0	0.0	0.0	2.5	5
2045_2050	0.0	0.0	0.0	0.0	0.0	0.0	2.5
[NEW_HYDRO_RIVER, *, *] :	2015_2020	2020_2025	2025_2030	2030_2035	2035_2040	2040_2045	2045_2050	:=
2015_2020	2.5	5	5	5	5	5	2.5
2020_2025	0.0	2.5	5	5	5	5	5
2025_2030	0.0	0.0	2.5	5	5	5	5
2030_2035	0.0	0.0	0.0	2.5	5	5	5
2035_2040	0.0	0.0	0.0	0.0	2.5	5	5
2040_2045	0.0	0.0	0.0	0.0	0.0	2.5	5
2045_2050	0.0	0.0	0.0	0.0	0.0	0.0	2.5
[NG_COMP_HE, *, *] :	2015_2020	2020_2025	2025_2030	2030_2035	2035_2040	2040_2045	2045_2050	:=
2015_2020	2.5	5	5	5	5	5	5
2020_2025	0.0	2.5	5	5	5	5	5
2025_2030	0.0	0.0	2.5	5	5	5	5
2030_2035	0.0	0.0	0.0	2.5	5	5	5
2035_2040	0.0	0.0	0.0	0.0	2.5	5	5
2040_2045	0.0	0.0	0.0	0.0	0.0	2.5	5
2045_2050	0.0	0.0	0.0	0.0	0.0	0.0	2.5
[NG_COMP_LM, *, *] :	2015_2020	2020_2025	2025_2030	2030_2035	2035_2040	2040_2045	2045_2050	:=
2015_2020	2.5	5	5	5	5	5	5
2020_2025	0.0	2.5	5	5	5	5	5
2025_2030	0.0	0.0	2.5	5	5	5	5
2030_2035	0.0	0.0	0.0	2.5	5	5	5
2035_2040	0.0	0.0	0.0	0.0	2.5	5	5
2040_2045	0.0	0.0	0.0	0.0	0.0	2.5	5
2045_2050	0.0	0.0	0.0	0.0	0.0	0.0	2.5
[NG_COMP_MH, *, *] :	2015_2020	2020_2025	2025_2030	2030_2035	2035_2040	2040_2045	2045_2050	:=
2015_2020	2.5	5	5	5	5	5	5
2020_2025	0.0	2.5	5	5	5	5	5
2025_2030	0.0	0.0	2.5	5	5	5	5
2030_2035	0.0	0.0	0.0	2.5	5	5	5
2035_2040	0.0	0.0	0.0	0.0	2.5	5	5
2040_2045	0.0	0.0	0.0	0.0	0.0	2.5	5
2045_2050	0.0	0.0	0.0	0.0	0.0	0.0	2.5
[NG_EXP_EH, *, *] :	2015_2020	2020_2025	2025_2030	2030_2035	2035_2040	2040_2045	2045_2050	:=
2015_2020	2.5	5	5	5	5	5	5
2020_2025	0.0	2.5	5	5	5	5	5
2025_2030	0.0	0.0	2.5	5	5	5	5
2030_2035	0.0	0.0	0.0	2.5	5	5	5
2035_2040	0.0	0.0	0.0	0.0	2.5	5	5
2040_2045	0.0	0.0	0.0	0.0	0.0	2.5	5
2045_2050	0.0	0.0	0.0	0.0	0.0	0.0	2.5
[NG_EXP_EH_COGEN, *, *] :	2015_2020	2020_2025	2025_2030	2030_2035	2035_2040	2040_2045	2045_2050	:=
2015_2020	2.5	5	5	5	5	5	5
2020_2025	0.0	2.5	5	5	5	5	5
2025_2030	0.0	0.0	2.5	5	5	5	5
2030_2035	0.0	0.0	0.0	2.5	5	5	5
2035_2040	0.0	0.0	0.0	0.0	2.5	5	5
2040_2045	0.0	0.0	0.0	0.0	0.0	2.5	5
2045_2050	0.0	0.0	0.0	0.0	0.0	0.0	2.5
[NG_EXP_HM, *, *] :	2015_2020	2020_2025	2025_2030	2030_2035	2035_2040	2040_2045	2045_2050	:=
2015_2020	2.5	5	5	5	5	5	5
2020_2025	0.0	2.5	5	5	5	5	5
2025_2030	0.0	0.0	2.5	5	5	5	5
2030_2035	0.0	0.0	0.0	2.5	5	5	5
2035_2040	0.0	0.0	0.0	0.0	2.5	5	5
2040_2045	0.0	0.0	0.0	0.0	0.0	2.5	5
2045_2050	0.0	0.0	0.0	0.0	0.0	0.0	2.5
[NG_EXP_HM_COGEN, *, *] :	2015_2020	2020_2025	2025_2030	2030_2035	2035_2040	2040_2045	2045_2050	:=
2015_2020	2.5	5	5	5	5	5	5
2020_2025	0.0	2.5	5	5	5	5	5
2025_2030	0.0	0.0	2.5	5	5	5	5
2030_2035	0.0	0.0	0.0	2.5	5	5	5
2035_2040	0.0	0.0	0.0	0.0	2.5	5	5
2040_2045	0.0	0.0	0.0	0.0	0.0	2.5	5
2045_2050	0.0	0.0	0.0	0.0	0.0	0.0	2.5
[NG_EXP_ML, *, *] :	2015_2020	2020_2025	2025_2030	2030_2035	2035_2040	2040_2045	2045_2050	:=
2015_2020	2.5	5	5	5	5	5	5
2020_2025	0.0	2.5	5	5	5	5	5
2025_2030	0.0	0.0	2.5	5	5	5	5
2030_2035	0.0	0.0	0.0	2.5	5	5	5
2035_2040	0.0	0.0	0.0	0.0	2.5	5	5
2040_2045	0.0	0.0	0.0	0.0	0.0	2.5	5
2045_2050	0.0	0.0	0.0	0.0	0.0	0.0	2.5
[NG_EXP_ML_COGEN, *, *] :	2015_2020	2020_2025	2025_2030	2030_2035	2035_2040	2040_2045	2045_2050	:=
2015_2020	2.5	5	5	5	5	5	5
2020_2025	0.0	2.5	5	5	5	5	5
2025_2030	0.0	0.0	2.5	5	5	5	5
2030_2035	0.0	0.0	0.0	2.5	5	5	5
2035_2040	0.0	0.0	0.0	0.0	2.5	5	5
2040_2045	0.0	0.0	0.0	0.0	0.0	2.5	5
2045_2050	0.0	0.0	0.0	0.0	0.0	0.0	2.5
[NG_PYROLYSIS_PLASMA, *, *] :	2015_2020	2020_2025	2025_2030	2030_2035	2035_2040	2040_2045	2045_2050	:=
2015_2020	2.5	5	5	5	5	2.5	0.0
2020_2025	0.0	2.5	5	5	5	5	2.5
2025_2030	0.0	0.0	2.5	5	5	5	5
2030_2035	0.0	0.0	0.0	2.5	5	5	5
2035_2040	0.0	0.0	0.0	0.0	2.5	5	5
2040_2045	0.0	0.0	0.0	0.0	0.0	2.5	5
2045_2050	0.0	0.0	0.0	0.0	0.0	0.0	2.5
[NG_PYROLYSIS_THERMAL, *, *] :	2015_2020	2020_2025	2025_2030	2030_2035	2035_2040	2040_2045	2045_2050	:=
2015_2020	2.5	5	5	5	5	2.5	0.0
2020_2025	0.0	2.5	5	5	5	5	2.5
2025_2030	0.0	0.0	2.5	5	5	5	5
2030_2035	0.0	0.0	0.0	2.5	5	5	5
2035_2040	0.0	0.0	0.0	0.0	2.5	5	5
2040_2045	0.0	0.0	0.0	0.0	0.0	2.5	5
2045_2050	0.0	0.0	0.0	0.0	0.0	0.0	2.5
[NG_REFORMING, *, *] :	2015_2020	2020_2025	2025_2030	2030_2035	2035_2040	2040_2045	2045_2050	:=
2015_2020	2.5	5	5	5	5	2.5	0.0
2020_2025	0.0	2.5	5	5	5	5	2.5
2025_2030	0.0	0.0	2.5	5	5	5	5
2030_2035	0.0	0.0	0.0	2.5	5	5	5
2035_2040	0.0	0.0	0.0	0.0	2.5	5	5
2040_2045	0.0	0.0	0.0	0.0	0.0	2.5	5
2045_2050	0.0	0.0	0.0	0.0	0.0	0.0	2.5
[NG_STO, *, *] :	2015_2020	2020_2025	2025_2030	2030_2035	2035_2040	2040_2045	2045_2050	:=
2015_2020	2.5	5	5	5	5	2.5	0.0
2020_2025	0.0	2.5	5	5	5	5	2.5
2025_2030	0.0	0.0	2.5	5	5	5	5
2030_2035	0.0	0.0	0.0	2.5	5	5	5
2035_2040	0.0	0.0	0.0	0.0	2.5	5	5
2040_2045	0.0	0.0	0.0	0.0	0.0	2.5	5
2045_2050	0.0	0.0	0.0	0.0	0.0	0.0	2.5
[NUCLEAR, *, *] :	2015_2020	2020_2025	2025_2030	2030_2035	2035_2040	2040_2045	2045_2050	:=
2015_2020	2.5	5	5	5	5	5	5
2020_2025	0.0	2.5	5	5	5	5	5
2025_2030	0.0	0.0	2.5	5	5	5	5
2030_2035	0.0	0.0	0.0	2.5	5	5	5
2035_2040	0.0	0.0	0.0	0.0	2.5	5	5
2040_2045	0.0	0.0	0.0	0.0	0.0	2.5	5
2045_2050	0.0	0.0	0.0	0.0	0.0	0.0	2.5
[OCGT_BIOGAS_LARGE, *, *] :	2015_2020	2020_2025	2025_2030	2030_2035	2035_2040	2040_2045	2045_2050	:=
2015_2020	2.5	5	5	5	2.5	0.0	0.0
2020_2025	0.0	2.5	5	5	5	2.5	0.0
2025_2030	0.0	0.0	2.5	5	5	5	2.5
2030_2035	0.0	0.0	0.0	2.5	5	5	5
2035_2040	0.0	0.0	0.0	0.0	2.5	5	5
2040_2045	0.0	0.0	0.0	0.0	0.0	2.5	5
2045_2050	0.0	0.0	0.0	0.0	0.0	0.0	2.5
[OCGT_BIOGAS_SMALL, *, *] :	2015_2020	2020_2025	2025_2030	2030_2035	2035_2040	2040_2045	2045_2050	:=
2015_2020	2.5	5	5	5	2.5	0.0	0.0
2020_2025	0.0	2.5	5	5	5	2.5	0.0
2025_2030	0.0	0.0	2.5	5	5	5	2.5
2030_2035	0.0	0.0	0.0	2.5	5	5	5
2035_2040	0.0	0.0	0.0	0.0	2.5	5	5
2040_2045	0.0	0.0	0.0	0.0	0.0	2.5	5
2045_2050	0.0	0.0	0.0	0.0	0.0	0.0	2.5
[OCGT_LARGE, *, *] :	2015_2020	2020_2025	2025_2030	2030_2035	2035_2040	2040_2045	2045_2050	:=
2015_2020	2.5	5	5	5	2.5	0.0	0.0
2020_2025	0.0	2.5	5	5	5	2.5	0.0
2025_2030	0.0	0.0	2.5	5	5	5	2.5
2030_2035	0.0	0.0	0.0	2.5	5	5	5
2035_2040	0.0	0.0	0.0	0.0	2.5	5	5
2040_2045	0.0	0.0	0.0	0.0	0.0	2.5	5
2045_2050	0.0	0.0	0.0	0.0	0.0	0.0	2.5
[OCGT_SMALL, *, *] :	2015_2020	2020_2025	2025_2030	2030_2035	2035_2040	2040_2045	2045_2050	:=
2015_2020	2.5	5	5	5	2.5	0.0	0.0
2020_2025	0.0	2.5	5	5	5	2.5	0.0
2025_2030	0.0	0.0	2.5	5	5	5	2.5
2030_2035	0.0	0.0	0.0	2.5	5	5	5
2035_2040	0.0	0.0	0.0	0.0	2.5	5	5
2040_2045	0.0	0.0	0.0	0.0	0.0	2.5	5
2045_2050	0.0	0.0	0.0	0.0	0.0	0.0	2.5
[OIL_TANKER, *, *] :	2015_2020	2020_2025	2025_2030	2030_2035	2035_2040	2040_2045	2045_2050	:=
2015_2020	2.5	5	5	5	5	5	2.5
2020_2025	0.0	2.5	5	5	5	5	5
2025_2030	0.0	0.0	2.5	5	5	5	5
2030_2035	0.0	0.0	0.0	2.5	5	5	5
2035_2040	0.0	0.0	0.0	0.0	2.5	5	5
2040_2045	0.0	0.0	0.0	0.0	0.0	2.5	5
2045_2050	0.0	0.0	0.0	0.0	0.0	0.0	2.5
[OIL_TANKER_BIO, *, *] :	2015_2020	2020_2025	2025_2030	2030_2035	2035_2040	2040_2045	2045_2050	:=
2015_2020	2.5	5	5	5	5	5	2.5
2020_2025	0.0	2.5	5	5	5	5	5
2025_2030	0.0	0.0	2.5	5	5	5	5
2030_2035	0.0	0.0	0.0	2.5	5	5	5
2035_2040	0.0	0.0	0.0	0.0	2.5	5	5
2040_2045	0.0	0.0	0.0	0.0	0.0	2.5	5
2045_2050	0.0	0.0	0.0	0.0	0.0	0.0	2.5
[OIL_TANKER_BIOMEOH, *, *] :	2015_2020	2020_2025	2025_2030	2030_2035	2035_2040	2040_2045	2045_2050	:=
2015_2020	2.5	5	5	5	5	5	2.5
2020_2025	0.0	2.5	5	5	5	5	5
2025_2030	0.0	0.0	2.5	5	5	5	5
2030_2035	0.0	0.0	0.0	2.5	5	5	5
2035_2040	0.0	0.0	0.0	0.0	2.5	5	5
2040_2045	0.0	0.0	0.0	0.0	0.0	2.5	5
2045_2050	0.0	0.0	0.0	0.0	0.0	0.0	2.5
[OIL_TANKER_BIOMEOH_ELD, *, *] :	2015_2020	2020_2025	2025_2030	2030_2035	2035_2040	2040_2045	2045_2050	:=
2015_2020	2.5	5	5	5	5	5	2.5
2020_2025	0.0	2.5	5	5	5	5	5
2025_2030	0.0	0.0	2.5	5	5	5	5
2030_2035	0.0	0.0	0.0	2.5	5	5	5
2035_2040	0.0	0.0	0.0	0.0	2.5	5	5
2040_2045	0.0	0.0	0.0	0.0	0.0	2.5	5
2045_2050	0.0	0.0	0.0	0.0	0.0	0.0	2.5
[OIL_TANKER_BIO_ELD, *, *] :	2015_2020	2020_2025	2025_2030	2030_2035	2035_2040	2040_2045	2045_2050	:=
2015_2020	2.5	5	5	5	5	5	2.5
2020_2025	0.0	2.5	5	5	5	5	5
2025_2030	0.0	0.0	2.5	5	5	5	5
2030_2035	0.0	0.0	0.0	2.5	5	5	5
2035_2040	0.0	0.0	0.0	0.0	2.5	5	5
2040_2045	0.0	0.0	0.0	0.0	0.0	2.5	5
2045_2050	0.0	0.0	0.0	0.0	0.0	0.0	2.5
[OIL_TANKER_ELD, *, *] :	2015_2020	2020_2025	2025_2030	2030_2035	2035_2040	2040_2045	2045_2050	:=
2015_2020	2.5	5	5	5	5	5	2.5
2020_2025	0.0	2.5	5	5	5	5	5
2025_2030	0.0	0.0	2.5	5	5	5	5
2030_2035	0.0	0.0	0.0	2.5	5	5	5
2035_2040	0.0	0.0	0.0	0.0	2.5	5	5
2040_2045	0.0	0.0	0.0	0.0	0.0	2.5	5
2045_2050	0.0	0.0	0.0	0.0	0.0	0.0	2.5
[OIL_TANKER_MEOH, *, *] :	2015_2020	2020_2025	2025_2030	2030_2035	2035_2040	2040_2045	2045_2050	:=
2015_2020	2.5	5	5	5	5	5	2.5
2020_2025	0.0	2.5	5	5	5	5	5
2025_2030	0.0	0.0	2.5	5	5	5	5
2030_2035	0.0	0.0	0.0	2.5	5	5	5
2035_2040	0.0	0.0	0.0	0.0	2.5	5	5
2040_2045	0.0	0.0	0.0	0.0	0.0	2.5	5
2045_2050	0.0	0.0	0.0	0.0	0.0	0.0	2.5
[OIL_TANKER_MEOH_ELD, *, *] :	2015_2020	2020_2025	2025_2030	2030_2035	2035_2040	2040_2045	2045_2050	:=
2015_2020	2.5	5	5	5	5	5	2.5
2020_2025	0.0	2.5	5	5	5	5	5
2025_2030	0.0	0.0	2.5	5	5	5	5
2030_2035	0.0	0.0	0.0	2.5	5	5	5
2035_2040	0.0	0.0	0.0	0.0	2.5	5	5
2040_2045	0.0	0.0	0.0	0.0	0.0	2.5	5
2045_2050	0.0	0.0	0.0	0.0	0.0	0.0	2.5
[PAFC, *, *] :	2015_2020	2020_2025	2025_2030	2030_2035	2035_2040	2040_2045	2045_2050	:=
2015_2020	2.5	5	5	5	2.5	0.0	0.0
2020_2025	0.0	2.5	5	5	5	2.5	0.0
2025_2030	0.0	0.0	2.5	5	5	5	2.5
2030_2035	0.0	0.0	0.0	2.5	5	5	5
2035_2040	0.0	0.0	0.0	0.0	2.5	5	5
2040_2045	0.0	0.0	0.0	0.0	0.0	2.5	5
2045_2050	0.0	0.0	0.0	0.0	0.0	0.0	2.5
[PAPER_MAKING, *, *] :	2015_2020	2020_2025	2025_2030	2030_2035	2035_2040	2040_2045	2045_2050	:=
2015_2020	2.5	5	5	5	5	2.5	0.0
2020_2025	0.0	2.5	5	5	5	5	2.5
2025_2030	0.0	0.0	2.5	5	5	5	5
2030_2035	0.0	0.0	0.0	2.5	5	5	5
2035_2040	0.0	0.0	0.0	0.0	2.5	5	5
2040_2045	0.0	0.0	0.0	0.0	0.0	2.5	5
2045_2050	0.0	0.0	0.0	0.0	0.0	0.0	2.5
[PAPER_MAKING_HP, *, *] :	2015_2020	2020_2025	2025_2030	2030_2035	2035_2040	2040_2045	2045_2050	:=
2015_2020	2.5	5	5	5	5	2.5	0.0
2020_2025	0.0	2.5	5	5	5	5	2.5
2025_2030	0.0	0.0	2.5	5	5	5	5
2030_2035	0.0	0.0	0.0	2.5	5	5	5
2035_2040	0.0	0.0	0.0	0.0	2.5	5	5
2040_2045	0.0	0.0	0.0	0.0	0.0	2.5	5
2045_2050	0.0	0.0	0.0	0.0	0.0	0.0	2.5
[PAPER_MAKING_HR, *, *] :	2015_2020	2020_2025	2025_2030	2030_2035	2035_2040	2040_2045	2045_2050	:=
2015_2020	2.5	5	5	5	5	2.5	0.0
2020_2025	0.0	2.5	5	5	5	5	2.5
2025_2030	0.0	0.0	2.5	5	5	5	5
2030_2035	0.0	0.0	0.0	2.5	5	5	5
2035_2040	0.0	0.0	0.0	0.0	2.5	5	5
2040_2045	0.0	0.0	0.0	0.0	0.0	2.5	5
2045_2050	0.0	0.0	0.0	0.0	0.0	0.0	2.5
[PEMFC, *, *] :	2015_2020	2020_2025	2025_2030	2030_2035	2035_2040	2040_2045	2045_2050	:=
2015_2020	2.5	5	5	5	5	5	2.5
2020_2025	0.0	2.5	5	5	5	5	5
2025_2030	0.0	0.0	2.5	5	5	5	5
2030_2035	0.0	0.0	0.0	2.5	5	5	5
2035_2040	0.0	0.0	0.0	0.0	2.5	5	5
2040_2045	0.0	0.0	0.0	0.0	0.0	2.5	5
2045_2050	0.0	0.0	0.0	0.0	0.0	0.0	2.5
[PEM_ELECTROLYSIS, *, *] :	2015_2020	2020_2025	2025_2030	2030_2035	2035_2040	2040_2045	2045_2050	:=
2015_2020	2.5	4.5	0.0	0.0	0.0	0.0	0.0
2020_2025	0.0	2.5	4.5	0.0	0.0	0.0	0.0
2025_2030	0.0	0.0	2.5	4.5	0.0	0.0	0.0
2030_2035	0.0	0.0	0.0	2.5	4.5	0.0	0.0
2035_2040	0.0	0.0	0.0	0.0	2.5	4.5	0.0
2040_2045	0.0	0.0	0.0	0.0	0.0	2.5	4.5
2045_2050	0.0	0.0	0.0	0.0	0.0	0.0	2.5
[PET_FORMATION, *, *] :	2015_2020	2020_2025	2025_2030	2030_2035	2035_2040	2040_2045	2045_2050	:=
2015_2020	2.5	5	5	5	5	2.5	0.0
2020_2025	0.0	2.5	5	5	5	5	2.5
2025_2030	0.0	0.0	2.5	5	5	5	5
2030_2035	0.0	0.0	0.0	2.5	5	5	5
2035_2040	0.0	0.0	0.0	0.0	2.5	5	5
2040_2045	0.0	0.0	0.0	0.0	0.0	2.5	5
2045_2050	0.0	0.0	0.0	0.0	0.0	0.0	2.5
[PLANE_FREIGHT, *, *] :	2015_2020	2020_2025	2025_2030	2030_2035	2035_2040	2040_2045	2045_2050	:=
2015_2020	2.5	5	5	5	5	2.5	0.0
2020_2025	0.0	2.5	5	5	5	5	2.5
2025_2030	0.0	0.0	2.5	5	5	5	5
2030_2035	0.0	0.0	0.0	2.5	5	5	5
2035_2040	0.0	0.0	0.0	0.0	2.5	5	5
2040_2045	0.0	0.0	0.0	0.0	0.0	2.5	5
2045_2050	0.0	0.0	0.0	0.0	0.0	0.0	2.5
[PLANE_FREIGHT_BIO, *, *] :	2015_2020	2020_2025	2025_2030	2030_2035	2035_2040	2040_2045	2045_2050	:=
2015_2020	2.5	5	5	5	5	2.5	0.0
2020_2025	0.0	2.5	5	5	5	5	2.5
2025_2030	0.0	0.0	2.5	5	5	5	5
2030_2035	0.0	0.0	0.0	2.5	5	5	5
2035_2040	0.0	0.0	0.0	0.0	2.5	5	5
2040_2045	0.0	0.0	0.0	0.0	0.0	2.5	5
2045_2050	0.0	0.0	0.0	0.0	0.0	0.0	2.5
[PLANE_FREIGHT_BIO_ELD, *, *] :	2015_2020	2020_2025	2025_2030	2030_2035	2035_2040	2040_2045	2045_2050	:=
2015_2020	2.5	5	5	5	5	2.5	0.0
2020_2025	0.0	2.5	5	5	5	5	2.5
2025_2030	0.0	0.0	2.5	5	5	5	5
2030_2035	0.0	0.0	0.0	2.5	5	5	5
2035_2040	0.0	0.0	0.0	0.0	2.5	5	5
2040_2045	0.0	0.0	0.0	0.0	0.0	2.5	5
2045_2050	0.0	0.0	0.0	0.0	0.0	0.0	2.5
[PLANE_FREIGHT_ELD, *, *] :	2015_2020	2020_2025	2025_2030	2030_2035	2035_2040	2040_2045	2045_2050	:=
2015_2020	2.5	5	5	5	5	2.5	0.0
2020_2025	0.0	2.5	5	5	5	5	2.5
2025_2030	0.0	0.0	2.5	5	5	5	5
2030_2035	0.0	0.0	0.0	2.5	5	5	5
2035_2040	0.0	0.0	0.0	0.0	2.5	5	5
2040_2045	0.0	0.0	0.0	0.0	0.0	2.5	5
2045_2050	0.0	0.0	0.0	0.0	0.0	0.0	2.5
[PLANE_LH, *, *] :	2015_2020	2020_2025	2025_2030	2030_2035	2035_2040	2040_2045	2045_2050	:=
2015_2020	2.5	5	5	5	5	2.5	0.0
2020_2025	0.0	2.5	5	5	5	5	2.5
2025_2030	0.0	0.0	2.5	5	5	5	5
2030_2035	0.0	0.0	0.0	2.5	5	5	5
2035_2040	0.0	0.0	0.0	0.0	2.5	5	5
2040_2045	0.0	0.0	0.0	0.0	0.0	2.5	5
2045_2050	0.0	0.0	0.0	0.0	0.0	0.0	2.5
[PLANE_LH_BIO, *, *] :	2015_2020	2020_2025	2025_2030	2030_2035	2035_2040	2040_2045	2045_2050	:=
2015_2020	2.5	5	5	5	5	2.5	0.0
2020_2025	0.0	2.5	5	5	5	5	2.5
2025_2030	0.0	0.0	2.5	5	5	5	5
2030_2035	0.0	0.0	0.0	2.5	5	5	5
2035_2040	0.0	0.0	0.0	0.0	2.5	5	5
2040_2045	0.0	0.0	0.0	0.0	0.0	2.5	5
2045_2050	0.0	0.0	0.0	0.0	0.0	0.0	2.5
[PLANE_LH_BIO_ELD, *, *] :	2015_2020	2020_2025	2025_2030	2030_2035	2035_2040	2040_2045	2045_2050	:=
2015_2020	2.5	5	5	5	5	2.5	0.0
2020_2025	0.0	2.5	5	5	5	5	2.5
2025_2030	0.0	0.0	2.5	5	5	5	5
2030_2035	0.0	0.0	0.0	2.5	5	5	5
2035_2040	0.0	0.0	0.0	0.0	2.5	5	5
2040_2045	0.0	0.0	0.0	0.0	0.0	2.5	5
2045_2050	0.0	0.0	0.0	0.0	0.0	0.0	2.5
[PLANE_LH_ELD, *, *] :	2015_2020	2020_2025	2025_2030	2030_2035	2035_2040	2040_2045	2045_2050	:=
2015_2020	2.5	5	5	5	5	2.5	0.0
2020_2025	0.0	2.5	5	5	5	5	2.5
2025_2030	0.0	0.0	2.5	5	5	5	5
2030_2035	0.0	0.0	0.0	2.5	5	5	5
2035_2040	0.0	0.0	0.0	0.0	2.5	5	5
2040_2045	0.0	0.0	0.0	0.0	0.0	2.5	5
2045_2050	0.0	0.0	0.0	0.0	0.0	0.0	2.5
[PLANE_SH, *, *] :	2015_2020	2020_2025	2025_2030	2030_2035	2035_2040	2040_2045	2045_2050	:=
2015_2020	2.5	5	5	5	5	2.5	0.0
2020_2025	0.0	2.5	5	5	5	5	2.5
2025_2030	0.0	0.0	2.5	5	5	5	5
2030_2035	0.0	0.0	0.0	2.5	5	5	5
2035_2040	0.0	0.0	0.0	0.0	2.5	5	5
2040_2045	0.0	0.0	0.0	0.0	0.0	2.5	5
2045_2050	0.0	0.0	0.0	0.0	0.0	0.0	2.5
[PLANE_SH_BIO, *, *] :	2015_2020	2020_2025	2025_2030	2030_2035	2035_2040	2040_2045	2045_2050	:=
2015_2020	2.5	5	5	5	5	2.5	0.0
2020_2025	0.0	2.5	5	5	5	5	2.5
2025_2030	0.0	0.0	2.5	5	5	5	5
2030_2035	0.0	0.0	0.0	2.5	5	5	5
2035_2040	0.0	0.0	0.0	0.0	2.5	5	5
2040_2045	0.0	0.0	0.0	0.0	0.0	2.5	5
2045_2050	0.0	0.0	0.0	0.0	0.0	0.0	2.5
[PLANE_SH_BIO_LD, *, *] :	2015_2020	2020_2025	2025_2030	2030_2035	2035_2040	2040_2045	2045_2050	:=
2015_2020	2.5	5	5	5	5	2.5	0.0
2020_2025	0.0	2.5	5	5	5	5	2.5
2025_2030	0.0	0.0	2.5	5	5	5	5
2030_2035	0.0	0.0	0.0	2.5	5	5	5
2035_2040	0.0	0.0	0.0	0.0	2.5	5	5
2040_2045	0.0	0.0	0.0	0.0	0.0	2.5	5
2045_2050	0.0	0.0	0.0	0.0	0.0	0.0	2.5
[PLANE_SH_LD, *, *] :	2015_2020	2020_2025	2025_2030	2030_2035	2035_2040	2040_2045	2045_2050	:=
2015_2020	2.5	5	5	5	5	2.5	0.0
2020_2025	0.0	2.5	5	5	5	5	2.5
2025_2030	0.0	0.0	2.5	5	5	5	5
2030_2035	0.0	0.0	0.0	2.5	5	5	5
2035_2040	0.0	0.0	0.0	0.0	2.5	5	5
2040_2045	0.0	0.0	0.0	0.0	0.0	2.5	5
2045_2050	0.0	0.0	0.0	0.0	0.0	0.0	2.5
[POLYPROPYLENE_PP, *, *] :	2015_2020	2020_2025	2025_2030	2030_2035	2035_2040	2040_2045	2045_2050	:=
2015_2020	2.5	5	5	5	5	2.5	0.0
2020_2025	0.0	2.5	5	5	5	5	2.5
2025_2030	0.0	0.0	2.5	5	5	5	5
2030_2035	0.0	0.0	0.0	2.5	5	5	5
2035_2040	0.0	0.0	0.0	0.0	2.5	5	5
2040_2045	0.0	0.0	0.0	0.0	0.0	2.5	5
2045_2050	0.0	0.0	0.0	0.0	0.0	0.0	2.5
[PVC_FORMATION, *, *] :	2015_2020	2020_2025	2025_2030	2030_2035	2035_2040	2040_2045	2045_2050	:=
2015_2020	2.5	5	5	5	5	2.5	0.0
2020_2025	0.0	2.5	5	5	5	5	2.5
2025_2030	0.0	0.0	2.5	5	5	5	5
2030_2035	0.0	0.0	0.0	2.5	5	5	5
2035_2040	0.0	0.0	0.0	0.0	2.5	5	5
2040_2045	0.0	0.0	0.0	0.0	0.0	2.5	5
2045_2050	0.0	0.0	0.0	0.0	0.0	0.0	2.5
[PV_GROUND, *, *] :	2015_2020	2020_2025	2025_2030	2030_2035	2035_2040	2040_2045	2045_2050	:=
2015_2020	2.5	5	5	5	5	2.5	0.0
2020_2025	0.0	2.5	5	5	5	5	2.5
2025_2030	0.0	0.0	2.5	5	5	5	5
2030_2035	0.0	0.0	0.0	2.5	5	5	5
2035_2040	0.0	0.0	0.0	0.0	2.5	5	5
2040_2045	0.0	0.0	0.0	0.0	0.0	2.5	5
2045_2050	0.0	0.0	0.0	0.0	0.0	0.0	2.5
[PV_ROOF, *, *] :	2015_2020	2020_2025	2025_2030	2030_2035	2035_2040	2040_2045	2045_2050	:=
2015_2020	2.5	5	5	5	5	2.5	0.0
2020_2025	0.0	2.5	5	5	5	5	2.5
2025_2030	0.0	0.0	2.5	5	5	5	5
2030_2035	0.0	0.0	0.0	2.5	5	5	5
2035_2040	0.0	0.0	0.0	0.0	2.5	5	5
2040_2045	0.0	0.0	0.0	0.0	0.0	2.5	5
2045_2050	0.0	0.0	0.0	0.0	0.0	0.0	2.5
[PYROLYSIS, *, *] :	2015_2020	2020_2025	2025_2030	2030_2035	2035_2040	2040_2045	2045_2050	:=
2015_2020	2.5	5	5	5	5	2.5	0.0
2020_2025	0.0	2.5	5	5	5	5	2.5
2025_2030	0.0	0.0	2.5	5	5	5	5
2030_2035	0.0	0.0	0.0	2.5	5	5	5
2035_2040	0.0	0.0	0.0	0.0	2.5	5	5
2040_2045	0.0	0.0	0.0	0.0	0.0	2.5	5
2045_2050	0.0	0.0	0.0	0.0	0.0	0.0	2.5
[SCHOOLBUS_BIODIESEL_B100, *, *] :	2015_2020	2020_2025	2025_2030	2030_2035	2035_2040	2040_2045	2045_2050	:=
2015_2020	2.5	5	5	2.5	0.0	0.0	0.0
2020_2025	0.0	2.5	5	5	2.5	0.0	0.0
2025_2030	0.0	0.0	2.5	5	5	2.5	0.0
2030_2035	0.0	0.0	0.0	2.5	5	5	2.5
2035_2040	0.0	0.0	0.0	0.0	2.5	5	5
2040_2045	0.0	0.0	0.0	0.0	0.0	2.5	5
2045_2050	0.0	0.0	0.0	0.0	0.0	0.0	2.5
[SCHOOLBUS_BIODIESEL_B100_SD, *, *] :	2015_2020	2020_2025	2025_2030	2030_2035	2035_2040	2040_2045	2045_2050	:=
2015_2020	2.5	5	5	2.5	0.0	0.0	0.0
2020_2025	0.0	2.5	5	5	2.5	0.0	0.0
2025_2030	0.0	0.0	2.5	5	5	2.5	0.0
2030_2035	0.0	0.0	0.0	2.5	5	5	2.5
2035_2040	0.0	0.0	0.0	0.0	2.5	5	5
2040_2045	0.0	0.0	0.0	0.0	0.0	2.5	5
2045_2050	0.0	0.0	0.0	0.0	0.0	0.0	2.5
[SCHOOLBUS_BIODIESEL_B20, *, *] :	2015_2020	2020_2025	2025_2030	2030_2035	2035_2040	2040_2045	2045_2050	:=
2015_2020	2.5	5	5	2.5	0.0	0.0	0.0
2020_2025	0.0	2.5	5	5	2.5	0.0	0.0
2025_2030	0.0	0.0	2.5	5	5	2.5	0.0
2030_2035	0.0	0.0	0.0	2.5	5	5	2.5
2035_2040	0.0	0.0	0.0	0.0	2.5	5	5
2040_2045	0.0	0.0	0.0	0.0	0.0	2.5	5
2045_2050	0.0	0.0	0.0	0.0	0.0	0.0	2.5
[SCHOOLBUS_BIODIESEL_B20_SD, *, *] :	2015_2020	2020_2025	2025_2030	2030_2035	2035_2040	2040_2045	2045_2050	:=
2015_2020	2.5	5	5	2.5	0.0	0.0	0.0
2020_2025	0.0	2.5	5	5	2.5	0.0	0.0
2025_2030	0.0	0.0	2.5	5	5	2.5	0.0
2030_2035	0.0	0.0	0.0	2.5	5	5	2.5
2035_2040	0.0	0.0	0.0	0.0	2.5	5	5
2040_2045	0.0	0.0	0.0	0.0	0.0	2.5	5
2045_2050	0.0	0.0	0.0	0.0	0.0	0.0	2.5
[SCHOOLBUS_BIOETOH_E10, *, *] :	2015_2020	2020_2025	2025_2030	2030_2035	2035_2040	2040_2045	2045_2050	:=
2015_2020	2.5	5	5	2.5	0.0	0.0	0.0
2020_2025	0.0	2.5	5	5	2.5	0.0	0.0
2025_2030	0.0	0.0	2.5	5	5	2.5	0.0
2030_2035	0.0	0.0	0.0	2.5	5	5	2.5
2035_2040	0.0	0.0	0.0	0.0	2.5	5	5
2040_2045	0.0	0.0	0.0	0.0	0.0	2.5	5
2045_2050	0.0	0.0	0.0	0.0	0.0	0.0	2.5
[SCHOOLBUS_BIOETOH_E10_SD, *, *] :	2015_2020	2020_2025	2025_2030	2030_2035	2035_2040	2040_2045	2045_2050	:=
2015_2020	2.5	5	5	2.5	0.0	0.0	0.0
2020_2025	0.0	2.5	5	5	2.5	0.0	0.0
2025_2030	0.0	0.0	2.5	5	5	2.5	0.0
2030_2035	0.0	0.0	0.0	2.5	5	5	2.5
2035_2040	0.0	0.0	0.0	0.0	2.5	5	5
2040_2045	0.0	0.0	0.0	0.0	0.0	2.5	5
2045_2050	0.0	0.0	0.0	0.0	0.0	0.0	2.5
[SCHOOLBUS_CNG, *, *] :	2015_2020	2020_2025	2025_2030	2030_2035	2035_2040	2040_2045	2045_2050	:=
2015_2020	2.5	5	5	2.5	0.0	0.0	0.0
2020_2025	0.0	2.5	5	5	2.5	0.0	0.0
2025_2030	0.0	0.0	2.5	5	5	2.5	0.0
2030_2035	0.0	0.0	0.0	2.5	5	5	2.5
2035_2040	0.0	0.0	0.0	0.0	2.5	5	5
2040_2045	0.0	0.0	0.0	0.0	0.0	2.5	5
2045_2050	0.0	0.0	0.0	0.0	0.0	0.0	2.5
[SCHOOLBUS_CNG_SD, *, *] :	2015_2020	2020_2025	2025_2030	2030_2035	2035_2040	2040_2045	2045_2050	:=
2015_2020	2.5	5	5	2.5	0.0	0.0	0.0
2020_2025	0.0	2.5	5	5	2.5	0.0	0.0
2025_2030	0.0	0.0	2.5	5	5	2.5	0.0
2030_2035	0.0	0.0	0.0	2.5	5	5	2.5
2035_2040	0.0	0.0	0.0	0.0	2.5	5	5
2040_2045	0.0	0.0	0.0	0.0	0.0	2.5	5
2045_2050	0.0	0.0	0.0	0.0	0.0	0.0	2.5
[SCHOOLBUS_CSNG, *, *] :	2015_2020	2020_2025	2025_2030	2030_2035	2035_2040	2040_2045	2045_2050	:=
2015_2020	2.5	5	5	2.5	0.0	0.0	0.0
2020_2025	0.0	2.5	5	5	2.5	0.0	0.0
2025_2030	0.0	0.0	2.5	5	5	2.5	0.0
2030_2035	0.0	0.0	0.0	2.5	5	5	2.5
2035_2040	0.0	0.0	0.0	0.0	2.5	5	5
2040_2045	0.0	0.0	0.0	0.0	0.0	2.5	5
2045_2050	0.0	0.0	0.0	0.0	0.0	0.0	2.5
[SCHOOLBUS_CSNG_SD, *, *] :	2015_2020	2020_2025	2025_2030	2030_2035	2035_2040	2040_2045	2045_2050	:=
2015_2020	2.5	5	5	2.5	0.0	0.0	0.0
2020_2025	0.0	2.5	5	5	2.5	0.0	0.0
2025_2030	0.0	0.0	2.5	5	5	2.5	0.0
2030_2035	0.0	0.0	0.0	2.5	5	5	2.5
2035_2040	0.0	0.0	0.0	0.0	2.5	5	5
2040_2045	0.0	0.0	0.0	0.0	0.0	2.5	5
2045_2050	0.0	0.0	0.0	0.0	0.0	0.0	2.5
[SCHOOLBUS_DIESEL, *, *] :	2015_2020	2020_2025	2025_2030	2030_2035	2035_2040	2040_2045	2045_2050	:=
2015_2020	2.5	5	5	2.5	0.0	0.0	0.0
2020_2025	0.0	2.5	5	5	2.5	0.0	0.0
2025_2030	0.0	0.0	2.5	5	5	2.5	0.0
2030_2035	0.0	0.0	0.0	2.5	5	5	2.5
2035_2040	0.0	0.0	0.0	0.0	2.5	5	5
2040_2045	0.0	0.0	0.0	0.0	0.0	2.5	5
2045_2050	0.0	0.0	0.0	0.0	0.0	0.0	2.5
[SCHOOLBUS_DIESEL_SD, *, *] :	2015_2020	2020_2025	2025_2030	2030_2035	2035_2040	2040_2045	2045_2050	:=
2015_2020	2.5	5	5	2.5	0.0	0.0	0.0
2020_2025	0.0	2.5	5	5	2.5	0.0	0.0
2025_2030	0.0	0.0	2.5	5	5	2.5	0.0
2030_2035	0.0	0.0	0.0	2.5	5	5	2.5
2035_2040	0.0	0.0	0.0	0.0	2.5	5	5
2040_2045	0.0	0.0	0.0	0.0	0.0	2.5	5
2045_2050	0.0	0.0	0.0	0.0	0.0	0.0	2.5
[SCHOOLBUS_ETOH_E10, *, *] :	2015_2020	2020_2025	2025_2030	2030_2035	2035_2040	2040_2045	2045_2050	:=
2015_2020	2.5	5	5	2.5	0.0	0.0	0.0
2020_2025	0.0	2.5	5	5	2.5	0.0	0.0
2025_2030	0.0	0.0	2.5	5	5	2.5	0.0
2030_2035	0.0	0.0	0.0	2.5	5	5	2.5
2035_2040	0.0	0.0	0.0	0.0	2.5	5	5
2040_2045	0.0	0.0	0.0	0.0	0.0	2.5	5
2045_2050	0.0	0.0	0.0	0.0	0.0	0.0	2.5
[SCHOOLBUS_ETOH_E10_SD, *, *] :	2015_2020	2020_2025	2025_2030	2030_2035	2035_2040	2040_2045	2045_2050	:=
2015_2020	2.5	5	5	2.5	0.0	0.0	0.0
2020_2025	0.0	2.5	5	5	2.5	0.0	0.0
2025_2030	0.0	0.0	2.5	5	5	2.5	0.0
2030_2035	0.0	0.0	0.0	2.5	5	5	2.5
2035_2040	0.0	0.0	0.0	0.0	2.5	5	5
2040_2045	0.0	0.0	0.0	0.0	0.0	2.5	5
2045_2050	0.0	0.0	0.0	0.0	0.0	0.0	2.5
[SCHOOLBUS_EV, *, *] :	2015_2020	2020_2025	2025_2030	2030_2035	2035_2040	2040_2045	2045_2050	:=
2015_2020	2.5	5	5	2.5	0.0	0.0	0.0
2020_2025	0.0	2.5	5	5	2.5	0.0	0.0
2025_2030	0.0	0.0	2.5	5	5	2.5	0.0
2030_2035	0.0	0.0	0.0	2.5	5	5	2.5
2035_2040	0.0	0.0	0.0	0.0	2.5	5	5
2040_2045	0.0	0.0	0.0	0.0	0.0	2.5	5
2045_2050	0.0	0.0	0.0	0.0	0.0	0.0	2.5
[SCHOOLBUS_EV_SD, *, *] :	2015_2020	2020_2025	2025_2030	2030_2035	2035_2040	2040_2045	2045_2050	:=
2015_2020	2.5	5	5	2.5	0.0	0.0	0.0
2020_2025	0.0	2.5	5	5	2.5	0.0	0.0
2025_2030	0.0	0.0	2.5	5	5	2.5	0.0
2030_2035	0.0	0.0	0.0	2.5	5	5	2.5
2035_2040	0.0	0.0	0.0	0.0	2.5	5	5
2040_2045	0.0	0.0	0.0	0.0	0.0	2.5	5
2045_2050	0.0	0.0	0.0	0.0	0.0	0.0	2.5
[SCHOOLBUS_GASOLINE, *, *] :	2015_2020	2020_2025	2025_2030	2030_2035	2035_2040	2040_2045	2045_2050	:=
2015_2020	2.5	5	5	2.5	0.0	0.0	0.0
2020_2025	0.0	2.5	5	5	2.5	0.0	0.0
2025_2030	0.0	0.0	2.5	5	5	2.5	0.0
2030_2035	0.0	0.0	0.0	2.5	5	5	2.5
2035_2040	0.0	0.0	0.0	0.0	2.5	5	5
2040_2045	0.0	0.0	0.0	0.0	0.0	2.5	5
2045_2050	0.0	0.0	0.0	0.0	0.0	0.0	2.5
[SCHOOLBUS_GASOLINE_SD, *, *] :	2015_2020	2020_2025	2025_2030	2030_2035	2035_2040	2040_2045	2045_2050	:=
2015_2020	2.5	5	5	2.5	0.0	0.0	0.0
2020_2025	0.0	2.5	5	5	2.5	0.0	0.0
2025_2030	0.0	0.0	2.5	5	5	2.5	0.0
2030_2035	0.0	0.0	0.0	2.5	5	5	2.5
2035_2040	0.0	0.0	0.0	0.0	2.5	5	5
2040_2045	0.0	0.0	0.0	0.0	0.0	2.5	5
2045_2050	0.0	0.0	0.0	0.0	0.0	0.0	2.5
[SCHOOLBUS_HY_DIESEL, *, *] :	2015_2020	2020_2025	2025_2030	2030_2035	2035_2040	2040_2045	2045_2050	:=
2015_2020	2.5	5	5	2.5	0.0	0.0	0.0
2020_2025	0.0	2.5	5	5	2.5	0.0	0.0
2025_2030	0.0	0.0	2.5	5	5	2.5	0.0
2030_2035	0.0	0.0	0.0	2.5	5	5	2.5
2035_2040	0.0	0.0	0.0	0.0	2.5	5	5
2040_2045	0.0	0.0	0.0	0.0	0.0	2.5	5
2045_2050	0.0	0.0	0.0	0.0	0.0	0.0	2.5
[SCHOOLBUS_HY_DIESEL_SD, *, *] :	2015_2020	2020_2025	2025_2030	2030_2035	2035_2040	2040_2045	2045_2050	:=
2015_2020	2.5	5	5	2.5	0.0	0.0	0.0
2020_2025	0.0	2.5	5	5	2.5	0.0	0.0
2025_2030	0.0	0.0	2.5	5	5	2.5	0.0
2030_2035	0.0	0.0	0.0	2.5	5	5	2.5
2035_2040	0.0	0.0	0.0	0.0	2.5	5	5
2040_2045	0.0	0.0	0.0	0.0	0.0	2.5	5
2045_2050	0.0	0.0	0.0	0.0	0.0	0.0	2.5
[SCHOOLBUS_PROPANE, *, *] :	2015_2020	2020_2025	2025_2030	2030_2035	2035_2040	2040_2045	2045_2050	:=
2015_2020	2.5	5	5	2.5	0.0	0.0	0.0
2020_2025	0.0	2.5	5	5	2.5	0.0	0.0
2025_2030	0.0	0.0	2.5	5	5	2.5	0.0
2030_2035	0.0	0.0	0.0	2.5	5	5	2.5
2035_2040	0.0	0.0	0.0	0.0	2.5	5	5
2040_2045	0.0	0.0	0.0	0.0	0.0	2.5	5
2045_2050	0.0	0.0	0.0	0.0	0.0	0.0	2.5
[SCHOOLBUS_PROPANE_SD, *, *] :	2015_2020	2020_2025	2025_2030	2030_2035	2035_2040	2040_2045	2045_2050	:=
2015_2020	2.5	5	5	2.5	0.0	0.0	0.0
2020_2025	0.0	2.5	5	5	2.5	0.0	0.0
2025_2030	0.0	0.0	2.5	5	5	2.5	0.0
2030_2035	0.0	0.0	0.0	2.5	5	5	2.5
2035_2040	0.0	0.0	0.0	0.0	2.5	5	5
2040_2045	0.0	0.0	0.0	0.0	0.0	2.5	5
2045_2050	0.0	0.0	0.0	0.0	0.0	0.0	2.5
[SEMI_LH_BIODIESEL_B100, *, *] :	2015_2020	2020_2025	2025_2030	2030_2035	2035_2040	2040_2045	2045_2050	:=
2015_2020	2.5	5	5	2.5	0.0	0.0	0.0
2020_2025	0.0	2.5	5	5	2.5	0.0	0.0
2025_2030	0.0	0.0	2.5	5	5	2.5	0.0
2030_2035	0.0	0.0	0.0	2.5	5	5	2.5
2035_2040	0.0	0.0	0.0	0.0	2.5	5	5
2040_2045	0.0	0.0	0.0	0.0	0.0	2.5	5
2045_2050	0.0	0.0	0.0	0.0	0.0	0.0	2.5
[SEMI_LH_BIODIESEL_B100_ELD, *, *] :	2015_2020	2020_2025	2025_2030	2030_2035	2035_2040	2040_2045	2045_2050	:=
2015_2020	2.5	5	5	2.5	0.0	0.0	0.0
2020_2025	0.0	2.5	5	5	2.5	0.0	0.0
2025_2030	0.0	0.0	2.5	5	5	2.5	0.0
2030_2035	0.0	0.0	0.0	2.5	5	5	2.5
2035_2040	0.0	0.0	0.0	0.0	2.5	5	5
2040_2045	0.0	0.0	0.0	0.0	0.0	2.5	5
2045_2050	0.0	0.0	0.0	0.0	0.0	0.0	2.5
[SEMI_LH_BIODIESEL_B100_LD, *, *] :	2015_2020	2020_2025	2025_2030	2030_2035	2035_2040	2040_2045	2045_2050	:=
2015_2020	2.5	5	5	2.5	0.0	0.0	0.0
2020_2025	0.0	2.5	5	5	2.5	0.0	0.0
2025_2030	0.0	0.0	2.5	5	5	2.5	0.0
2030_2035	0.0	0.0	0.0	2.5	5	5	2.5
2035_2040	0.0	0.0	0.0	0.0	2.5	5	5
2040_2045	0.0	0.0	0.0	0.0	0.0	2.5	5
2045_2050	0.0	0.0	0.0	0.0	0.0	0.0	2.5
[SEMI_LH_BIODIESEL_B20, *, *] :	2015_2020	2020_2025	2025_2030	2030_2035	2035_2040	2040_2045	2045_2050	:=
2015_2020	2.5	5	5	2.5	0.0	0.0	0.0
2020_2025	0.0	2.5	5	5	2.5	0.0	0.0
2025_2030	0.0	0.0	2.5	5	5	2.5	0.0
2030_2035	0.0	0.0	0.0	2.5	5	5	2.5
2035_2040	0.0	0.0	0.0	0.0	2.5	5	5
2040_2045	0.0	0.0	0.0	0.0	0.0	2.5	5
2045_2050	0.0	0.0	0.0	0.0	0.0	0.0	2.5
[SEMI_LH_BIODIESEL_B20_ELD, *, *] :	2015_2020	2020_2025	2025_2030	2030_2035	2035_2040	2040_2045	2045_2050	:=
2015_2020	2.5	5	5	2.5	0.0	0.0	0.0
2020_2025	0.0	2.5	5	5	2.5	0.0	0.0
2025_2030	0.0	0.0	2.5	5	5	2.5	0.0
2030_2035	0.0	0.0	0.0	2.5	5	5	2.5
2035_2040	0.0	0.0	0.0	0.0	2.5	5	5
2040_2045	0.0	0.0	0.0	0.0	0.0	2.5	5
2045_2050	0.0	0.0	0.0	0.0	0.0	0.0	2.5
[SEMI_LH_BIODIESEL_B20_LD, *, *] :	2015_2020	2020_2025	2025_2030	2030_2035	2035_2040	2040_2045	2045_2050	:=
2015_2020	2.5	5	5	2.5	0.0	0.0	0.0
2020_2025	0.0	2.5	5	5	2.5	0.0	0.0
2025_2030	0.0	0.0	2.5	5	5	2.5	0.0
2030_2035	0.0	0.0	0.0	2.5	5	5	2.5
2035_2040	0.0	0.0	0.0	0.0	2.5	5	5
2040_2045	0.0	0.0	0.0	0.0	0.0	2.5	5
2045_2050	0.0	0.0	0.0	0.0	0.0	0.0	2.5
[SEMI_LH_CNG, *, *] :	2015_2020	2020_2025	2025_2030	2030_2035	2035_2040	2040_2045	2045_2050	:=
2015_2020	2.5	5	5	2.5	0.0	0.0	0.0
2020_2025	0.0	2.5	5	5	2.5	0.0	0.0
2025_2030	0.0	0.0	2.5	5	5	2.5	0.0
2030_2035	0.0	0.0	0.0	2.5	5	5	2.5
2035_2040	0.0	0.0	0.0	0.0	2.5	5	5
2040_2045	0.0	0.0	0.0	0.0	0.0	2.5	5
2045_2050	0.0	0.0	0.0	0.0	0.0	0.0	2.5
[SEMI_LH_CNG_ELD, *, *] :	2015_2020	2020_2025	2025_2030	2030_2035	2035_2040	2040_2045	2045_2050	:=
2015_2020	2.5	5	5	2.5	0.0	0.0	0.0
2020_2025	0.0	2.5	5	5	2.5	0.0	0.0
2025_2030	0.0	0.0	2.5	5	5	2.5	0.0
2030_2035	0.0	0.0	0.0	2.5	5	5	2.5
2035_2040	0.0	0.0	0.0	0.0	2.5	5	5
2040_2045	0.0	0.0	0.0	0.0	0.0	2.5	5
2045_2050	0.0	0.0	0.0	0.0	0.0	0.0	2.5
[SEMI_LH_CNG_LD, *, *] :	2015_2020	2020_2025	2025_2030	2030_2035	2035_2040	2040_2045	2045_2050	:=
2015_2020	2.5	5	5	2.5	0.0	0.0	0.0
2020_2025	0.0	2.5	5	5	2.5	0.0	0.0
2025_2030	0.0	0.0	2.5	5	5	2.5	0.0
2030_2035	0.0	0.0	0.0	2.5	5	5	2.5
2035_2040	0.0	0.0	0.0	0.0	2.5	5	5
2040_2045	0.0	0.0	0.0	0.0	0.0	2.5	5
2045_2050	0.0	0.0	0.0	0.0	0.0	0.0	2.5
[SEMI_LH_CSNG, *, *] :	2015_2020	2020_2025	2025_2030	2030_2035	2035_2040	2040_2045	2045_2050	:=
2015_2020	2.5	5	5	2.5	0.0	0.0	0.0
2020_2025	0.0	2.5	5	5	2.5	0.0	0.0
2025_2030	0.0	0.0	2.5	5	5	2.5	0.0
2030_2035	0.0	0.0	0.0	2.5	5	5	2.5
2035_2040	0.0	0.0	0.0	0.0	2.5	5	5
2040_2045	0.0	0.0	0.0	0.0	0.0	2.5	5
2045_2050	0.0	0.0	0.0	0.0	0.0	0.0	2.5
[SEMI_LH_CSNG_ELD, *, *] :	2015_2020	2020_2025	2025_2030	2030_2035	2035_2040	2040_2045	2045_2050	:=
2015_2020	2.5	5	5	2.5	0.0	0.0	0.0
2020_2025	0.0	2.5	5	5	2.5	0.0	0.0
2025_2030	0.0	0.0	2.5	5	5	2.5	0.0
2030_2035	0.0	0.0	0.0	2.5	5	5	2.5
2035_2040	0.0	0.0	0.0	0.0	2.5	5	5
2040_2045	0.0	0.0	0.0	0.0	0.0	2.5	5
2045_2050	0.0	0.0	0.0	0.0	0.0	0.0	2.5
[SEMI_LH_CSNG_LD, *, *] :	2015_2020	2020_2025	2025_2030	2030_2035	2035_2040	2040_2045	2045_2050	:=
2015_2020	2.5	5	5	2.5	0.0	0.0	0.0
2020_2025	0.0	2.5	5	5	2.5	0.0	0.0
2025_2030	0.0	0.0	2.5	5	5	2.5	0.0
2030_2035	0.0	0.0	0.0	2.5	5	5	2.5
2035_2040	0.0	0.0	0.0	0.0	2.5	5	5
2040_2045	0.0	0.0	0.0	0.0	0.0	2.5	5
2045_2050	0.0	0.0	0.0	0.0	0.0	0.0	2.5
[SEMI_LH_DIESEL, *, *] :	2015_2020	2020_2025	2025_2030	2030_2035	2035_2040	2040_2045	2045_2050	:=
2015_2020	2.5	5	5	2.5	0.0	0.0	0.0
2020_2025	0.0	2.5	5	5	2.5	0.0	0.0
2025_2030	0.0	0.0	2.5	5	5	2.5	0.0
2030_2035	0.0	0.0	0.0	2.5	5	5	2.5
2035_2040	0.0	0.0	0.0	0.0	2.5	5	5
2040_2045	0.0	0.0	0.0	0.0	0.0	2.5	5
2045_2050	0.0	0.0	0.0	0.0	0.0	0.0	2.5
[SEMI_LH_DIESEL_ELD, *, *] :	2015_2020	2020_2025	2025_2030	2030_2035	2035_2040	2040_2045	2045_2050	:=
2015_2020	2.5	5	5	2.5	0.0	0.0	0.0
2020_2025	0.0	2.5	5	5	2.5	0.0	0.0
2025_2030	0.0	0.0	2.5	5	5	2.5	0.0
2030_2035	0.0	0.0	0.0	2.5	5	5	2.5
2035_2040	0.0	0.0	0.0	0.0	2.5	5	5
2040_2045	0.0	0.0	0.0	0.0	0.0	2.5	5
2045_2050	0.0	0.0	0.0	0.0	0.0	0.0	2.5
[SEMI_LH_DIESEL_LD, *, *] :	2015_2020	2020_2025	2025_2030	2030_2035	2035_2040	2040_2045	2045_2050	:=
2015_2020	2.5	5	5	2.5	0.0	0.0	0.0
2020_2025	0.0	2.5	5	5	2.5	0.0	0.0
2025_2030	0.0	0.0	2.5	5	5	2.5	0.0
2030_2035	0.0	0.0	0.0	2.5	5	5	2.5
2035_2040	0.0	0.0	0.0	0.0	2.5	5	5
2040_2045	0.0	0.0	0.0	0.0	0.0	2.5	5
2045_2050	0.0	0.0	0.0	0.0	0.0	0.0	2.5
[SEMI_LH_EV, *, *] :	2015_2020	2020_2025	2025_2030	2030_2035	2035_2040	2040_2045	2045_2050	:=
2015_2020	2.5	5	5	2.5	0.0	0.0	0.0
2020_2025	0.0	2.5	5	5	2.5	0.0	0.0
2025_2030	0.0	0.0	2.5	5	5	2.5	0.0
2030_2035	0.0	0.0	0.0	2.5	5	5	2.5
2035_2040	0.0	0.0	0.0	0.0	2.5	5	5
2040_2045	0.0	0.0	0.0	0.0	0.0	2.5	5
2045_2050	0.0	0.0	0.0	0.0	0.0	0.0	2.5
[SEMI_LH_EV_ELD, *, *] :	2015_2020	2020_2025	2025_2030	2030_2035	2035_2040	2040_2045	2045_2050	:=
2015_2020	2.5	5	5	2.5	0.0	0.0	0.0
2020_2025	0.0	2.5	5	5	2.5	0.0	0.0
2025_2030	0.0	0.0	2.5	5	5	2.5	0.0
2030_2035	0.0	0.0	0.0	2.5	5	5	2.5
2035_2040	0.0	0.0	0.0	0.0	2.5	5	5
2040_2045	0.0	0.0	0.0	0.0	0.0	2.5	5
2045_2050	0.0	0.0	0.0	0.0	0.0	0.0	2.5
[SEMI_LH_EV_LD, *, *] :	2015_2020	2020_2025	2025_2030	2030_2035	2035_2040	2040_2045	2045_2050	:=
2015_2020	2.5	5	5	2.5	0.0	0.0	0.0
2020_2025	0.0	2.5	5	5	2.5	0.0	0.0
2025_2030	0.0	0.0	2.5	5	5	2.5	0.0
2030_2035	0.0	0.0	0.0	2.5	5	5	2.5
2035_2040	0.0	0.0	0.0	0.0	2.5	5	5
2040_2045	0.0	0.0	0.0	0.0	0.0	2.5	5
2045_2050	0.0	0.0	0.0	0.0	0.0	0.0	2.5
[SEMI_LH_FC_H2, *, *] :	2015_2020	2020_2025	2025_2030	2030_2035	2035_2040	2040_2045	2045_2050	:=
2015_2020	2.5	5	5	2.5	0.0	0.0	0.0
2020_2025	0.0	2.5	5	5	2.5	0.0	0.0
2025_2030	0.0	0.0	2.5	5	5	2.5	0.0
2030_2035	0.0	0.0	0.0	2.5	5	5	2.5
2035_2040	0.0	0.0	0.0	0.0	2.5	5	5
2040_2045	0.0	0.0	0.0	0.0	0.0	2.5	5
2045_2050	0.0	0.0	0.0	0.0	0.0	0.0	2.5
[SEMI_LH_FC_H2_ELD, *, *] :	2015_2020	2020_2025	2025_2030	2030_2035	2035_2040	2040_2045	2045_2050	:=
2015_2020	2.5	5	5	2.5	0.0	0.0	0.0
2020_2025	0.0	2.5	5	5	2.5	0.0	0.0
2025_2030	0.0	0.0	2.5	5	5	2.5	0.0
2030_2035	0.0	0.0	0.0	2.5	5	5	2.5
2035_2040	0.0	0.0	0.0	0.0	2.5	5	5
2040_2045	0.0	0.0	0.0	0.0	0.0	2.5	5
2045_2050	0.0	0.0	0.0	0.0	0.0	0.0	2.5
[SEMI_LH_FC_H2_LD, *, *] :	2015_2020	2020_2025	2025_2030	2030_2035	2035_2040	2040_2045	2045_2050	:=
2015_2020	2.5	5	5	2.5	0.0	0.0	0.0
2020_2025	0.0	2.5	5	5	2.5	0.0	0.0
2025_2030	0.0	0.0	2.5	5	5	2.5	0.0
2030_2035	0.0	0.0	0.0	2.5	5	5	2.5
2035_2040	0.0	0.0	0.0	0.0	2.5	5	5
2040_2045	0.0	0.0	0.0	0.0	0.0	2.5	5
2045_2050	0.0	0.0	0.0	0.0	0.0	0.0	2.5
[SEMI_LH_HY_DIESEL, *, *] :	2015_2020	2020_2025	2025_2030	2030_2035	2035_2040	2040_2045	2045_2050	:=
2015_2020	2.5	5	5	2.5	0.0	0.0	0.0
2020_2025	0.0	2.5	5	5	2.5	0.0	0.0
2025_2030	0.0	0.0	2.5	5	5	2.5	0.0
2030_2035	0.0	0.0	0.0	2.5	5	5	2.5
2035_2040	0.0	0.0	0.0	0.0	2.5	5	5
2040_2045	0.0	0.0	0.0	0.0	0.0	2.5	5
2045_2050	0.0	0.0	0.0	0.0	0.0	0.0	2.5
[SEMI_LH_HY_DIESEL_ELD, *, *] :	2015_2020	2020_2025	2025_2030	2030_2035	2035_2040	2040_2045	2045_2050	:=
2015_2020	2.5	5	5	2.5	0.0	0.0	0.0
2020_2025	0.0	2.5	5	5	2.5	0.0	0.0
2025_2030	0.0	0.0	2.5	5	5	2.5	0.0
2030_2035	0.0	0.0	0.0	2.5	5	5	2.5
2035_2040	0.0	0.0	0.0	0.0	2.5	5	5
2040_2045	0.0	0.0	0.0	0.0	0.0	2.5	5
2045_2050	0.0	0.0	0.0	0.0	0.0	0.0	2.5
[SEMI_LH_HY_DIESEL_LD, *, *] :	2015_2020	2020_2025	2025_2030	2030_2035	2035_2040	2040_2045	2045_2050	:=
2015_2020	2.5	5	5	2.5	0.0	0.0	0.0
2020_2025	0.0	2.5	5	5	2.5	0.0	0.0
2025_2030	0.0	0.0	2.5	5	5	2.5	0.0
2030_2035	0.0	0.0	0.0	2.5	5	5	2.5
2035_2040	0.0	0.0	0.0	0.0	2.5	5	5
2040_2045	0.0	0.0	0.0	0.0	0.0	2.5	5
2045_2050	0.0	0.0	0.0	0.0	0.0	0.0	2.5
[SEMI_LH_PROPANE, *, *] :	2015_2020	2020_2025	2025_2030	2030_2035	2035_2040	2040_2045	2045_2050	:=
2015_2020	2.5	5	5	2.5	0.0	0.0	0.0
2020_2025	0.0	2.5	5	5	2.5	0.0	0.0
2025_2030	0.0	0.0	2.5	5	5	2.5	0.0
2030_2035	0.0	0.0	0.0	2.5	5	5	2.5
2035_2040	0.0	0.0	0.0	0.0	2.5	5	5
2040_2045	0.0	0.0	0.0	0.0	0.0	2.5	5
2045_2050	0.0	0.0	0.0	0.0	0.0	0.0	2.5
[SEMI_LH_PROPANE_ELD, *, *] :	2015_2020	2020_2025	2025_2030	2030_2035	2035_2040	2040_2045	2045_2050	:=
2015_2020	2.5	5	5	2.5	0.0	0.0	0.0
2020_2025	0.0	2.5	5	5	2.5	0.0	0.0
2025_2030	0.0	0.0	2.5	5	5	2.5	0.0
2030_2035	0.0	0.0	0.0	2.5	5	5	2.5
2035_2040	0.0	0.0	0.0	0.0	2.5	5	5
2040_2045	0.0	0.0	0.0	0.0	0.0	2.5	5
2045_2050	0.0	0.0	0.0	0.0	0.0	0.0	2.5
[SEMI_LH_PROPANE_LD, *, *] :	2015_2020	2020_2025	2025_2030	2030_2035	2035_2040	2040_2045	2045_2050	:=
2015_2020	2.5	5	5	2.5	0.0	0.0	0.0
2020_2025	0.0	2.5	5	5	2.5	0.0	0.0
2025_2030	0.0	0.0	2.5	5	5	2.5	0.0
2030_2035	0.0	0.0	0.0	2.5	5	5	2.5
2035_2040	0.0	0.0	0.0	0.0	2.5	5	5
2040_2045	0.0	0.0	0.0	0.0	0.0	2.5	5
2045_2050	0.0	0.0	0.0	0.0	0.0	0.0	2.5
[SEMI_SH_BIODIESEL_B100, *, *] :	2015_2020	2020_2025	2025_2030	2030_2035	2035_2040	2040_2045	2045_2050	:=
2015_2020	2.5	5	5	2.5	0.0	0.0	0.0
2020_2025	0.0	2.5	5	5	2.5	0.0	0.0
2025_2030	0.0	0.0	2.5	5	5	2.5	0.0
2030_2035	0.0	0.0	0.0	2.5	5	5	2.5
2035_2040	0.0	0.0	0.0	0.0	2.5	5	5
2040_2045	0.0	0.0	0.0	0.0	0.0	2.5	5
2045_2050	0.0	0.0	0.0	0.0	0.0	0.0	2.5
[SEMI_SH_BIODIESEL_B100_MD, *, *] :	2015_2020	2020_2025	2025_2030	2030_2035	2035_2040	2040_2045	2045_2050	:=
2015_2020	2.5	5	5	2.5	0.0	0.0	0.0
2020_2025	0.0	2.5	5	5	2.5	0.0	0.0
2025_2030	0.0	0.0	2.5	5	5	2.5	0.0
2030_2035	0.0	0.0	0.0	2.5	5	5	2.5
2035_2040	0.0	0.0	0.0	0.0	2.5	5	5
2040_2045	0.0	0.0	0.0	0.0	0.0	2.5	5
2045_2050	0.0	0.0	0.0	0.0	0.0	0.0	2.5
[SEMI_SH_BIODIESEL_B20, *, *] :	2015_2020	2020_2025	2025_2030	2030_2035	2035_2040	2040_2045	2045_2050	:=
2015_2020	2.5	5	5	2.5	0.0	0.0	0.0
2020_2025	0.0	2.5	5	5	2.5	0.0	0.0
2025_2030	0.0	0.0	2.5	5	5	2.5	0.0
2030_2035	0.0	0.0	0.0	2.5	5	5	2.5
2035_2040	0.0	0.0	0.0	0.0	2.5	5	5
2040_2045	0.0	0.0	0.0	0.0	0.0	2.5	5
2045_2050	0.0	0.0	0.0	0.0	0.0	0.0	2.5
[SEMI_SH_BIODIESEL_B20_MD, *, *] :	2015_2020	2020_2025	2025_2030	2030_2035	2035_2040	2040_2045	2045_2050	:=
2015_2020	2.5	5	5	2.5	0.0	0.0	0.0
2020_2025	0.0	2.5	5	5	2.5	0.0	0.0
2025_2030	0.0	0.0	2.5	5	5	2.5	0.0
2030_2035	0.0	0.0	0.0	2.5	5	5	2.5
2035_2040	0.0	0.0	0.0	0.0	2.5	5	5
2040_2045	0.0	0.0	0.0	0.0	0.0	2.5	5
2045_2050	0.0	0.0	0.0	0.0	0.0	0.0	2.5
[SEMI_SH_CNG, *, *] :	2015_2020	2020_2025	2025_2030	2030_2035	2035_2040	2040_2045	2045_2050	:=
2015_2020	2.5	5	5	2.5	0.0	0.0	0.0
2020_2025	0.0	2.5	5	5	2.5	0.0	0.0
2025_2030	0.0	0.0	2.5	5	5	2.5	0.0
2030_2035	0.0	0.0	0.0	2.5	5	5	2.5
2035_2040	0.0	0.0	0.0	0.0	2.5	5	5
2040_2045	0.0	0.0	0.0	0.0	0.0	2.5	5
2045_2050	0.0	0.0	0.0	0.0	0.0	0.0	2.5
[SEMI_SH_CNG_MD, *, *] :	2015_2020	2020_2025	2025_2030	2030_2035	2035_2040	2040_2045	2045_2050	:=
2015_2020	2.5	5	5	2.5	0.0	0.0	0.0
2020_2025	0.0	2.5	5	5	2.5	0.0	0.0
2025_2030	0.0	0.0	2.5	5	5	2.5	0.0
2030_2035	0.0	0.0	0.0	2.5	5	5	2.5
2035_2040	0.0	0.0	0.0	0.0	2.5	5	5
2040_2045	0.0	0.0	0.0	0.0	0.0	2.5	5
2045_2050	0.0	0.0	0.0	0.0	0.0	0.0	2.5
[SEMI_SH_CSNG, *, *] :	2015_2020	2020_2025	2025_2030	2030_2035	2035_2040	2040_2045	2045_2050	:=
2015_2020	2.5	5	5	2.5	0.0	0.0	0.0
2020_2025	0.0	2.5	5	5	2.5	0.0	0.0
2025_2030	0.0	0.0	2.5	5	5	2.5	0.0
2030_2035	0.0	0.0	0.0	2.5	5	5	2.5
2035_2040	0.0	0.0	0.0	0.0	2.5	5	5
2040_2045	0.0	0.0	0.0	0.0	0.0	2.5	5
2045_2050	0.0	0.0	0.0	0.0	0.0	0.0	2.5
[SEMI_SH_CSNG_MD, *, *] :	2015_2020	2020_2025	2025_2030	2030_2035	2035_2040	2040_2045	2045_2050	:=
2015_2020	2.5	5	5	2.5	0.0	0.0	0.0
2020_2025	0.0	2.5	5	5	2.5	0.0	0.0
2025_2030	0.0	0.0	2.5	5	5	2.5	0.0
2030_2035	0.0	0.0	0.0	2.5	5	5	2.5
2035_2040	0.0	0.0	0.0	0.0	2.5	5	5
2040_2045	0.0	0.0	0.0	0.0	0.0	2.5	5
2045_2050	0.0	0.0	0.0	0.0	0.0	0.0	2.5
[SEMI_SH_DIESEL, *, *] :	2015_2020	2020_2025	2025_2030	2030_2035	2035_2040	2040_2045	2045_2050	:=
2015_2020	2.5	5	5	2.5	0.0	0.0	0.0
2020_2025	0.0	2.5	5	5	2.5	0.0	0.0
2025_2030	0.0	0.0	2.5	5	5	2.5	0.0
2030_2035	0.0	0.0	0.0	2.5	5	5	2.5
2035_2040	0.0	0.0	0.0	0.0	2.5	5	5
2040_2045	0.0	0.0	0.0	0.0	0.0	2.5	5
2045_2050	0.0	0.0	0.0	0.0	0.0	0.0	2.5
[SEMI_SH_DIESEL_MD, *, *] :	2015_2020	2020_2025	2025_2030	2030_2035	2035_2040	2040_2045	2045_2050	:=
2015_2020	2.5	5	5	2.5	0.0	0.0	0.0
2020_2025	0.0	2.5	5	5	2.5	0.0	0.0
2025_2030	0.0	0.0	2.5	5	5	2.5	0.0
2030_2035	0.0	0.0	0.0	2.5	5	5	2.5
2035_2040	0.0	0.0	0.0	0.0	2.5	5	5
2040_2045	0.0	0.0	0.0	0.0	0.0	2.5	5
2045_2050	0.0	0.0	0.0	0.0	0.0	0.0	2.5
[SEMI_SH_EV, *, *] :	2015_2020	2020_2025	2025_2030	2030_2035	2035_2040	2040_2045	2045_2050	:=
2015_2020	2.5	5	5	2.5	0.0	0.0	0.0
2020_2025	0.0	2.5	5	5	2.5	0.0	0.0
2025_2030	0.0	0.0	2.5	5	5	2.5	0.0
2030_2035	0.0	0.0	0.0	2.5	5	5	2.5
2035_2040	0.0	0.0	0.0	0.0	2.5	5	5
2040_2045	0.0	0.0	0.0	0.0	0.0	2.5	5
2045_2050	0.0	0.0	0.0	0.0	0.0	0.0	2.5
[SEMI_SH_EV_MD, *, *] :	2015_2020	2020_2025	2025_2030	2030_2035	2035_2040	2040_2045	2045_2050	:=
2015_2020	2.5	5	5	2.5	0.0	0.0	0.0
2020_2025	0.0	2.5	5	5	2.5	0.0	0.0
2025_2030	0.0	0.0	2.5	5	5	2.5	0.0
2030_2035	0.0	0.0	0.0	2.5	5	5	2.5
2035_2040	0.0	0.0	0.0	0.0	2.5	5	5
2040_2045	0.0	0.0	0.0	0.0	0.0	2.5	5
2045_2050	0.0	0.0	0.0	0.0	0.0	0.0	2.5
[SEMI_SH_FC_H2, *, *] :	2015_2020	2020_2025	2025_2030	2030_2035	2035_2040	2040_2045	2045_2050	:=
2015_2020	2.5	5	5	2.5	0.0	0.0	0.0
2020_2025	0.0	2.5	5	5	2.5	0.0	0.0
2025_2030	0.0	0.0	2.5	5	5	2.5	0.0
2030_2035	0.0	0.0	0.0	2.5	5	5	2.5
2035_2040	0.0	0.0	0.0	0.0	2.5	5	5
2040_2045	0.0	0.0	0.0	0.0	0.0	2.5	5
2045_2050	0.0	0.0	0.0	0.0	0.0	0.0	2.5
[SEMI_SH_FC_H2_MD, *, *] :	2015_2020	2020_2025	2025_2030	2030_2035	2035_2040	2040_2045	2045_2050	:=
2015_2020	2.5	5	5	2.5	0.0	0.0	0.0
2020_2025	0.0	2.5	5	5	2.5	0.0	0.0
2025_2030	0.0	0.0	2.5	5	5	2.5	0.0
2030_2035	0.0	0.0	0.0	2.5	5	5	2.5
2035_2040	0.0	0.0	0.0	0.0	2.5	5	5
2040_2045	0.0	0.0	0.0	0.0	0.0	2.5	5
2045_2050	0.0	0.0	0.0	0.0	0.0	0.0	2.5
[SEMI_SH_HY_DIESEL, *, *] :	2015_2020	2020_2025	2025_2030	2030_2035	2035_2040	2040_2045	2045_2050	:=
2015_2020	2.5	5	5	2.5	0.0	0.0	0.0
2020_2025	0.0	2.5	5	5	2.5	0.0	0.0
2025_2030	0.0	0.0	2.5	5	5	2.5	0.0
2030_2035	0.0	0.0	0.0	2.5	5	5	2.5
2035_2040	0.0	0.0	0.0	0.0	2.5	5	5
2040_2045	0.0	0.0	0.0	0.0	0.0	2.5	5
2045_2050	0.0	0.0	0.0	0.0	0.0	0.0	2.5
[SEMI_SH_HY_DIESEL_MD, *, *] :	2015_2020	2020_2025	2025_2030	2030_2035	2035_2040	2040_2045	2045_2050	:=
2015_2020	2.5	5	5	2.5	0.0	0.0	0.0
2020_2025	0.0	2.5	5	5	2.5	0.0	0.0
2025_2030	0.0	0.0	2.5	5	5	2.5	0.0
2030_2035	0.0	0.0	0.0	2.5	5	5	2.5
2035_2040	0.0	0.0	0.0	0.0	2.5	5	5
2040_2045	0.0	0.0	0.0	0.0	0.0	2.5	5
2045_2050	0.0	0.0	0.0	0.0	0.0	0.0	2.5
[SEMI_SH_PROPANE, *, *] :	2015_2020	2020_2025	2025_2030	2030_2035	2035_2040	2040_2045	2045_2050	:=
2015_2020	2.5	5	5	2.5	0.0	0.0	0.0
2020_2025	0.0	2.5	5	5	2.5	0.0	0.0
2025_2030	0.0	0.0	2.5	5	5	2.5	0.0
2030_2035	0.0	0.0	0.0	2.5	5	5	2.5
2035_2040	0.0	0.0	0.0	0.0	2.5	5	5
2040_2045	0.0	0.0	0.0	0.0	0.0	2.5	5
2045_2050	0.0	0.0	0.0	0.0	0.0	0.0	2.5
[SEMI_SH_PROPANE_MD, *, *] :	2015_2020	2020_2025	2025_2030	2030_2035	2035_2040	2040_2045	2045_2050	:=
2015_2020	2.5	5	5	2.5	0.0	0.0	0.0
2020_2025	0.0	2.5	5	5	2.5	0.0	0.0
2025_2030	0.0	0.0	2.5	5	5	2.5	0.0
2030_2035	0.0	0.0	0.0	2.5	5	5	2.5
2035_2040	0.0	0.0	0.0	0.0	2.5	5	5
2040_2045	0.0	0.0	0.0	0.0	0.0	2.5	5
2045_2050	0.0	0.0	0.0	0.0	0.0	0.0	2.5
[SMART_PROCESS, *, *] :	2015_2020	2020_2025	2025_2030	2030_2035	2035_2040	2040_2045	2045_2050	:=
2015_2020	2.5	5	5	5	5	2.5	0.0
2020_2025	0.0	2.5	5	5	5	5	2.5
2025_2030	0.0	0.0	2.5	5	5	5	5
2030_2035	0.0	0.0	0.0	2.5	5	5	5
2035_2040	0.0	0.0	0.0	0.0	2.5	5	5
2040_2045	0.0	0.0	0.0	0.0	0.0	2.5	5
2045_2050	0.0	0.0	0.0	0.0	0.0	0.0	2.5
[SMR, *, *] :	2015_2020	2020_2025	2025_2030	2030_2035	2035_2040	2040_2045	2045_2050	:=
2015_2020	2.5	5	5	5	5	5	2.5
2020_2025	0.0	2.5	5	5	5	5	5
2025_2030	0.0	0.0	2.5	5	5	5	5
2030_2035	0.0	0.0	0.0	2.5	5	5	5
2035_2040	0.0	0.0	0.0	0.0	2.5	5	5
2040_2045	0.0	0.0	0.0	0.0	0.0	2.5	5
2045_2050	0.0	0.0	0.0	0.0	0.0	0.0	2.5
[SMR_CCS, *, *] :	2015_2020	2020_2025	2025_2030	2030_2035	2035_2040	2040_2045	2045_2050	:=
2015_2020	2.5	5	5	5	5	5	2.5
2020_2025	0.0	2.5	5	5	5	5	5
2025_2030	0.0	0.0	2.5	5	5	5	5
2030_2035	0.0	0.0	0.0	2.5	5	5	5
2035_2040	0.0	0.0	0.0	0.0	2.5	5	5
2040_2045	0.0	0.0	0.0	0.0	0.0	2.5	5
2045_2050	0.0	0.0	0.0	0.0	0.0	0.0	2.5
[SNG_COMP_HE, *, *] :	2015_2020	2020_2025	2025_2030	2030_2035	2035_2040	2040_2045	2045_2050	:=
2015_2020	2.5	5	5	5	5	5	5
2020_2025	0.0	2.5	5	5	5	5	5
2025_2030	0.0	0.0	2.5	5	5	5	5
2030_2035	0.0	0.0	0.0	2.5	5	5	5
2035_2040	0.0	0.0	0.0	0.0	2.5	5	5
2040_2045	0.0	0.0	0.0	0.0	0.0	2.5	5
2045_2050	0.0	0.0	0.0	0.0	0.0	0.0	2.5
[SNG_COMP_LM, *, *] :	2015_2020	2020_2025	2025_2030	2030_2035	2035_2040	2040_2045	2045_2050	:=
2015_2020	2.5	5	5	5	5	5	5
2020_2025	0.0	2.5	5	5	5	5	5
2025_2030	0.0	0.0	2.5	5	5	5	5
2030_2035	0.0	0.0	0.0	2.5	5	5	5
2035_2040	0.0	0.0	0.0	0.0	2.5	5	5
2040_2045	0.0	0.0	0.0	0.0	0.0	2.5	5
2045_2050	0.0	0.0	0.0	0.0	0.0	0.0	2.5
[SNG_COMP_MH, *, *] :	2015_2020	2020_2025	2025_2030	2030_2035	2035_2040	2040_2045	2045_2050	:=
2015_2020	2.5	5	5	5	5	5	5
2020_2025	0.0	2.5	5	5	5	5	5
2025_2030	0.0	0.0	2.5	5	5	5	5
2030_2035	0.0	0.0	0.0	2.5	5	5	5
2035_2040	0.0	0.0	0.0	0.0	2.5	5	5
2040_2045	0.0	0.0	0.0	0.0	0.0	2.5	5
2045_2050	0.0	0.0	0.0	0.0	0.0	0.0	2.5
[SNG_EXP_EH, *, *] :	2015_2020	2020_2025	2025_2030	2030_2035	2035_2040	2040_2045	2045_2050	:=
2015_2020	2.5	5	5	5	5	5	5
2020_2025	0.0	2.5	5	5	5	5	5
2025_2030	0.0	0.0	2.5	5	5	5	5
2030_2035	0.0	0.0	0.0	2.5	5	5	5
2035_2040	0.0	0.0	0.0	0.0	2.5	5	5
2040_2045	0.0	0.0	0.0	0.0	0.0	2.5	5
2045_2050	0.0	0.0	0.0	0.0	0.0	0.0	2.5
[SNG_EXP_EH_COGEN, *, *] :	2015_2020	2020_2025	2025_2030	2030_2035	2035_2040	2040_2045	2045_2050	:=
2015_2020	2.5	5	5	5	5	5	5
2020_2025	0.0	2.5	5	5	5	5	5
2025_2030	0.0	0.0	2.5	5	5	5	5
2030_2035	0.0	0.0	0.0	2.5	5	5	5
2035_2040	0.0	0.0	0.0	0.0	2.5	5	5
2040_2045	0.0	0.0	0.0	0.0	0.0	2.5	5
2045_2050	0.0	0.0	0.0	0.0	0.0	0.0	2.5
[SNG_EXP_HM, *, *] :	2015_2020	2020_2025	2025_2030	2030_2035	2035_2040	2040_2045	2045_2050	:=
2015_2020	2.5	5	5	5	5	5	5
2020_2025	0.0	2.5	5	5	5	5	5
2025_2030	0.0	0.0	2.5	5	5	5	5
2030_2035	0.0	0.0	0.0	2.5	5	5	5
2035_2040	0.0	0.0	0.0	0.0	2.5	5	5
2040_2045	0.0	0.0	0.0	0.0	0.0	2.5	5
2045_2050	0.0	0.0	0.0	0.0	0.0	0.0	2.5
[SNG_EXP_HM_COGEN, *, *] :	2015_2020	2020_2025	2025_2030	2030_2035	2035_2040	2040_2045	2045_2050	:=
2015_2020	2.5	5	5	5	5	5	5
2020_2025	0.0	2.5	5	5	5	5	5
2025_2030	0.0	0.0	2.5	5	5	5	5
2030_2035	0.0	0.0	0.0	2.5	5	5	5
2035_2040	0.0	0.0	0.0	0.0	2.5	5	5
2040_2045	0.0	0.0	0.0	0.0	0.0	2.5	5
2045_2050	0.0	0.0	0.0	0.0	0.0	0.0	2.5
[SNG_EXP_ML, *, *] :	2015_2020	2020_2025	2025_2030	2030_2035	2035_2040	2040_2045	2045_2050	:=
2015_2020	2.5	5	5	5	5	5	5
2020_2025	0.0	2.5	5	5	5	5	5
2025_2030	0.0	0.0	2.5	5	5	5	5
2030_2035	0.0	0.0	0.0	2.5	5	5	5
2035_2040	0.0	0.0	0.0	0.0	2.5	5	5
2040_2045	0.0	0.0	0.0	0.0	0.0	2.5	5
2045_2050	0.0	0.0	0.0	0.0	0.0	0.0	2.5
[SNG_EXP_ML_COGEN, *, *] :	2015_2020	2020_2025	2025_2030	2030_2035	2035_2040	2040_2045	2045_2050	:=
2015_2020	2.5	5	5	5	5	5	5
2020_2025	0.0	2.5	5	5	5	5	5
2025_2030	0.0	0.0	2.5	5	5	5	5
2030_2035	0.0	0.0	0.0	2.5	5	5	5
2035_2040	0.0	0.0	0.0	0.0	2.5	5	5
2040_2045	0.0	0.0	0.0	0.0	0.0	2.5	5
2045_2050	0.0	0.0	0.0	0.0	0.0	0.0	2.5
[SNG_PYROLYSIS_PLASMA, *, *] :	2015_2020	2020_2025	2025_2030	2030_2035	2035_2040	2040_2045	2045_2050	:=
2015_2020	2.5	5	5	5	5	2.5	0.0
2020_2025	0.0	2.5	5	5	5	5	2.5
2025_2030	0.0	0.0	2.5	5	5	5	5
2030_2035	0.0	0.0	0.0	2.5	5	5	5
2035_2040	0.0	0.0	0.0	0.0	2.5	5	5
2040_2045	0.0	0.0	0.0	0.0	0.0	2.5	5
2045_2050	0.0	0.0	0.0	0.0	0.0	0.0	2.5
[SNG_PYROLYSIS_THERMAL, *, *] :	2015_2020	2020_2025	2025_2030	2030_2035	2035_2040	2040_2045	2045_2050	:=
2015_2020	2.5	5	5	5	5	2.5	0.0
2020_2025	0.0	2.5	5	5	5	5	2.5
2025_2030	0.0	0.0	2.5	5	5	5	5
2030_2035	0.0	0.0	0.0	2.5	5	5	5
2035_2040	0.0	0.0	0.0	0.0	2.5	5	5
2040_2045	0.0	0.0	0.0	0.0	0.0	2.5	5
2045_2050	0.0	0.0	0.0	0.0	0.0	0.0	2.5
[SNG_REFORMING, *, *] :	2015_2020	2020_2025	2025_2030	2030_2035	2035_2040	2040_2045	2045_2050	:=
2015_2020	2.5	5	5	5	5	2.5	0.0
2020_2025	0.0	2.5	5	5	5	5	2.5
2025_2030	0.0	0.0	2.5	5	5	5	5
2030_2035	0.0	0.0	0.0	2.5	5	5	5
2035_2040	0.0	0.0	0.0	0.0	2.5	5	5
2040_2045	0.0	0.0	0.0	0.0	0.0	2.5	5
2045_2050	0.0	0.0	0.0	0.0	0.0	0.0	2.5
[SNG_STO, *, *] :	2015_2020	2020_2025	2025_2030	2030_2035	2035_2040	2040_2045	2045_2050	:=
2015_2020	2.5	5	5	5	5	2.5	0.0
2020_2025	0.0	2.5	5	5	5	5	2.5
2025_2030	0.0	0.0	2.5	5	5	5	5
2030_2035	0.0	0.0	0.0	2.5	5	5	5
2035_2040	0.0	0.0	0.0	0.0	2.5	5	5
2040_2045	0.0	0.0	0.0	0.0	0.0	2.5	5
2045_2050	0.0	0.0	0.0	0.0	0.0	0.0	2.5
[SOEC_ELECTROLYSIS, *, *] :	2015_2020	2020_2025	2025_2030	2030_2035	2035_2040	2040_2045	2045_2050	:=
2015_2020	2.5	5	2.5	0.0	0.0	0.0	0.0
2020_2025	0.0	2.5	5	2.5	0.0	0.0	0.0
2025_2030	0.0	0.0	2.5	5	2.5	0.0	0.0
2030_2035	0.0	0.0	0.0	2.5	5	2.5	0.0
2035_2040	0.0	0.0	0.0	0.0	2.5	5	2.5
2040_2045	0.0	0.0	0.0	0.0	0.0	2.5	5
2045_2050	0.0	0.0	0.0	0.0	0.0	0.0	2.5
[SOFC, *, *] :	2015_2020	2020_2025	2025_2030	2030_2035	2035_2040	2040_2045	2045_2050	:=
2015_2020	2.5	5	5	5	2.5	0.0	0.0
2020_2025	0.0	2.5	5	5	5	2.5	0.0
2025_2030	0.0	0.0	2.5	5	5	5	2.5
2030_2035	0.0	0.0	0.0	2.5	5	5	5
2035_2040	0.0	0.0	0.0	0.0	2.5	5	5
2040_2045	0.0	0.0	0.0	0.0	0.0	2.5	5
2045_2050	0.0	0.0	0.0	0.0	0.0	0.0	2.5
[STEEL_MAKING, *, *] :	2015_2020	2020_2025	2025_2030	2030_2035	2035_2040	2040_2045	2045_2050	:=
2015_2020	2.5	5	5	5	5	2.5	0.0
2020_2025	0.0	2.5	5	5	5	5	2.5
2025_2030	0.0	0.0	2.5	5	5	5	5
2030_2035	0.0	0.0	0.0	2.5	5	5	5
2035_2040	0.0	0.0	0.0	0.0	2.5	5	5
2040_2045	0.0	0.0	0.0	0.0	0.0	2.5	5
2045_2050	0.0	0.0	0.0	0.0	0.0	0.0	2.5
[STEEL_MAKING_HP, *, *] :	2015_2020	2020_2025	2025_2030	2030_2035	2035_2040	2040_2045	2045_2050	:=
2015_2020	2.5	5	5	5	5	2.5	0.0
2020_2025	0.0	2.5	5	5	5	5	2.5
2025_2030	0.0	0.0	2.5	5	5	5	5
2030_2035	0.0	0.0	0.0	2.5	5	5	5
2035_2040	0.0	0.0	0.0	0.0	2.5	5	5
2040_2045	0.0	0.0	0.0	0.0	0.0	2.5	5
2045_2050	0.0	0.0	0.0	0.0	0.0	0.0	2.5
[STEEL_MAKING_HR, *, *] :	2015_2020	2020_2025	2025_2030	2030_2035	2035_2040	2040_2045	2045_2050	:=
2015_2020	2.5	5	5	5	5	2.5	0.0
2020_2025	0.0	2.5	5	5	5	5	2.5
2025_2030	0.0	0.0	2.5	5	5	5	5
2030_2035	0.0	0.0	0.0	2.5	5	5	5
2035_2040	0.0	0.0	0.0	0.0	2.5	5	5
2040_2045	0.0	0.0	0.0	0.0	0.0	2.5	5
2045_2050	0.0	0.0	0.0	0.0	0.0	0.0	2.5
[STO_CO2, *, *] :	2015_2020	2020_2025	2025_2030	2030_2035	2035_2040	2040_2045	2045_2050	:=
2015_2020	2.5	5	5	5	2.5	0.0	0.0
2020_2025	0.0	2.5	5	5	5	2.5	0.0
2025_2030	0.0	0.0	2.5	5	5	5	2.5
2030_2035	0.0	0.0	0.0	2.5	5	5	5
2035_2040	0.0	0.0	0.0	0.0	2.5	5	5
2040_2045	0.0	0.0	0.0	0.0	0.0	2.5	5
2045_2050	0.0	0.0	0.0	0.0	0.0	0.0	2.5
[STO_DIE, *, *] :	2015_2020	2020_2025	2025_2030	2030_2035	2035_2040	2040_2045	2045_2050	:=
2015_2020	2.5	5	5	5	5	5	2.5
2020_2025	0.0	2.5	5	5	5	5	5
2025_2030	0.0	0.0	2.5	5	5	5	5
2030_2035	0.0	0.0	0.0	2.5	5	5	5
2035_2040	0.0	0.0	0.0	0.0	2.5	5	5
2040_2045	0.0	0.0	0.0	0.0	0.0	2.5	5
2045_2050	0.0	0.0	0.0	0.0	0.0	0.0	2.5
[STO_ELEC, *, *] :	2015_2020	2020_2025	2025_2030	2030_2035	2035_2040	2040_2045	2045_2050	:=
2015_2020	2.5	5	5	5	5	5	2.5
2020_2025	0.0	2.5	5	5	5	5	5
2025_2030	0.0	0.0	2.5	5	5	5	5
2030_2035	0.0	0.0	0.0	2.5	5	5	5
2035_2040	0.0	0.0	0.0	0.0	2.5	5	5
2040_2045	0.0	0.0	0.0	0.0	0.0	2.5	5
2045_2050	0.0	0.0	0.0	0.0	0.0	0.0	2.5
[STO_GASO, *, *] :	2015_2020	2020_2025	2025_2030	2030_2035	2035_2040	2040_2045	2045_2050	:=
2015_2020	2.5	5	5	5	5	5	2.5
2020_2025	0.0	2.5	5	5	5	5	5
2025_2030	0.0	0.0	2.5	5	5	5	5
2030_2035	0.0	0.0	0.0	2.5	5	5	5
2035_2040	0.0	0.0	0.0	0.0	2.5	5	5
2040_2045	0.0	0.0	0.0	0.0	0.0	2.5	5
2045_2050	0.0	0.0	0.0	0.0	0.0	0.0	2.5
[STO_H2, *, *] :	2015_2020	2020_2025	2025_2030	2030_2035	2035_2040	2040_2045	2045_2050	:=
2015_2020	2.5	5	5	5	5	2.5	0.0
2020_2025	0.0	2.5	5	5	5	5	2.5
2025_2030	0.0	0.0	2.5	5	5	5	5
2030_2035	0.0	0.0	0.0	2.5	5	5	5
2035_2040	0.0	0.0	0.0	0.0	2.5	5	5
2040_2045	0.0	0.0	0.0	0.0	0.0	2.5	5
2045_2050	0.0	0.0	0.0	0.0	0.0	0.0	2.5
[STO_NG, *, *] :	2015_2020	2020_2025	2025_2030	2030_2035	2035_2040	2040_2045	2045_2050	:=
2015_2020	2.5	5	5	5	5	2.5	0.0
2020_2025	0.0	2.5	5	5	5	5	2.5
2025_2030	0.0	0.0	2.5	5	5	5	5
2030_2035	0.0	0.0	0.0	2.5	5	5	5
2035_2040	0.0	0.0	0.0	0.0	2.5	5	5
2040_2045	0.0	0.0	0.0	0.0	0.0	2.5	5
2045_2050	0.0	0.0	0.0	0.0	0.0	0.0	2.5
[STO_SNG, *, *] :	2015_2020	2020_2025	2025_2030	2030_2035	2035_2040	2040_2045	2045_2050	:=
2015_2020	2.5	5	5	5	5	2.5	0.0
2020_2025	0.0	2.5	5	5	5	5	2.5
2025_2030	0.0	0.0	2.5	5	5	5	5
2030_2035	0.0	0.0	0.0	2.5	5	5	5
2035_2040	0.0	0.0	0.0	0.0	2.5	5	5
2040_2045	0.0	0.0	0.0	0.0	0.0	2.5	5
2045_2050	0.0	0.0	0.0	0.0	0.0	0.0	2.5
[STYRENE_POLYMERIZATION, *, *] :	2015_2020	2020_2025	2025_2030	2030_2035	2035_2040	2040_2045	2045_2050	:=
2015_2020	2.5	5	5	5	5	2.5	0.0
2020_2025	0.0	2.5	5	5	5	5	2.5
2025_2030	0.0	0.0	2.5	5	5	5	5
2030_2035	0.0	0.0	0.0	2.5	5	5	5
2035_2040	0.0	0.0	0.0	0.0	2.5	5	5
2040_2045	0.0	0.0	0.0	0.0	0.0	2.5	5
2045_2050	0.0	0.0	0.0	0.0	0.0	0.0	2.5
[SUV_BIODIESEL_B100, *, *] :	2015_2020	2020_2025	2025_2030	2030_2035	2035_2040	2040_2045	2045_2050	:=
2015_2020	2.5	5	5	2.5	0.0	0.0	0.0
2020_2025	0.0	2.5	5	5	2.5	0.0	0.0
2025_2030	0.0	0.0	2.5	5	5	2.5	0.0
2030_2035	0.0	0.0	0.0	2.5	5	5	2.5
2035_2040	0.0	0.0	0.0	0.0	2.5	5	5
2040_2045	0.0	0.0	0.0	0.0	0.0	2.5	5
2045_2050	0.0	0.0	0.0	0.0	0.0	0.0	2.5
[SUV_BIODIESEL_B100_ELD, *, *] :	2015_2020	2020_2025	2025_2030	2030_2035	2035_2040	2040_2045	2045_2050	:=
2015_2020	2.5	5	5	2.5	0.0	0.0	0.0
2020_2025	0.0	2.5	5	5	2.5	0.0	0.0
2025_2030	0.0	0.0	2.5	5	5	2.5	0.0
2030_2035	0.0	0.0	0.0	2.5	5	5	2.5
2035_2040	0.0	0.0	0.0	0.0	2.5	5	5
2040_2045	0.0	0.0	0.0	0.0	0.0	2.5	5
2045_2050	0.0	0.0	0.0	0.0	0.0	0.0	2.5
[SUV_BIODIESEL_B100_LD, *, *] :	2015_2020	2020_2025	2025_2030	2030_2035	2035_2040	2040_2045	2045_2050	:=
2015_2020	2.5	5	5	2.5	0.0	0.0	0.0
2020_2025	0.0	2.5	5	5	2.5	0.0	0.0
2025_2030	0.0	0.0	2.5	5	5	2.5	0.0
2030_2035	0.0	0.0	0.0	2.5	5	5	2.5
2035_2040	0.0	0.0	0.0	0.0	2.5	5	5
2040_2045	0.0	0.0	0.0	0.0	0.0	2.5	5
2045_2050	0.0	0.0	0.0	0.0	0.0	0.0	2.5
[SUV_BIODIESEL_B100_MD, *, *] :	2015_2020	2020_2025	2025_2030	2030_2035	2035_2040	2040_2045	2045_2050	:=
2015_2020	2.5	5	5	2.5	0.0	0.0	0.0
2020_2025	0.0	2.5	5	5	2.5	0.0	0.0
2025_2030	0.0	0.0	2.5	5	5	2.5	0.0
2030_2035	0.0	0.0	0.0	2.5	5	5	2.5
2035_2040	0.0	0.0	0.0	0.0	2.5	5	5
2040_2045	0.0	0.0	0.0	0.0	0.0	2.5	5
2045_2050	0.0	0.0	0.0	0.0	0.0	0.0	2.5
[SUV_BIODIESEL_B100_SD, *, *] :	2015_2020	2020_2025	2025_2030	2030_2035	2035_2040	2040_2045	2045_2050	:=
2015_2020	2.5	5	5	2.5	0.0	0.0	0.0
2020_2025	0.0	2.5	5	5	2.5	0.0	0.0
2025_2030	0.0	0.0	2.5	5	5	2.5	0.0
2030_2035	0.0	0.0	0.0	2.5	5	5	2.5
2035_2040	0.0	0.0	0.0	0.0	2.5	5	5
2040_2045	0.0	0.0	0.0	0.0	0.0	2.5	5
2045_2050	0.0	0.0	0.0	0.0	0.0	0.0	2.5
[SUV_BIODIESEL_B20, *, *] :	2015_2020	2020_2025	2025_2030	2030_2035	2035_2040	2040_2045	2045_2050	:=
2015_2020	2.5	5	5	2.5	0.0	0.0	0.0
2020_2025	0.0	2.5	5	5	2.5	0.0	0.0
2025_2030	0.0	0.0	2.5	5	5	2.5	0.0
2030_2035	0.0	0.0	0.0	2.5	5	5	2.5
2035_2040	0.0	0.0	0.0	0.0	2.5	5	5
2040_2045	0.0	0.0	0.0	0.0	0.0	2.5	5
2045_2050	0.0	0.0	0.0	0.0	0.0	0.0	2.5
[SUV_BIODIESEL_B20_ELD, *, *] :	2015_2020	2020_2025	2025_2030	2030_2035	2035_2040	2040_2045	2045_2050	:=
2015_2020	2.5	5	5	2.5	0.0	0.0	0.0
2020_2025	0.0	2.5	5	5	2.5	0.0	0.0
2025_2030	0.0	0.0	2.5	5	5	2.5	0.0
2030_2035	0.0	0.0	0.0	2.5	5	5	2.5
2035_2040	0.0	0.0	0.0	0.0	2.5	5	5
2040_2045	0.0	0.0	0.0	0.0	0.0	2.5	5
2045_2050	0.0	0.0	0.0	0.0	0.0	0.0	2.5
[SUV_BIODIESEL_B20_LD, *, *] :	2015_2020	2020_2025	2025_2030	2030_2035	2035_2040	2040_2045	2045_2050	:=
2015_2020	2.5	5	5	2.5	0.0	0.0	0.0
2020_2025	0.0	2.5	5	5	2.5	0.0	0.0
2025_2030	0.0	0.0	2.5	5	5	2.5	0.0
2030_2035	0.0	0.0	0.0	2.5	5	5	2.5
2035_2040	0.0	0.0	0.0	0.0	2.5	5	5
2040_2045	0.0	0.0	0.0	0.0	0.0	2.5	5
2045_2050	0.0	0.0	0.0	0.0	0.0	0.0	2.5
[SUV_BIODIESEL_B20_MD, *, *] :	2015_2020	2020_2025	2025_2030	2030_2035	2035_2040	2040_2045	2045_2050	:=
2015_2020	2.5	5	5	2.5	0.0	0.0	0.0
2020_2025	0.0	2.5	5	5	2.5	0.0	0.0
2025_2030	0.0	0.0	2.5	5	5	2.5	0.0
2030_2035	0.0	0.0	0.0	2.5	5	5	2.5
2035_2040	0.0	0.0	0.0	0.0	2.5	5	5
2040_2045	0.0	0.0	0.0	0.0	0.0	2.5	5
2045_2050	0.0	0.0	0.0	0.0	0.0	0.0	2.5
[SUV_BIODIESEL_B20_SD, *, *] :	2015_2020	2020_2025	2025_2030	2030_2035	2035_2040	2040_2045	2045_2050	:=
2015_2020	2.5	5	5	2.5	0.0	0.0	0.0
2020_2025	0.0	2.5	5	5	2.5	0.0	0.0
2025_2030	0.0	0.0	2.5	5	5	2.5	0.0
2030_2035	0.0	0.0	0.0	2.5	5	5	2.5
2035_2040	0.0	0.0	0.0	0.0	2.5	5	5
2040_2045	0.0	0.0	0.0	0.0	0.0	2.5	5
2045_2050	0.0	0.0	0.0	0.0	0.0	0.0	2.5
[SUV_BIOETOH_E10, *, *] :	2015_2020	2020_2025	2025_2030	2030_2035	2035_2040	2040_2045	2045_2050	:=
2015_2020	2.5	5	5	2.5	0.0	0.0	0.0
2020_2025	0.0	2.5	5	5	2.5	0.0	0.0
2025_2030	0.0	0.0	2.5	5	5	2.5	0.0
2030_2035	0.0	0.0	0.0	2.5	5	5	2.5
2035_2040	0.0	0.0	0.0	0.0	2.5	5	5
2040_2045	0.0	0.0	0.0	0.0	0.0	2.5	5
2045_2050	0.0	0.0	0.0	0.0	0.0	0.0	2.5
[SUV_BIOETOH_E10_ELD, *, *] :	2015_2020	2020_2025	2025_2030	2030_2035	2035_2040	2040_2045	2045_2050	:=
2015_2020	2.5	5	5	2.5	0.0	0.0	0.0
2020_2025	0.0	2.5	5	5	2.5	0.0	0.0
2025_2030	0.0	0.0	2.5	5	5	2.5	0.0
2030_2035	0.0	0.0	0.0	2.5	5	5	2.5
2035_2040	0.0	0.0	0.0	0.0	2.5	5	5
2040_2045	0.0	0.0	0.0	0.0	0.0	2.5	5
2045_2050	0.0	0.0	0.0	0.0	0.0	0.0	2.5
[SUV_BIOETOH_E10_LD, *, *] :	2015_2020	2020_2025	2025_2030	2030_2035	2035_2040	2040_2045	2045_2050	:=
2015_2020	2.5	5	5	2.5	0.0	0.0	0.0
2020_2025	0.0	2.5	5	5	2.5	0.0	0.0
2025_2030	0.0	0.0	2.5	5	5	2.5	0.0
2030_2035	0.0	0.0	0.0	2.5	5	5	2.5
2035_2040	0.0	0.0	0.0	0.0	2.5	5	5
2040_2045	0.0	0.0	0.0	0.0	0.0	2.5	5
2045_2050	0.0	0.0	0.0	0.0	0.0	0.0	2.5
[SUV_BIOETOH_E10_MD, *, *] :	2015_2020	2020_2025	2025_2030	2030_2035	2035_2040	2040_2045	2045_2050	:=
2015_2020	2.5	5	5	2.5	0.0	0.0	0.0
2020_2025	0.0	2.5	5	5	2.5	0.0	0.0
2025_2030	0.0	0.0	2.5	5	5	2.5	0.0
2030_2035	0.0	0.0	0.0	2.5	5	5	2.5
2035_2040	0.0	0.0	0.0	0.0	2.5	5	5
2040_2045	0.0	0.0	0.0	0.0	0.0	2.5	5
2045_2050	0.0	0.0	0.0	0.0	0.0	0.0	2.5
[SUV_BIOETOH_E10_SD, *, *] :	2015_2020	2020_2025	2025_2030	2030_2035	2035_2040	2040_2045	2045_2050	:=
2015_2020	2.5	5	5	2.5	0.0	0.0	0.0
2020_2025	0.0	2.5	5	5	2.5	0.0	0.0
2025_2030	0.0	0.0	2.5	5	5	2.5	0.0
2030_2035	0.0	0.0	0.0	2.5	5	5	2.5
2035_2040	0.0	0.0	0.0	0.0	2.5	5	5
2040_2045	0.0	0.0	0.0	0.0	0.0	2.5	5
2045_2050	0.0	0.0	0.0	0.0	0.0	0.0	2.5
[SUV_BIOETOH_E85, *, *] :	2015_2020	2020_2025	2025_2030	2030_2035	2035_2040	2040_2045	2045_2050	:=
2015_2020	2.5	5	5	2.5	0.0	0.0	0.0
2020_2025	0.0	2.5	5	5	2.5	0.0	0.0
2025_2030	0.0	0.0	2.5	5	5	2.5	0.0
2030_2035	0.0	0.0	0.0	2.5	5	5	2.5
2035_2040	0.0	0.0	0.0	0.0	2.5	5	5
2040_2045	0.0	0.0	0.0	0.0	0.0	2.5	5
2045_2050	0.0	0.0	0.0	0.0	0.0	0.0	2.5
[SUV_BIOETOH_E85_ELD, *, *] :	2015_2020	2020_2025	2025_2030	2030_2035	2035_2040	2040_2045	2045_2050	:=
2015_2020	2.5	5	5	2.5	0.0	0.0	0.0
2020_2025	0.0	2.5	5	5	2.5	0.0	0.0
2025_2030	0.0	0.0	2.5	5	5	2.5	0.0
2030_2035	0.0	0.0	0.0	2.5	5	5	2.5
2035_2040	0.0	0.0	0.0	0.0	2.5	5	5
2040_2045	0.0	0.0	0.0	0.0	0.0	2.5	5
2045_2050	0.0	0.0	0.0	0.0	0.0	0.0	2.5
[SUV_BIOETOH_E85_LD, *, *] :	2015_2020	2020_2025	2025_2030	2030_2035	2035_2040	2040_2045	2045_2050	:=
2015_2020	2.5	5	5	2.5	0.0	0.0	0.0
2020_2025	0.0	2.5	5	5	2.5	0.0	0.0
2025_2030	0.0	0.0	2.5	5	5	2.5	0.0
2030_2035	0.0	0.0	0.0	2.5	5	5	2.5
2035_2040	0.0	0.0	0.0	0.0	2.5	5	5
2040_2045	0.0	0.0	0.0	0.0	0.0	2.5	5
2045_2050	0.0	0.0	0.0	0.0	0.0	0.0	2.5
[SUV_BIOETOH_E85_MD, *, *] :	2015_2020	2020_2025	2025_2030	2030_2035	2035_2040	2040_2045	2045_2050	:=
2015_2020	2.5	5	5	2.5	0.0	0.0	0.0
2020_2025	0.0	2.5	5	5	2.5	0.0	0.0
2025_2030	0.0	0.0	2.5	5	5	2.5	0.0
2030_2035	0.0	0.0	0.0	2.5	5	5	2.5
2035_2040	0.0	0.0	0.0	0.0	2.5	5	5
2040_2045	0.0	0.0	0.0	0.0	0.0	2.5	5
2045_2050	0.0	0.0	0.0	0.0	0.0	0.0	2.5
[SUV_BIOETOH_E85_SD, *, *] :	2015_2020	2020_2025	2025_2030	2030_2035	2035_2040	2040_2045	2045_2050	:=
2015_2020	2.5	5	5	2.5	0.0	0.0	0.0
2020_2025	0.0	2.5	5	5	2.5	0.0	0.0
2025_2030	0.0	0.0	2.5	5	5	2.5	0.0
2030_2035	0.0	0.0	0.0	2.5	5	5	2.5
2035_2040	0.0	0.0	0.0	0.0	2.5	5	5
2040_2045	0.0	0.0	0.0	0.0	0.0	2.5	5
2045_2050	0.0	0.0	0.0	0.0	0.0	0.0	2.5
[SUV_CNG, *, *] :	2015_2020	2020_2025	2025_2030	2030_2035	2035_2040	2040_2045	2045_2050	:=
2015_2020	2.5	5	5	2.5	0.0	0.0	0.0
2020_2025	0.0	2.5	5	5	2.5	0.0	0.0
2025_2030	0.0	0.0	2.5	5	5	2.5	0.0
2030_2035	0.0	0.0	0.0	2.5	5	5	2.5
2035_2040	0.0	0.0	0.0	0.0	2.5	5	5
2040_2045	0.0	0.0	0.0	0.0	0.0	2.5	5
2045_2050	0.0	0.0	0.0	0.0	0.0	0.0	2.5
[SUV_CNG_ELD, *, *] :	2015_2020	2020_2025	2025_2030	2030_2035	2035_2040	2040_2045	2045_2050	:=
2015_2020	2.5	5	5	2.5	0.0	0.0	0.0
2020_2025	0.0	2.5	5	5	2.5	0.0	0.0
2025_2030	0.0	0.0	2.5	5	5	2.5	0.0
2030_2035	0.0	0.0	0.0	2.5	5	5	2.5
2035_2040	0.0	0.0	0.0	0.0	2.5	5	5
2040_2045	0.0	0.0	0.0	0.0	0.0	2.5	5
2045_2050	0.0	0.0	0.0	0.0	0.0	0.0	2.5
[SUV_CNG_LD, *, *] :	2015_2020	2020_2025	2025_2030	2030_2035	2035_2040	2040_2045	2045_2050	:=
2015_2020	2.5	5	5	2.5	0.0	0.0	0.0
2020_2025	0.0	2.5	5	5	2.5	0.0	0.0
2025_2030	0.0	0.0	2.5	5	5	2.5	0.0
2030_2035	0.0	0.0	0.0	2.5	5	5	2.5
2035_2040	0.0	0.0	0.0	0.0	2.5	5	5
2040_2045	0.0	0.0	0.0	0.0	0.0	2.5	5
2045_2050	0.0	0.0	0.0	0.0	0.0	0.0	2.5
[SUV_CNG_MD, *, *] :	2015_2020	2020_2025	2025_2030	2030_2035	2035_2040	2040_2045	2045_2050	:=
2015_2020	2.5	5	5	2.5	0.0	0.0	0.0
2020_2025	0.0	2.5	5	5	2.5	0.0	0.0
2025_2030	0.0	0.0	2.5	5	5	2.5	0.0
2030_2035	0.0	0.0	0.0	2.5	5	5	2.5
2035_2040	0.0	0.0	0.0	0.0	2.5	5	5
2040_2045	0.0	0.0	0.0	0.0	0.0	2.5	5
2045_2050	0.0	0.0	0.0	0.0	0.0	0.0	2.5
[SUV_CNG_SD, *, *] :	2015_2020	2020_2025	2025_2030	2030_2035	2035_2040	2040_2045	2045_2050	:=
2015_2020	2.5	5	5	2.5	0.0	0.0	0.0
2020_2025	0.0	2.5	5	5	2.5	0.0	0.0
2025_2030	0.0	0.0	2.5	5	5	2.5	0.0
2030_2035	0.0	0.0	0.0	2.5	5	5	2.5
2035_2040	0.0	0.0	0.0	0.0	2.5	5	5
2040_2045	0.0	0.0	0.0	0.0	0.0	2.5	5
2045_2050	0.0	0.0	0.0	0.0	0.0	0.0	2.5
[SUV_CSNG, *, *] :	2015_2020	2020_2025	2025_2030	2030_2035	2035_2040	2040_2045	2045_2050	:=
2015_2020	2.5	5	5	2.5	0.0	0.0	0.0
2020_2025	0.0	2.5	5	5	2.5	0.0	0.0
2025_2030	0.0	0.0	2.5	5	5	2.5	0.0
2030_2035	0.0	0.0	0.0	2.5	5	5	2.5
2035_2040	0.0	0.0	0.0	0.0	2.5	5	5
2040_2045	0.0	0.0	0.0	0.0	0.0	2.5	5
2045_2050	0.0	0.0	0.0	0.0	0.0	0.0	2.5
[SUV_CSNG_ELD, *, *] :	2015_2020	2020_2025	2025_2030	2030_2035	2035_2040	2040_2045	2045_2050	:=
2015_2020	2.5	5	5	2.5	0.0	0.0	0.0
2020_2025	0.0	2.5	5	5	2.5	0.0	0.0
2025_2030	0.0	0.0	2.5	5	5	2.5	0.0
2030_2035	0.0	0.0	0.0	2.5	5	5	2.5
2035_2040	0.0	0.0	0.0	0.0	2.5	5	5
2040_2045	0.0	0.0	0.0	0.0	0.0	2.5	5
2045_2050	0.0	0.0	0.0	0.0	0.0	0.0	2.5
[SUV_CSNG_LD, *, *] :	2015_2020	2020_2025	2025_2030	2030_2035	2035_2040	2040_2045	2045_2050	:=
2015_2020	2.5	5	5	2.5	0.0	0.0	0.0
2020_2025	0.0	2.5	5	5	2.5	0.0	0.0
2025_2030	0.0	0.0	2.5	5	5	2.5	0.0
2030_2035	0.0	0.0	0.0	2.5	5	5	2.5
2035_2040	0.0	0.0	0.0	0.0	2.5	5	5
2040_2045	0.0	0.0	0.0	0.0	0.0	2.5	5
2045_2050	0.0	0.0	0.0	0.0	0.0	0.0	2.5
[SUV_CSNG_MD, *, *] :	2015_2020	2020_2025	2025_2030	2030_2035	2035_2040	2040_2045	2045_2050	:=
2015_2020	2.5	5	5	2.5	0.0	0.0	0.0
2020_2025	0.0	2.5	5	5	2.5	0.0	0.0
2025_2030	0.0	0.0	2.5	5	5	2.5	0.0
2030_2035	0.0	0.0	0.0	2.5	5	5	2.5
2035_2040	0.0	0.0	0.0	0.0	2.5	5	5
2040_2045	0.0	0.0	0.0	0.0	0.0	2.5	5
2045_2050	0.0	0.0	0.0	0.0	0.0	0.0	2.5
[SUV_CSNG_SD, *, *] :	2015_2020	2020_2025	2025_2030	2030_2035	2035_2040	2040_2045	2045_2050	:=
2015_2020	2.5	5	5	2.5	0.0	0.0	0.0
2020_2025	0.0	2.5	5	5	2.5	0.0	0.0
2025_2030	0.0	0.0	2.5	5	5	2.5	0.0
2030_2035	0.0	0.0	0.0	2.5	5	5	2.5
2035_2040	0.0	0.0	0.0	0.0	2.5	5	5
2040_2045	0.0	0.0	0.0	0.0	0.0	2.5	5
2045_2050	0.0	0.0	0.0	0.0	0.0	0.0	2.5
[SUV_DIESEL, *, *] :	2015_2020	2020_2025	2025_2030	2030_2035	2035_2040	2040_2045	2045_2050	:=
2015_2020	2.5	5	5	2.5	0.0	0.0	0.0
2020_2025	0.0	2.5	5	5	2.5	0.0	0.0
2025_2030	0.0	0.0	2.5	5	5	2.5	0.0
2030_2035	0.0	0.0	0.0	2.5	5	5	2.5
2035_2040	0.0	0.0	0.0	0.0	2.5	5	5
2040_2045	0.0	0.0	0.0	0.0	0.0	2.5	5
2045_2050	0.0	0.0	0.0	0.0	0.0	0.0	2.5
[SUV_DIESEL_ELD, *, *] :	2015_2020	2020_2025	2025_2030	2030_2035	2035_2040	2040_2045	2045_2050	:=
2015_2020	2.5	5	5	2.5	0.0	0.0	0.0
2020_2025	0.0	2.5	5	5	2.5	0.0	0.0
2025_2030	0.0	0.0	2.5	5	5	2.5	0.0
2030_2035	0.0	0.0	0.0	2.5	5	5	2.5
2035_2040	0.0	0.0	0.0	0.0	2.5	5	5
2040_2045	0.0	0.0	0.0	0.0	0.0	2.5	5
2045_2050	0.0	0.0	0.0	0.0	0.0	0.0	2.5
[SUV_DIESEL_LD, *, *] :	2015_2020	2020_2025	2025_2030	2030_2035	2035_2040	2040_2045	2045_2050	:=
2015_2020	2.5	5	5	2.5	0.0	0.0	0.0
2020_2025	0.0	2.5	5	5	2.5	0.0	0.0
2025_2030	0.0	0.0	2.5	5	5	2.5	0.0
2030_2035	0.0	0.0	0.0	2.5	5	5	2.5
2035_2040	0.0	0.0	0.0	0.0	2.5	5	5
2040_2045	0.0	0.0	0.0	0.0	0.0	2.5	5
2045_2050	0.0	0.0	0.0	0.0	0.0	0.0	2.5
[SUV_DIESEL_MD, *, *] :	2015_2020	2020_2025	2025_2030	2030_2035	2035_2040	2040_2045	2045_2050	:=
2015_2020	2.5	5	5	2.5	0.0	0.0	0.0
2020_2025	0.0	2.5	5	5	2.5	0.0	0.0
2025_2030	0.0	0.0	2.5	5	5	2.5	0.0
2030_2035	0.0	0.0	0.0	2.5	5	5	2.5
2035_2040	0.0	0.0	0.0	0.0	2.5	5	5
2040_2045	0.0	0.0	0.0	0.0	0.0	2.5	5
2045_2050	0.0	0.0	0.0	0.0	0.0	0.0	2.5
[SUV_DIESEL_SD, *, *] :	2015_2020	2020_2025	2025_2030	2030_2035	2035_2040	2040_2045	2045_2050	:=
2015_2020	2.5	5	5	2.5	0.0	0.0	0.0
2020_2025	0.0	2.5	5	5	2.5	0.0	0.0
2025_2030	0.0	0.0	2.5	5	5	2.5	0.0
2030_2035	0.0	0.0	0.0	2.5	5	5	2.5
2035_2040	0.0	0.0	0.0	0.0	2.5	5	5
2040_2045	0.0	0.0	0.0	0.0	0.0	2.5	5
2045_2050	0.0	0.0	0.0	0.0	0.0	0.0	2.5
[SUV_ETOH_E10, *, *] :	2015_2020	2020_2025	2025_2030	2030_2035	2035_2040	2040_2045	2045_2050	:=
2015_2020	2.5	5	5	2.5	0.0	0.0	0.0
2020_2025	0.0	2.5	5	5	2.5	0.0	0.0
2025_2030	0.0	0.0	2.5	5	5	2.5	0.0
2030_2035	0.0	0.0	0.0	2.5	5	5	2.5
2035_2040	0.0	0.0	0.0	0.0	2.5	5	5
2040_2045	0.0	0.0	0.0	0.0	0.0	2.5	5
2045_2050	0.0	0.0	0.0	0.0	0.0	0.0	2.5
[SUV_ETOH_E10_ELD, *, *] :	2015_2020	2020_2025	2025_2030	2030_2035	2035_2040	2040_2045	2045_2050	:=
2015_2020	2.5	5	5	2.5	0.0	0.0	0.0
2020_2025	0.0	2.5	5	5	2.5	0.0	0.0
2025_2030	0.0	0.0	2.5	5	5	2.5	0.0
2030_2035	0.0	0.0	0.0	2.5	5	5	2.5
2035_2040	0.0	0.0	0.0	0.0	2.5	5	5
2040_2045	0.0	0.0	0.0	0.0	0.0	2.5	5
2045_2050	0.0	0.0	0.0	0.0	0.0	0.0	2.5
[SUV_ETOH_E10_LD, *, *] :	2015_2020	2020_2025	2025_2030	2030_2035	2035_2040	2040_2045	2045_2050	:=
2015_2020	2.5	5	5	2.5	0.0	0.0	0.0
2020_2025	0.0	2.5	5	5	2.5	0.0	0.0
2025_2030	0.0	0.0	2.5	5	5	2.5	0.0
2030_2035	0.0	0.0	0.0	2.5	5	5	2.5
2035_2040	0.0	0.0	0.0	0.0	2.5	5	5
2040_2045	0.0	0.0	0.0	0.0	0.0	2.5	5
2045_2050	0.0	0.0	0.0	0.0	0.0	0.0	2.5
[SUV_ETOH_E10_MD, *, *] :	2015_2020	2020_2025	2025_2030	2030_2035	2035_2040	2040_2045	2045_2050	:=
2015_2020	2.5	5	5	2.5	0.0	0.0	0.0
2020_2025	0.0	2.5	5	5	2.5	0.0	0.0
2025_2030	0.0	0.0	2.5	5	5	2.5	0.0
2030_2035	0.0	0.0	0.0	2.5	5	5	2.5
2035_2040	0.0	0.0	0.0	0.0	2.5	5	5
2040_2045	0.0	0.0	0.0	0.0	0.0	2.5	5
2045_2050	0.0	0.0	0.0	0.0	0.0	0.0	2.5
[SUV_ETOH_E10_SD, *, *] :	2015_2020	2020_2025	2025_2030	2030_2035	2035_2040	2040_2045	2045_2050	:=
2015_2020	2.5	5	5	2.5	0.0	0.0	0.0
2020_2025	0.0	2.5	5	5	2.5	0.0	0.0
2025_2030	0.0	0.0	2.5	5	5	2.5	0.0
2030_2035	0.0	0.0	0.0	2.5	5	5	2.5
2035_2040	0.0	0.0	0.0	0.0	2.5	5	5
2040_2045	0.0	0.0	0.0	0.0	0.0	2.5	5
2045_2050	0.0	0.0	0.0	0.0	0.0	0.0	2.5
[SUV_ETOH_E85, *, *] :	2015_2020	2020_2025	2025_2030	2030_2035	2035_2040	2040_2045	2045_2050	:=
2015_2020	2.5	5	5	2.5	0.0	0.0	0.0
2020_2025	0.0	2.5	5	5	2.5	0.0	0.0
2025_2030	0.0	0.0	2.5	5	5	2.5	0.0
2030_2035	0.0	0.0	0.0	2.5	5	5	2.5
2035_2040	0.0	0.0	0.0	0.0	2.5	5	5
2040_2045	0.0	0.0	0.0	0.0	0.0	2.5	5
2045_2050	0.0	0.0	0.0	0.0	0.0	0.0	2.5
[SUV_ETOH_E85_ELD, *, *] :	2015_2020	2020_2025	2025_2030	2030_2035	2035_2040	2040_2045	2045_2050	:=
2015_2020	2.5	5	5	2.5	0.0	0.0	0.0
2020_2025	0.0	2.5	5	5	2.5	0.0	0.0
2025_2030	0.0	0.0	2.5	5	5	2.5	0.0
2030_2035	0.0	0.0	0.0	2.5	5	5	2.5
2035_2040	0.0	0.0	0.0	0.0	2.5	5	5
2040_2045	0.0	0.0	0.0	0.0	0.0	2.5	5
2045_2050	0.0	0.0	0.0	0.0	0.0	0.0	2.5
[SUV_ETOH_E85_LD, *, *] :	2015_2020	2020_2025	2025_2030	2030_2035	2035_2040	2040_2045	2045_2050	:=
2015_2020	2.5	5	5	2.5	0.0	0.0	0.0
2020_2025	0.0	2.5	5	5	2.5	0.0	0.0
2025_2030	0.0	0.0	2.5	5	5	2.5	0.0
2030_2035	0.0	0.0	0.0	2.5	5	5	2.5
2035_2040	0.0	0.0	0.0	0.0	2.5	5	5
2040_2045	0.0	0.0	0.0	0.0	0.0	2.5	5
2045_2050	0.0	0.0	0.0	0.0	0.0	0.0	2.5
[SUV_ETOH_E85_MD, *, *] :	2015_2020	2020_2025	2025_2030	2030_2035	2035_2040	2040_2045	2045_2050	:=
2015_2020	2.5	5	5	2.5	0.0	0.0	0.0
2020_2025	0.0	2.5	5	5	2.5	0.0	0.0
2025_2030	0.0	0.0	2.5	5	5	2.5	0.0
2030_2035	0.0	0.0	0.0	2.5	5	5	2.5
2035_2040	0.0	0.0	0.0	0.0	2.5	5	5
2040_2045	0.0	0.0	0.0	0.0	0.0	2.5	5
2045_2050	0.0	0.0	0.0	0.0	0.0	0.0	2.5
[SUV_ETOH_E85_SD, *, *] :	2015_2020	2020_2025	2025_2030	2030_2035	2035_2040	2040_2045	2045_2050	:=
2015_2020	2.5	5	5	2.5	0.0	0.0	0.0
2020_2025	0.0	2.5	5	5	2.5	0.0	0.0
2025_2030	0.0	0.0	2.5	5	5	2.5	0.0
2030_2035	0.0	0.0	0.0	2.5	5	5	2.5
2035_2040	0.0	0.0	0.0	0.0	2.5	5	5
2040_2045	0.0	0.0	0.0	0.0	0.0	2.5	5
2045_2050	0.0	0.0	0.0	0.0	0.0	0.0	2.5
[SUV_EV, *, *] :	2015_2020	2020_2025	2025_2030	2030_2035	2035_2040	2040_2045	2045_2050	:=
2015_2020	2.5	5	5	2.5	0.0	0.0	0.0
2020_2025	0.0	2.5	5	5	2.5	0.0	0.0
2025_2030	0.0	0.0	2.5	5	5	2.5	0.0
2030_2035	0.0	0.0	0.0	2.5	5	5	2.5
2035_2040	0.0	0.0	0.0	0.0	2.5	5	5
2040_2045	0.0	0.0	0.0	0.0	0.0	2.5	5
2045_2050	0.0	0.0	0.0	0.0	0.0	0.0	2.5
[SUV_EV_ELD, *, *] :	2015_2020	2020_2025	2025_2030	2030_2035	2035_2040	2040_2045	2045_2050	:=
2015_2020	2.5	5	5	2.5	0.0	0.0	0.0
2020_2025	0.0	2.5	5	5	2.5	0.0	0.0
2025_2030	0.0	0.0	2.5	5	5	2.5	0.0
2030_2035	0.0	0.0	0.0	2.5	5	5	2.5
2035_2040	0.0	0.0	0.0	0.0	2.5	5	5
2040_2045	0.0	0.0	0.0	0.0	0.0	2.5	5
2045_2050	0.0	0.0	0.0	0.0	0.0	0.0	2.5
[SUV_EV_LD, *, *] :	2015_2020	2020_2025	2025_2030	2030_2035	2035_2040	2040_2045	2045_2050	:=
2015_2020	2.5	5	5	2.5	0.0	0.0	0.0
2020_2025	0.0	2.5	5	5	2.5	0.0	0.0
2025_2030	0.0	0.0	2.5	5	5	2.5	0.0
2030_2035	0.0	0.0	0.0	2.5	5	5	2.5
2035_2040	0.0	0.0	0.0	0.0	2.5	5	5
2040_2045	0.0	0.0	0.0	0.0	0.0	2.5	5
2045_2050	0.0	0.0	0.0	0.0	0.0	0.0	2.5
[SUV_EV_MD, *, *] :	2015_2020	2020_2025	2025_2030	2030_2035	2035_2040	2040_2045	2045_2050	:=
2015_2020	2.5	5	5	2.5	0.0	0.0	0.0
2020_2025	0.0	2.5	5	5	2.5	0.0	0.0
2025_2030	0.0	0.0	2.5	5	5	2.5	0.0
2030_2035	0.0	0.0	0.0	2.5	5	5	2.5
2035_2040	0.0	0.0	0.0	0.0	2.5	5	5
2040_2045	0.0	0.0	0.0	0.0	0.0	2.5	5
2045_2050	0.0	0.0	0.0	0.0	0.0	0.0	2.5
[SUV_EV_SD, *, *] :	2015_2020	2020_2025	2025_2030	2030_2035	2035_2040	2040_2045	2045_2050	:=
2015_2020	2.5	5	5	2.5	0.0	0.0	0.0
2020_2025	0.0	2.5	5	5	2.5	0.0	0.0
2025_2030	0.0	0.0	2.5	5	5	2.5	0.0
2030_2035	0.0	0.0	0.0	2.5	5	5	2.5
2035_2040	0.0	0.0	0.0	0.0	2.5	5	5
2040_2045	0.0	0.0	0.0	0.0	0.0	2.5	5
2045_2050	0.0	0.0	0.0	0.0	0.0	0.0	2.5
[SUV_FC_H2, *, *] :	2015_2020	2020_2025	2025_2030	2030_2035	2035_2040	2040_2045	2045_2050	:=
2015_2020	2.5	5	5	2.5	0.0	0.0	0.0
2020_2025	0.0	2.5	5	5	2.5	0.0	0.0
2025_2030	0.0	0.0	2.5	5	5	2.5	0.0
2030_2035	0.0	0.0	0.0	2.5	5	5	2.5
2035_2040	0.0	0.0	0.0	0.0	2.5	5	5
2040_2045	0.0	0.0	0.0	0.0	0.0	2.5	5
2045_2050	0.0	0.0	0.0	0.0	0.0	0.0	2.5
[SUV_FC_H2_ELD, *, *] :	2015_2020	2020_2025	2025_2030	2030_2035	2035_2040	2040_2045	2045_2050	:=
2015_2020	2.5	5	5	2.5	0.0	0.0	0.0
2020_2025	0.0	2.5	5	5	2.5	0.0	0.0
2025_2030	0.0	0.0	2.5	5	5	2.5	0.0
2030_2035	0.0	0.0	0.0	2.5	5	5	2.5
2035_2040	0.0	0.0	0.0	0.0	2.5	5	5
2040_2045	0.0	0.0	0.0	0.0	0.0	2.5	5
2045_2050	0.0	0.0	0.0	0.0	0.0	0.0	2.5
[SUV_FC_H2_LD, *, *] :	2015_2020	2020_2025	2025_2030	2030_2035	2035_2040	2040_2045	2045_2050	:=
2015_2020	2.5	5	5	2.5	0.0	0.0	0.0
2020_2025	0.0	2.5	5	5	2.5	0.0	0.0
2025_2030	0.0	0.0	2.5	5	5	2.5	0.0
2030_2035	0.0	0.0	0.0	2.5	5	5	2.5
2035_2040	0.0	0.0	0.0	0.0	2.5	5	5
2040_2045	0.0	0.0	0.0	0.0	0.0	2.5	5
2045_2050	0.0	0.0	0.0	0.0	0.0	0.0	2.5
[SUV_FC_H2_MD, *, *] :	2015_2020	2020_2025	2025_2030	2030_2035	2035_2040	2040_2045	2045_2050	:=
2015_2020	2.5	5	5	2.5	0.0	0.0	0.0
2020_2025	0.0	2.5	5	5	2.5	0.0	0.0
2025_2030	0.0	0.0	2.5	5	5	2.5	0.0
2030_2035	0.0	0.0	0.0	2.5	5	5	2.5
2035_2040	0.0	0.0	0.0	0.0	2.5	5	5
2040_2045	0.0	0.0	0.0	0.0	0.0	2.5	5
2045_2050	0.0	0.0	0.0	0.0	0.0	0.0	2.5
[SUV_FC_H2_SD, *, *] :	2015_2020	2020_2025	2025_2030	2030_2035	2035_2040	2040_2045	2045_2050	:=
2015_2020	2.5	5	5	2.5	0.0	0.0	0.0
2020_2025	0.0	2.5	5	5	2.5	0.0	0.0
2025_2030	0.0	0.0	2.5	5	5	2.5	0.0
2030_2035	0.0	0.0	0.0	2.5	5	5	2.5
2035_2040	0.0	0.0	0.0	0.0	2.5	5	5
2040_2045	0.0	0.0	0.0	0.0	0.0	2.5	5
2045_2050	0.0	0.0	0.0	0.0	0.0	0.0	2.5
[SUV_GASOLINE, *, *] :	2015_2020	2020_2025	2025_2030	2030_2035	2035_2040	2040_2045	2045_2050	:=
2015_2020	2.5	5	5	2.5	0.0	0.0	0.0
2020_2025	0.0	2.5	5	5	2.5	0.0	0.0
2025_2030	0.0	0.0	2.5	5	5	2.5	0.0
2030_2035	0.0	0.0	0.0	2.5	5	5	2.5
2035_2040	0.0	0.0	0.0	0.0	2.5	5	5
2040_2045	0.0	0.0	0.0	0.0	0.0	2.5	5
2045_2050	0.0	0.0	0.0	0.0	0.0	0.0	2.5
[SUV_GASOLINE_ELD, *, *] :	2015_2020	2020_2025	2025_2030	2030_2035	2035_2040	2040_2045	2045_2050	:=
2015_2020	2.5	5	5	2.5	0.0	0.0	0.0
2020_2025	0.0	2.5	5	5	2.5	0.0	0.0
2025_2030	0.0	0.0	2.5	5	5	2.5	0.0
2030_2035	0.0	0.0	0.0	2.5	5	5	2.5
2035_2040	0.0	0.0	0.0	0.0	2.5	5	5
2040_2045	0.0	0.0	0.0	0.0	0.0	2.5	5
2045_2050	0.0	0.0	0.0	0.0	0.0	0.0	2.5
[SUV_GASOLINE_LD, *, *] :	2015_2020	2020_2025	2025_2030	2030_2035	2035_2040	2040_2045	2045_2050	:=
2015_2020	2.5	5	5	2.5	0.0	0.0	0.0
2020_2025	0.0	2.5	5	5	2.5	0.0	0.0
2025_2030	0.0	0.0	2.5	5	5	2.5	0.0
2030_2035	0.0	0.0	0.0	2.5	5	5	2.5
2035_2040	0.0	0.0	0.0	0.0	2.5	5	5
2040_2045	0.0	0.0	0.0	0.0	0.0	2.5	5
2045_2050	0.0	0.0	0.0	0.0	0.0	0.0	2.5
[SUV_GASOLINE_MD, *, *] :	2015_2020	2020_2025	2025_2030	2030_2035	2035_2040	2040_2045	2045_2050	:=
2015_2020	2.5	5	5	2.5	0.0	0.0	0.0
2020_2025	0.0	2.5	5	5	2.5	0.0	0.0
2025_2030	0.0	0.0	2.5	5	5	2.5	0.0
2030_2035	0.0	0.0	0.0	2.5	5	5	2.5
2035_2040	0.0	0.0	0.0	0.0	2.5	5	5
2040_2045	0.0	0.0	0.0	0.0	0.0	2.5	5
2045_2050	0.0	0.0	0.0	0.0	0.0	0.0	2.5
[SUV_GASOLINE_SD, *, *] :	2015_2020	2020_2025	2025_2030	2030_2035	2035_2040	2040_2045	2045_2050	:=
2015_2020	2.5	5	5	2.5	0.0	0.0	0.0
2020_2025	0.0	2.5	5	5	2.5	0.0	0.0
2025_2030	0.0	0.0	2.5	5	5	2.5	0.0
2030_2035	0.0	0.0	0.0	2.5	5	5	2.5
2035_2040	0.0	0.0	0.0	0.0	2.5	5	5
2040_2045	0.0	0.0	0.0	0.0	0.0	2.5	5
2045_2050	0.0	0.0	0.0	0.0	0.0	0.0	2.5
[SUV_HY_GASOLINE, *, *] :	2015_2020	2020_2025	2025_2030	2030_2035	2035_2040	2040_2045	2045_2050	:=
2015_2020	2.5	5	5	2.5	0.0	0.0	0.0
2020_2025	0.0	2.5	5	5	2.5	0.0	0.0
2025_2030	0.0	0.0	2.5	5	5	2.5	0.0
2030_2035	0.0	0.0	0.0	2.5	5	5	2.5
2035_2040	0.0	0.0	0.0	0.0	2.5	5	5
2040_2045	0.0	0.0	0.0	0.0	0.0	2.5	5
2045_2050	0.0	0.0	0.0	0.0	0.0	0.0	2.5
[SUV_HY_GASOLINE_ELD, *, *] :	2015_2020	2020_2025	2025_2030	2030_2035	2035_2040	2040_2045	2045_2050	:=
2015_2020	2.5	5	5	2.5	0.0	0.0	0.0
2020_2025	0.0	2.5	5	5	2.5	0.0	0.0
2025_2030	0.0	0.0	2.5	5	5	2.5	0.0
2030_2035	0.0	0.0	0.0	2.5	5	5	2.5
2035_2040	0.0	0.0	0.0	0.0	2.5	5	5
2040_2045	0.0	0.0	0.0	0.0	0.0	2.5	5
2045_2050	0.0	0.0	0.0	0.0	0.0	0.0	2.5
[SUV_HY_GASOLINE_LD, *, *] :	2015_2020	2020_2025	2025_2030	2030_2035	2035_2040	2040_2045	2045_2050	:=
2015_2020	2.5	5	5	2.5	0.0	0.0	0.0
2020_2025	0.0	2.5	5	5	2.5	0.0	0.0
2025_2030	0.0	0.0	2.5	5	5	2.5	0.0
2030_2035	0.0	0.0	0.0	2.5	5	5	2.5
2035_2040	0.0	0.0	0.0	0.0	2.5	5	5
2040_2045	0.0	0.0	0.0	0.0	0.0	2.5	5
2045_2050	0.0	0.0	0.0	0.0	0.0	0.0	2.5
[SUV_HY_GASOLINE_MD, *, *] :	2015_2020	2020_2025	2025_2030	2030_2035	2035_2040	2040_2045	2045_2050	:=
2015_2020	2.5	5	5	2.5	0.0	0.0	0.0
2020_2025	0.0	2.5	5	5	2.5	0.0	0.0
2025_2030	0.0	0.0	2.5	5	5	2.5	0.0
2030_2035	0.0	0.0	0.0	2.5	5	5	2.5
2035_2040	0.0	0.0	0.0	0.0	2.5	5	5
2040_2045	0.0	0.0	0.0	0.0	0.0	2.5	5
2045_2050	0.0	0.0	0.0	0.0	0.0	0.0	2.5
[SUV_HY_GASOLINE_SD, *, *] :	2015_2020	2020_2025	2025_2030	2030_2035	2035_2040	2040_2045	2045_2050	:=
2015_2020	2.5	5	5	2.5	0.0	0.0	0.0
2020_2025	0.0	2.5	5	5	2.5	0.0	0.0
2025_2030	0.0	0.0	2.5	5	5	2.5	0.0
2030_2035	0.0	0.0	0.0	2.5	5	5	2.5
2035_2040	0.0	0.0	0.0	0.0	2.5	5	5
2040_2045	0.0	0.0	0.0	0.0	0.0	2.5	5
2045_2050	0.0	0.0	0.0	0.0	0.0	0.0	2.5
[SUV_PHEV_GASOLINE, *, *] :	2015_2020	2020_2025	2025_2030	2030_2035	2035_2040	2040_2045	2045_2050	:=
2015_2020	2.5	5	5	2.5	0.0	0.0	0.0
2020_2025	0.0	2.5	5	5	2.5	0.0	0.0
2025_2030	0.0	0.0	2.5	5	5	2.5	0.0
2030_2035	0.0	0.0	0.0	2.5	5	5	2.5
2035_2040	0.0	0.0	0.0	0.0	2.5	5	5
2040_2045	0.0	0.0	0.0	0.0	0.0	2.5	5
2045_2050	0.0	0.0	0.0	0.0	0.0	0.0	2.5
[SUV_PHEV_GASOLINE_ELD, *, *] :	2015_2020	2020_2025	2025_2030	2030_2035	2035_2040	2040_2045	2045_2050	:=
2015_2020	2.5	5	5	2.5	0.0	0.0	0.0
2020_2025	0.0	2.5	5	5	2.5	0.0	0.0
2025_2030	0.0	0.0	2.5	5	5	2.5	0.0
2030_2035	0.0	0.0	0.0	2.5	5	5	2.5
2035_2040	0.0	0.0	0.0	0.0	2.5	5	5
2040_2045	0.0	0.0	0.0	0.0	0.0	2.5	5
2045_2050	0.0	0.0	0.0	0.0	0.0	0.0	2.5
[SUV_PHEV_GASOLINE_LD, *, *] :	2015_2020	2020_2025	2025_2030	2030_2035	2035_2040	2040_2045	2045_2050	:=
2015_2020	2.5	5	5	2.5	0.0	0.0	0.0
2020_2025	0.0	2.5	5	5	2.5	0.0	0.0
2025_2030	0.0	0.0	2.5	5	5	2.5	0.0
2030_2035	0.0	0.0	0.0	2.5	5	5	2.5
2035_2040	0.0	0.0	0.0	0.0	2.5	5	5
2040_2045	0.0	0.0	0.0	0.0	0.0	2.5	5
2045_2050	0.0	0.0	0.0	0.0	0.0	0.0	2.5
[SUV_PHEV_GASOLINE_MD, *, *] :	2015_2020	2020_2025	2025_2030	2030_2035	2035_2040	2040_2045	2045_2050	:=
2015_2020	2.5	5	5	2.5	0.0	0.0	0.0
2020_2025	0.0	2.5	5	5	2.5	0.0	0.0
2025_2030	0.0	0.0	2.5	5	5	2.5	0.0
2030_2035	0.0	0.0	0.0	2.5	5	5	2.5
2035_2040	0.0	0.0	0.0	0.0	2.5	5	5
2040_2045	0.0	0.0	0.0	0.0	0.0	2.5	5
2045_2050	0.0	0.0	0.0	0.0	0.0	0.0	2.5
[SUV_PHEV_GASOLINE_SD, *, *] :	2015_2020	2020_2025	2025_2030	2030_2035	2035_2040	2040_2045	2045_2050	:=
2015_2020	2.5	5	5	2.5	0.0	0.0	0.0
2020_2025	0.0	2.5	5	5	2.5	0.0	0.0
2025_2030	0.0	0.0	2.5	5	5	2.5	0.0
2030_2035	0.0	0.0	0.0	2.5	5	5	2.5
2035_2040	0.0	0.0	0.0	0.0	2.5	5	5
2040_2045	0.0	0.0	0.0	0.0	0.0	2.5	5
2045_2050	0.0	0.0	0.0	0.0	0.0	0.0	2.5
[SUV_PROPANE, *, *] :	2015_2020	2020_2025	2025_2030	2030_2035	2035_2040	2040_2045	2045_2050	:=
2015_2020	2.5	5	5	2.5	0.0	0.0	0.0
2020_2025	0.0	2.5	5	5	2.5	0.0	0.0
2025_2030	0.0	0.0	2.5	5	5	2.5	0.0
2030_2035	0.0	0.0	0.0	2.5	5	5	2.5
2035_2040	0.0	0.0	0.0	0.0	2.5	5	5
2040_2045	0.0	0.0	0.0	0.0	0.0	2.5	5
2045_2050	0.0	0.0	0.0	0.0	0.0	0.0	2.5
[SUV_PROPANE_ELD, *, *] :	2015_2020	2020_2025	2025_2030	2030_2035	2035_2040	2040_2045	2045_2050	:=
2015_2020	2.5	5	5	2.5	0.0	0.0	0.0
2020_2025	0.0	2.5	5	5	2.5	0.0	0.0
2025_2030	0.0	0.0	2.5	5	5	2.5	0.0
2030_2035	0.0	0.0	0.0	2.5	5	5	2.5
2035_2040	0.0	0.0	0.0	0.0	2.5	5	5
2040_2045	0.0	0.0	0.0	0.0	0.0	2.5	5
2045_2050	0.0	0.0	0.0	0.0	0.0	0.0	2.5
[SUV_PROPANE_LD, *, *] :	2015_2020	2020_2025	2025_2030	2030_2035	2035_2040	2040_2045	2045_2050	:=
2015_2020	2.5	5	5	2.5	0.0	0.0	0.0
2020_2025	0.0	2.5	5	5	2.5	0.0	0.0
2025_2030	0.0	0.0	2.5	5	5	2.5	0.0
2030_2035	0.0	0.0	0.0	2.5	5	5	2.5
2035_2040	0.0	0.0	0.0	0.0	2.5	5	5
2040_2045	0.0	0.0	0.0	0.0	0.0	2.5	5
2045_2050	0.0	0.0	0.0	0.0	0.0	0.0	2.5
[SUV_PROPANE_MD, *, *] :	2015_2020	2020_2025	2025_2030	2030_2035	2035_2040	2040_2045	2045_2050	:=
2015_2020	2.5	5	5	2.5	0.0	0.0	0.0
2020_2025	0.0	2.5	5	5	2.5	0.0	0.0
2025_2030	0.0	0.0	2.5	5	5	2.5	0.0
2030_2035	0.0	0.0	0.0	2.5	5	5	2.5
2035_2040	0.0	0.0	0.0	0.0	2.5	5	5
2040_2045	0.0	0.0	0.0	0.0	0.0	2.5	5
2045_2050	0.0	0.0	0.0	0.0	0.0	0.0	2.5
[SUV_PROPANE_SD, *, *] :	2015_2020	2020_2025	2025_2030	2030_2035	2035_2040	2040_2045	2045_2050	:=
2015_2020	2.5	5	5	2.5	0.0	0.0	0.0
2020_2025	0.0	2.5	5	5	2.5	0.0	0.0
2025_2030	0.0	0.0	2.5	5	5	2.5	0.0
2030_2035	0.0	0.0	0.0	2.5	5	5	2.5
2035_2040	0.0	0.0	0.0	0.0	2.5	5	5
2040_2045	0.0	0.0	0.0	0.0	0.0	2.5	5
2045_2050	0.0	0.0	0.0	0.0	0.0	0.0	2.5
[TIDAL, *, *] :	2015_2020	2020_2025	2025_2030	2030_2035	2035_2040	2040_2045	2045_2050	:=
2015_2020	2.5	5	5	5	2.5	0.0	0.0
2020_2025	0.0	2.5	5	5	5	2.5	0.0
2025_2030	0.0	0.0	2.5	5	5	5	2.5
2030_2035	0.0	0.0	0.0	2.5	5	5	5
2035_2040	0.0	0.0	0.0	0.0	2.5	5	5
2040_2045	0.0	0.0	0.0	0.0	0.0	2.5	5
2045_2050	0.0	0.0	0.0	0.0	0.0	0.0	2.5
[TRAFO_EH, *, *] :	2015_2020	2020_2025	2025_2030	2030_2035	2035_2040	2040_2045	2045_2050	:=
2015_2020	2.5	5	5	5	5	5	5
2020_2025	0.0	2.5	5	5	5	5	5
2025_2030	0.0	0.0	2.5	5	5	5	5
2030_2035	0.0	0.0	0.0	2.5	5	5	5
2035_2040	0.0	0.0	0.0	0.0	2.5	5	5
2040_2045	0.0	0.0	0.0	0.0	0.0	2.5	5
2045_2050	0.0	0.0	0.0	0.0	0.0	0.0	2.5
[TRAFO_HE, *, *] :	2015_2020	2020_2025	2025_2030	2030_2035	2035_2040	2040_2045	2045_2050	:=
2015_2020	2.5	5	5	5	5	5	5
2020_2025	0.0	2.5	5	5	5	5	5
2025_2030	0.0	0.0	2.5	5	5	5	5
2030_2035	0.0	0.0	0.0	2.5	5	5	5
2035_2040	0.0	0.0	0.0	0.0	2.5	5	5
2040_2045	0.0	0.0	0.0	0.0	0.0	2.5	5
2045_2050	0.0	0.0	0.0	0.0	0.0	0.0	2.5
[TRAFO_HM, *, *] :	2015_2020	2020_2025	2025_2030	2030_2035	2035_2040	2040_2045	2045_2050	:=
2015_2020	2.5	5	5	5	5	5	5
2020_2025	0.0	2.5	5	5	5	5	5
2025_2030	0.0	0.0	2.5	5	5	5	5
2030_2035	0.0	0.0	0.0	2.5	5	5	5
2035_2040	0.0	0.0	0.0	0.0	2.5	5	5
2040_2045	0.0	0.0	0.0	0.0	0.0	2.5	5
2045_2050	0.0	0.0	0.0	0.0	0.0	0.0	2.5
[TRAFO_LM, *, *] :	2015_2020	2020_2025	2025_2030	2030_2035	2035_2040	2040_2045	2045_2050	:=
2015_2020	2.5	5	5	5	5	5	5
2020_2025	0.0	2.5	5	5	5	5	5
2025_2030	0.0	0.0	2.5	5	5	5	5
2030_2035	0.0	0.0	0.0	2.5	5	5	5
2035_2040	0.0	0.0	0.0	0.0	2.5	5	5
2040_2045	0.0	0.0	0.0	0.0	0.0	2.5	5
2045_2050	0.0	0.0	0.0	0.0	0.0	0.0	2.5
[TRAFO_MH, *, *] :	2015_2020	2020_2025	2025_2030	2030_2035	2035_2040	2040_2045	2045_2050	:=
2015_2020	2.5	5	5	5	5	5	5
2020_2025	0.0	2.5	5	5	5	5	5
2025_2030	0.0	0.0	2.5	5	5	5	5
2030_2035	0.0	0.0	0.0	2.5	5	5	5
2035_2040	0.0	0.0	0.0	0.0	2.5	5	5
2040_2045	0.0	0.0	0.0	0.0	0.0	2.5	5
2045_2050	0.0	0.0	0.0	0.0	0.0	0.0	2.5
[TRAFO_ML, *, *] :	2015_2020	2020_2025	2025_2030	2030_2035	2035_2040	2040_2045	2045_2050	:=
2015_2020	2.5	5	5	5	5	5	5
2020_2025	0.0	2.5	5	5	5	5	5
2025_2030	0.0	0.0	2.5	5	5	5	5
2030_2035	0.0	0.0	0.0	2.5	5	5	5
2035_2040	0.0	0.0	0.0	0.0	2.5	5	5
2040_2045	0.0	0.0	0.0	0.0	0.0	2.5	5
2045_2050	0.0	0.0	0.0	0.0	0.0	0.0	2.5
[TRAIN_BIODIESEL, *, *] :	2015_2020	2020_2025	2025_2030	2030_2035	2035_2040	2040_2045	2045_2050	:=
2015_2020	2.5	5	5	5	5	5	5
2020_2025	0.0	2.5	5	5	5	5	5
2025_2030	0.0	0.0	2.5	5	5	5	5
2030_2035	0.0	0.0	0.0	2.5	5	5	5
2035_2040	0.0	0.0	0.0	0.0	2.5	5	5
2040_2045	0.0	0.0	0.0	0.0	0.0	2.5	5
2045_2050	0.0	0.0	0.0	0.0	0.0	0.0	2.5
[TRAIN_BIODIESEL_ELD, *, *] :	2015_2020	2020_2025	2025_2030	2030_2035	2035_2040	2040_2045	2045_2050	:=
2015_2020	2.5	5	5	5	5	5	5
2020_2025	0.0	2.5	5	5	5	5	5
2025_2030	0.0	0.0	2.5	5	5	5	5
2030_2035	0.0	0.0	0.0	2.5	5	5	5
2035_2040	0.0	0.0	0.0	0.0	2.5	5	5
2040_2045	0.0	0.0	0.0	0.0	0.0	2.5	5
2045_2050	0.0	0.0	0.0	0.0	0.0	0.0	2.5
[TRAIN_BIODIESEL_LD, *, *] :	2015_2020	2020_2025	2025_2030	2030_2035	2035_2040	2040_2045	2045_2050	:=
2015_2020	2.5	5	5	5	5	5	5
2020_2025	0.0	2.5	5	5	5	5	5
2025_2030	0.0	0.0	2.5	5	5	5	5
2030_2035	0.0	0.0	0.0	2.5	5	5	5
2035_2040	0.0	0.0	0.0	0.0	2.5	5	5
2040_2045	0.0	0.0	0.0	0.0	0.0	2.5	5
2045_2050	0.0	0.0	0.0	0.0	0.0	0.0	2.5
[TRAIN_DIESEL, *, *] :	2015_2020	2020_2025	2025_2030	2030_2035	2035_2040	2040_2045	2045_2050	:=
2015_2020	2.5	5	5	5	5	5	5
2020_2025	0.0	2.5	5	5	5	5	5
2025_2030	0.0	0.0	2.5	5	5	5	5
2030_2035	0.0	0.0	0.0	2.5	5	5	5
2035_2040	0.0	0.0	0.0	0.0	2.5	5	5
2040_2045	0.0	0.0	0.0	0.0	0.0	2.5	5
2045_2050	0.0	0.0	0.0	0.0	0.0	0.0	2.5
[TRAIN_DIESEL_ELD, *, *] :	2015_2020	2020_2025	2025_2030	2030_2035	2035_2040	2040_2045	2045_2050	:=
2015_2020	2.5	5	5	5	5	5	5
2020_2025	0.0	2.5	5	5	5	5	5
2025_2030	0.0	0.0	2.5	5	5	5	5
2030_2035	0.0	0.0	0.0	2.5	5	5	5
2035_2040	0.0	0.0	0.0	0.0	2.5	5	5
2040_2045	0.0	0.0	0.0	0.0	0.0	2.5	5
2045_2050	0.0	0.0	0.0	0.0	0.0	0.0	2.5
[TRAIN_DIESEL_LD, *, *] :	2015_2020	2020_2025	2025_2030	2030_2035	2035_2040	2040_2045	2045_2050	:=
2015_2020	2.5	5	5	5	5	5	5
2020_2025	0.0	2.5	5	5	5	5	5
2025_2030	0.0	0.0	2.5	5	5	5	5
2030_2035	0.0	0.0	0.0	2.5	5	5	5
2035_2040	0.0	0.0	0.0	0.0	2.5	5	5
2040_2045	0.0	0.0	0.0	0.0	0.0	2.5	5
2045_2050	0.0	0.0	0.0	0.0	0.0	0.0	2.5
[TRAIN_ELEC, *, *] :	2015_2020	2020_2025	2025_2030	2030_2035	2035_2040	2040_2045	2045_2050	:=
2015_2020	2.5	5	5	5	5	5	5
2020_2025	0.0	2.5	5	5	5	5	5
2025_2030	0.0	0.0	2.5	5	5	5	5
2030_2035	0.0	0.0	0.0	2.5	5	5	5
2035_2040	0.0	0.0	0.0	0.0	2.5	5	5
2040_2045	0.0	0.0	0.0	0.0	0.0	2.5	5
2045_2050	0.0	0.0	0.0	0.0	0.0	0.0	2.5
[TRAIN_ELEC_ELD, *, *] :	2015_2020	2020_2025	2025_2030	2030_2035	2035_2040	2040_2045	2045_2050	:=
2015_2020	2.5	5	5	5	5	5	5
2020_2025	0.0	2.5	5	5	5	5	5
2025_2030	0.0	0.0	2.5	5	5	5	5
2030_2035	0.0	0.0	0.0	2.5	5	5	5
2035_2040	0.0	0.0	0.0	0.0	2.5	5	5
2040_2045	0.0	0.0	0.0	0.0	0.0	2.5	5
2045_2050	0.0	0.0	0.0	0.0	0.0	0.0	2.5
[TRAIN_ELEC_LD, *, *] :	2015_2020	2020_2025	2025_2030	2030_2035	2035_2040	2040_2045	2045_2050	:=
2015_2020	2.5	5	5	5	5	5	5
2020_2025	0.0	2.5	5	5	5	5	5
2025_2030	0.0	0.0	2.5	5	5	5	5
2030_2035	0.0	0.0	0.0	2.5	5	5	5
2035_2040	0.0	0.0	0.0	0.0	2.5	5	5
2040_2045	0.0	0.0	0.0	0.0	0.0	2.5	5
2045_2050	0.0	0.0	0.0	0.0	0.0	0.0	2.5
[TRAIN_FREIGHT_BIODIESEL, *, *] :	2015_2020	2020_2025	2025_2030	2030_2035	2035_2040	2040_2045	2045_2050	:=
2015_2020	2.5	5	5	5	5	5	5
2020_2025	0.0	2.5	5	5	5	5	5
2025_2030	0.0	0.0	2.5	5	5	5	5
2030_2035	0.0	0.0	0.0	2.5	5	5	5
2035_2040	0.0	0.0	0.0	0.0	2.5	5	5
2040_2045	0.0	0.0	0.0	0.0	0.0	2.5	5
2045_2050	0.0	0.0	0.0	0.0	0.0	0.0	2.5
[TRAIN_FREIGHT_BIODIESEL_ELD, *, *] :	2015_2020	2020_2025	2025_2030	2030_2035	2035_2040	2040_2045	2045_2050	:=
2015_2020	2.5	5	5	5	5	5	5
2020_2025	0.0	2.5	5	5	5	5	5
2025_2030	0.0	0.0	2.5	5	5	5	5
2030_2035	0.0	0.0	0.0	2.5	5	5	5
2035_2040	0.0	0.0	0.0	0.0	2.5	5	5
2040_2045	0.0	0.0	0.0	0.0	0.0	2.5	5
2045_2050	0.0	0.0	0.0	0.0	0.0	0.0	2.5
[TRAIN_FREIGHT_BIODIESEL_LD, *, *] :	2015_2020	2020_2025	2025_2030	2030_2035	2035_2040	2040_2045	2045_2050	:=
2015_2020	2.5	5	5	5	5	5	5
2020_2025	0.0	2.5	5	5	5	5	5
2025_2030	0.0	0.0	2.5	5	5	5	5
2030_2035	0.0	0.0	0.0	2.5	5	5	5
2035_2040	0.0	0.0	0.0	0.0	2.5	5	5
2040_2045	0.0	0.0	0.0	0.0	0.0	2.5	5
2045_2050	0.0	0.0	0.0	0.0	0.0	0.0	2.5
[TRAIN_FREIGHT_DIESEL, *, *] :	2015_2020	2020_2025	2025_2030	2030_2035	2035_2040	2040_2045	2045_2050	:=
2015_2020	2.5	5	5	5	5	5	5
2020_2025	0.0	2.5	5	5	5	5	5
2025_2030	0.0	0.0	2.5	5	5	5	5
2030_2035	0.0	0.0	0.0	2.5	5	5	5
2035_2040	0.0	0.0	0.0	0.0	2.5	5	5
2040_2045	0.0	0.0	0.0	0.0	0.0	2.5	5
2045_2050	0.0	0.0	0.0	0.0	0.0	0.0	2.5
[TRAIN_FREIGHT_DIESEL_ELD, *, *] :	2015_2020	2020_2025	2025_2030	2030_2035	2035_2040	2040_2045	2045_2050	:=
2015_2020	2.5	5	5	5	5	5	5
2020_2025	0.0	2.5	5	5	5	5	5
2025_2030	0.0	0.0	2.5	5	5	5	5
2030_2035	0.0	0.0	0.0	2.5	5	5	5
2035_2040	0.0	0.0	0.0	0.0	2.5	5	5
2040_2045	0.0	0.0	0.0	0.0	0.0	2.5	5
2045_2050	0.0	0.0	0.0	0.0	0.0	0.0	2.5
[TRAIN_FREIGHT_DIESEL_LD, *, *] :	2015_2020	2020_2025	2025_2030	2030_2035	2035_2040	2040_2045	2045_2050	:=
2015_2020	2.5	5	5	5	5	5	5
2020_2025	0.0	2.5	5	5	5	5	5
2025_2030	0.0	0.0	2.5	5	5	5	5
2030_2035	0.0	0.0	0.0	2.5	5	5	5
2035_2040	0.0	0.0	0.0	0.0	2.5	5	5
2040_2045	0.0	0.0	0.0	0.0	0.0	2.5	5
2045_2050	0.0	0.0	0.0	0.0	0.0	0.0	2.5
[TRAIN_FREIGHT_ELEC, *, *] :	2015_2020	2020_2025	2025_2030	2030_2035	2035_2040	2040_2045	2045_2050	:=
2015_2020	2.5	5	5	5	5	5	5
2020_2025	0.0	2.5	5	5	5	5	5
2025_2030	0.0	0.0	2.5	5	5	5	5
2030_2035	0.0	0.0	0.0	2.5	5	5	5
2035_2040	0.0	0.0	0.0	0.0	2.5	5	5
2040_2045	0.0	0.0	0.0	0.0	0.0	2.5	5
2045_2050	0.0	0.0	0.0	0.0	0.0	0.0	2.5
[TRAIN_FREIGHT_ELEC_ELD, *, *] :	2015_2020	2020_2025	2025_2030	2030_2035	2035_2040	2040_2045	2045_2050	:=
2015_2020	2.5	5	5	5	5	5	5
2020_2025	0.0	2.5	5	5	5	5	5
2025_2030	0.0	0.0	2.5	5	5	5	5
2030_2035	0.0	0.0	0.0	2.5	5	5	5
2035_2040	0.0	0.0	0.0	0.0	2.5	5	5
2040_2045	0.0	0.0	0.0	0.0	0.0	2.5	5
2045_2050	0.0	0.0	0.0	0.0	0.0	0.0	2.5
[TRAIN_FREIGHT_ELEC_LD, *, *] :	2015_2020	2020_2025	2025_2030	2030_2035	2035_2040	2040_2045	2045_2050	:=
2015_2020	2.5	5	5	5	5	5	5
2020_2025	0.0	2.5	5	5	5	5	5
2025_2030	0.0	0.0	2.5	5	5	5	5
2030_2035	0.0	0.0	0.0	2.5	5	5	5
2035_2040	0.0	0.0	0.0	0.0	2.5	5	5
2040_2045	0.0	0.0	0.0	0.0	0.0	2.5	5
2045_2050	0.0	0.0	0.0	0.0	0.0	0.0	2.5
[TRAIN_FREIGHT_H2, *, *] :	2015_2020	2020_2025	2025_2030	2030_2035	2035_2040	2040_2045	2045_2050	:=
2015_2020	2.5	5	5	5	5	5	5
2020_2025	0.0	2.5	5	5	5	5	5
2025_2030	0.0	0.0	2.5	5	5	5	5
2030_2035	0.0	0.0	0.0	2.5	5	5	5
2035_2040	0.0	0.0	0.0	0.0	2.5	5	5
2040_2045	0.0	0.0	0.0	0.0	0.0	2.5	5
2045_2050	0.0	0.0	0.0	0.0	0.0	0.0	2.5
[TRAIN_FREIGHT_H2_ELD, *, *] :	2015_2020	2020_2025	2025_2030	2030_2035	2035_2040	2040_2045	2045_2050	:=
2015_2020	2.5	5	5	5	5	5	5
2020_2025	0.0	2.5	5	5	5	5	5
2025_2030	0.0	0.0	2.5	5	5	5	5
2030_2035	0.0	0.0	0.0	2.5	5	5	5
2035_2040	0.0	0.0	0.0	0.0	2.5	5	5
2040_2045	0.0	0.0	0.0	0.0	0.0	2.5	5
2045_2050	0.0	0.0	0.0	0.0	0.0	0.0	2.5
[TRAIN_FREIGHT_H2_LD, *, *] :	2015_2020	2020_2025	2025_2030	2030_2035	2035_2040	2040_2045	2045_2050	:=
2015_2020	2.5	5	5	5	5	5	5
2020_2025	0.0	2.5	5	5	5	5	5
2025_2030	0.0	0.0	2.5	5	5	5	5
2030_2035	0.0	0.0	0.0	2.5	5	5	5
2035_2040	0.0	0.0	0.0	0.0	2.5	5	5
2040_2045	0.0	0.0	0.0	0.0	0.0	2.5	5
2045_2050	0.0	0.0	0.0	0.0	0.0	0.0	2.5
[TRAIN_FREIGHT_NG, *, *] :	2015_2020	2020_2025	2025_2030	2030_2035	2035_2040	2040_2045	2045_2050	:=
2015_2020	2.5	5	5	5	5	5	5
2020_2025	0.0	2.5	5	5	5	5	5
2025_2030	0.0	0.0	2.5	5	5	5	5
2030_2035	0.0	0.0	0.0	2.5	5	5	5
2035_2040	0.0	0.0	0.0	0.0	2.5	5	5
2040_2045	0.0	0.0	0.0	0.0	0.0	2.5	5
2045_2050	0.0	0.0	0.0	0.0	0.0	0.0	2.5
[TRAIN_FREIGHT_NG_ELD, *, *] :	2015_2020	2020_2025	2025_2030	2030_2035	2035_2040	2040_2045	2045_2050	:=
2015_2020	2.5	5	5	5	5	5	5
2020_2025	0.0	2.5	5	5	5	5	5
2025_2030	0.0	0.0	2.5	5	5	5	5
2030_2035	0.0	0.0	0.0	2.5	5	5	5
2035_2040	0.0	0.0	0.0	0.0	2.5	5	5
2040_2045	0.0	0.0	0.0	0.0	0.0	2.5	5
2045_2050	0.0	0.0	0.0	0.0	0.0	0.0	2.5
[TRAIN_FREIGHT_NG_LD, *, *] :	2015_2020	2020_2025	2025_2030	2030_2035	2035_2040	2040_2045	2045_2050	:=
2015_2020	2.5	5	5	5	5	5	5
2020_2025	0.0	2.5	5	5	5	5	5
2025_2030	0.0	0.0	2.5	5	5	5	5
2030_2035	0.0	0.0	0.0	2.5	5	5	5
2035_2040	0.0	0.0	0.0	0.0	2.5	5	5
2040_2045	0.0	0.0	0.0	0.0	0.0	2.5	5
2045_2050	0.0	0.0	0.0	0.0	0.0	0.0	2.5
[TRAIN_FREIGHT_SNG, *, *] :	2015_2020	2020_2025	2025_2030	2030_2035	2035_2040	2040_2045	2045_2050	:=
2015_2020	2.5	5	5	5	5	5	5
2020_2025	0.0	2.5	5	5	5	5	5
2025_2030	0.0	0.0	2.5	5	5	5	5
2030_2035	0.0	0.0	0.0	2.5	5	5	5
2035_2040	0.0	0.0	0.0	0.0	2.5	5	5
2040_2045	0.0	0.0	0.0	0.0	0.0	2.5	5
2045_2050	0.0	0.0	0.0	0.0	0.0	0.0	2.5
[TRAIN_FREIGHT_SNG_ELD, *, *] :	2015_2020	2020_2025	2025_2030	2030_2035	2035_2040	2040_2045	2045_2050	:=
2015_2020	2.5	5	5	5	5	5	5
2020_2025	0.0	2.5	5	5	5	5	5
2025_2030	0.0	0.0	2.5	5	5	5	5
2030_2035	0.0	0.0	0.0	2.5	5	5	5
2035_2040	0.0	0.0	0.0	0.0	2.5	5	5
2040_2045	0.0	0.0	0.0	0.0	0.0	2.5	5
2045_2050	0.0	0.0	0.0	0.0	0.0	0.0	2.5
[TRAIN_FREIGHT_SNG_LD, *, *] :	2015_2020	2020_2025	2025_2030	2030_2035	2035_2040	2040_2045	2045_2050	:=
2015_2020	2.5	5	5	5	5	5	5
2020_2025	0.0	2.5	5	5	5	5	5
2025_2030	0.0	0.0	2.5	5	5	5	5
2030_2035	0.0	0.0	0.0	2.5	5	5	5
2035_2040	0.0	0.0	0.0	0.0	2.5	5	5
2040_2045	0.0	0.0	0.0	0.0	0.0	2.5	5
2045_2050	0.0	0.0	0.0	0.0	0.0	0.0	2.5
[TRAIN_H2, *, *] :	2015_2020	2020_2025	2025_2030	2030_2035	2035_2040	2040_2045	2045_2050	:=
2015_2020	2.5	5	5	5	5	5	5
2020_2025	0.0	2.5	5	5	5	5	5
2025_2030	0.0	0.0	2.5	5	5	5	5
2030_2035	0.0	0.0	0.0	2.5	5	5	5
2035_2040	0.0	0.0	0.0	0.0	2.5	5	5
2040_2045	0.0	0.0	0.0	0.0	0.0	2.5	5
2045_2050	0.0	0.0	0.0	0.0	0.0	0.0	2.5
[TRAIN_H2_ELD, *, *] :	2015_2020	2020_2025	2025_2030	2030_2035	2035_2040	2040_2045	2045_2050	:=
2015_2020	2.5	5	5	5	5	5	5
2020_2025	0.0	2.5	5	5	5	5	5
2025_2030	0.0	0.0	2.5	5	5	5	5
2030_2035	0.0	0.0	0.0	2.5	5	5	5
2035_2040	0.0	0.0	0.0	0.0	2.5	5	5
2040_2045	0.0	0.0	0.0	0.0	0.0	2.5	5
2045_2050	0.0	0.0	0.0	0.0	0.0	0.0	2.5
[TRAIN_H2_LD, *, *] :	2015_2020	2020_2025	2025_2030	2030_2035	2035_2040	2040_2045	2045_2050	:=
2015_2020	2.5	5	5	5	5	5	5
2020_2025	0.0	2.5	5	5	5	5	5
2025_2030	0.0	0.0	2.5	5	5	5	5
2030_2035	0.0	0.0	0.0	2.5	5	5	5
2035_2040	0.0	0.0	0.0	0.0	2.5	5	5
2040_2045	0.0	0.0	0.0	0.0	0.0	2.5	5
2045_2050	0.0	0.0	0.0	0.0	0.0	0.0	2.5
[TRAIN_NG, *, *] :	2015_2020	2020_2025	2025_2030	2030_2035	2035_2040	2040_2045	2045_2050	:=
2015_2020	2.5	5	5	5	5	5	5
2020_2025	0.0	2.5	5	5	5	5	5
2025_2030	0.0	0.0	2.5	5	5	5	5
2030_2035	0.0	0.0	0.0	2.5	5	5	5
2035_2040	0.0	0.0	0.0	0.0	2.5	5	5
2040_2045	0.0	0.0	0.0	0.0	0.0	2.5	5
2045_2050	0.0	0.0	0.0	0.0	0.0	0.0	2.5
[TRAIN_NG_ELD, *, *] :	2015_2020	2020_2025	2025_2030	2030_2035	2035_2040	2040_2045	2045_2050	:=
2015_2020	2.5	5	5	5	5	5	5
2020_2025	0.0	2.5	5	5	5	5	5
2025_2030	0.0	0.0	2.5	5	5	5	5
2030_2035	0.0	0.0	0.0	2.5	5	5	5
2035_2040	0.0	0.0	0.0	0.0	2.5	5	5
2040_2045	0.0	0.0	0.0	0.0	0.0	2.5	5
2045_2050	0.0	0.0	0.0	0.0	0.0	0.0	2.5
[TRAIN_NG_LD, *, *] :	2015_2020	2020_2025	2025_2030	2030_2035	2035_2040	2040_2045	2045_2050	:=
2015_2020	2.5	5	5	5	5	5	5
2020_2025	0.0	2.5	5	5	5	5	5
2025_2030	0.0	0.0	2.5	5	5	5	5
2030_2035	0.0	0.0	0.0	2.5	5	5	5
2035_2040	0.0	0.0	0.0	0.0	2.5	5	5
2040_2045	0.0	0.0	0.0	0.0	0.0	2.5	5
2045_2050	0.0	0.0	0.0	0.0	0.0	0.0	2.5
[TRAIN_SNG, *, *] :	2015_2020	2020_2025	2025_2030	2030_2035	2035_2040	2040_2045	2045_2050	:=
2015_2020	2.5	5	5	5	5	5	5
2020_2025	0.0	2.5	5	5	5	5	5
2025_2030	0.0	0.0	2.5	5	5	5	5
2030_2035	0.0	0.0	0.0	2.5	5	5	5
2035_2040	0.0	0.0	0.0	0.0	2.5	5	5
2040_2045	0.0	0.0	0.0	0.0	0.0	2.5	5
2045_2050	0.0	0.0	0.0	0.0	0.0	0.0	2.5
[TRAIN_SNG_ELD, *, *] :	2015_2020	2020_2025	2025_2030	2030_2035	2035_2040	2040_2045	2045_2050	:=
2015_2020	2.5	5	5	5	5	5	5
2020_2025	0.0	2.5	5	5	5	5	5
2025_2030	0.0	0.0	2.5	5	5	5	5
2030_2035	0.0	0.0	0.0	2.5	5	5	5
2035_2040	0.0	0.0	0.0	0.0	2.5	5	5
2040_2045	0.0	0.0	0.0	0.0	0.0	2.5	5
2045_2050	0.0	0.0	0.0	0.0	0.0	0.0	2.5
[TRAIN_SNG_LD, *, *] :	2015_2020	2020_2025	2025_2030	2030_2035	2035_2040	2040_2045	2045_2050	:=
2015_2020	2.5	5	5	5	5	5	5
2020_2025	0.0	2.5	5	5	5	5	5
2025_2030	0.0	0.0	2.5	5	5	5	5
2030_2035	0.0	0.0	0.0	2.5	5	5	5
2035_2040	0.0	0.0	0.0	0.0	2.5	5	5
2040_2045	0.0	0.0	0.0	0.0	0.0	2.5	5
2045_2050	0.0	0.0	0.0	0.0	0.0	0.0	2.5
[TRAMWAY, *, *] :	2015_2020	2020_2025	2025_2030	2030_2035	2035_2040	2040_2045	2045_2050	:=
2015_2020	2.5	5	5	5	5	5	5
2020_2025	0.0	2.5	5	5	5	5	5
2025_2030	0.0	0.0	2.5	5	5	5	5
2030_2035	0.0	0.0	0.0	2.5	5	5	5
2035_2040	0.0	0.0	0.0	0.0	2.5	5	5
2040_2045	0.0	0.0	0.0	0.0	0.0	2.5	5
2045_2050	0.0	0.0	0.0	0.0	0.0	0.0	2.5
[TRAMWAY_SD, *, *] :	2015_2020	2020_2025	2025_2030	2030_2035	2035_2040	2040_2045	2045_2050	:=
2015_2020	2.5	5	5	5	5	5	5
2020_2025	0.0	2.5	5	5	5	5	5
2025_2030	0.0	0.0	2.5	5	5	5	5
2030_2035	0.0	0.0	0.0	2.5	5	5	5
2035_2040	0.0	0.0	0.0	0.0	2.5	5	5
2040_2045	0.0	0.0	0.0	0.0	0.0	2.5	5
2045_2050	0.0	0.0	0.0	0.0	0.0	0.0	2.5
[TRUCK_LH_BIODIESEL_B100, *, *] :	2015_2020	2020_2025	2025_2030	2030_2035	2035_2040	2040_2045	2045_2050	:=
2015_2020	2.5	5	5	2.5	0.0	0.0	0.0
2020_2025	0.0	2.5	5	5	2.5	0.0	0.0
2025_2030	0.0	0.0	2.5	5	5	2.5	0.0
2030_2035	0.0	0.0	0.0	2.5	5	5	2.5
2035_2040	0.0	0.0	0.0	0.0	2.5	5	5
2040_2045	0.0	0.0	0.0	0.0	0.0	2.5	5
2045_2050	0.0	0.0	0.0	0.0	0.0	0.0	2.5
[TRUCK_LH_BIODIESEL_B100_LD, *, *] :	2015_2020	2020_2025	2025_2030	2030_2035	2035_2040	2040_2045	2045_2050	:=
2015_2020	2.5	5	5	2.5	0.0	0.0	0.0
2020_2025	0.0	2.5	5	5	2.5	0.0	0.0
2025_2030	0.0	0.0	2.5	5	5	2.5	0.0
2030_2035	0.0	0.0	0.0	2.5	5	5	2.5
2035_2040	0.0	0.0	0.0	0.0	2.5	5	5
2040_2045	0.0	0.0	0.0	0.0	0.0	2.5	5
2045_2050	0.0	0.0	0.0	0.0	0.0	0.0	2.5
[TRUCK_LH_BIODIESEL_B20, *, *] :	2015_2020	2020_2025	2025_2030	2030_2035	2035_2040	2040_2045	2045_2050	:=
2015_2020	2.5	5	5	2.5	0.0	0.0	0.0
2020_2025	0.0	2.5	5	5	2.5	0.0	0.0
2025_2030	0.0	0.0	2.5	5	5	2.5	0.0
2030_2035	0.0	0.0	0.0	2.5	5	5	2.5
2035_2040	0.0	0.0	0.0	0.0	2.5	5	5
2040_2045	0.0	0.0	0.0	0.0	0.0	2.5	5
2045_2050	0.0	0.0	0.0	0.0	0.0	0.0	2.5
[TRUCK_LH_BIODIESEL_B20_LD, *, *] :	2015_2020	2020_2025	2025_2030	2030_2035	2035_2040	2040_2045	2045_2050	:=
2015_2020	2.5	5	5	2.5	0.0	0.0	0.0
2020_2025	0.0	2.5	5	5	2.5	0.0	0.0
2025_2030	0.0	0.0	2.5	5	5	2.5	0.0
2030_2035	0.0	0.0	0.0	2.5	5	5	2.5
2035_2040	0.0	0.0	0.0	0.0	2.5	5	5
2040_2045	0.0	0.0	0.0	0.0	0.0	2.5	5
2045_2050	0.0	0.0	0.0	0.0	0.0	0.0	2.5
[TRUCK_LH_CNG, *, *] :	2015_2020	2020_2025	2025_2030	2030_2035	2035_2040	2040_2045	2045_2050	:=
2015_2020	2.5	5	5	2.5	0.0	0.0	0.0
2020_2025	0.0	2.5	5	5	2.5	0.0	0.0
2025_2030	0.0	0.0	2.5	5	5	2.5	0.0
2030_2035	0.0	0.0	0.0	2.5	5	5	2.5
2035_2040	0.0	0.0	0.0	0.0	2.5	5	5
2040_2045	0.0	0.0	0.0	0.0	0.0	2.5	5
2045_2050	0.0	0.0	0.0	0.0	0.0	0.0	2.5
[TRUCK_LH_CNG_LD, *, *] :	2015_2020	2020_2025	2025_2030	2030_2035	2035_2040	2040_2045	2045_2050	:=
2015_2020	2.5	5	5	2.5	0.0	0.0	0.0
2020_2025	0.0	2.5	5	5	2.5	0.0	0.0
2025_2030	0.0	0.0	2.5	5	5	2.5	0.0
2030_2035	0.0	0.0	0.0	2.5	5	5	2.5
2035_2040	0.0	0.0	0.0	0.0	2.5	5	5
2040_2045	0.0	0.0	0.0	0.0	0.0	2.5	5
2045_2050	0.0	0.0	0.0	0.0	0.0	0.0	2.5
[TRUCK_LH_CSNG, *, *] :	2015_2020	2020_2025	2025_2030	2030_2035	2035_2040	2040_2045	2045_2050	:=
2015_2020	2.5	5	5	2.5	0.0	0.0	0.0
2020_2025	0.0	2.5	5	5	2.5	0.0	0.0
2025_2030	0.0	0.0	2.5	5	5	2.5	0.0
2030_2035	0.0	0.0	0.0	2.5	5	5	2.5
2035_2040	0.0	0.0	0.0	0.0	2.5	5	5
2040_2045	0.0	0.0	0.0	0.0	0.0	2.5	5
2045_2050	0.0	0.0	0.0	0.0	0.0	0.0	2.5
[TRUCK_LH_CSNG_LD, *, *] :	2015_2020	2020_2025	2025_2030	2030_2035	2035_2040	2040_2045	2045_2050	:=
2015_2020	2.5	5	5	2.5	0.0	0.0	0.0
2020_2025	0.0	2.5	5	5	2.5	0.0	0.0
2025_2030	0.0	0.0	2.5	5	5	2.5	0.0
2030_2035	0.0	0.0	0.0	2.5	5	5	2.5
2035_2040	0.0	0.0	0.0	0.0	2.5	5	5
2040_2045	0.0	0.0	0.0	0.0	0.0	2.5	5
2045_2050	0.0	0.0	0.0	0.0	0.0	0.0	2.5
[TRUCK_LH_DIESEL, *, *] :	2015_2020	2020_2025	2025_2030	2030_2035	2035_2040	2040_2045	2045_2050	:=
2015_2020	2.5	5	5	2.5	0.0	0.0	0.0
2020_2025	0.0	2.5	5	5	2.5	0.0	0.0
2025_2030	0.0	0.0	2.5	5	5	2.5	0.0
2030_2035	0.0	0.0	0.0	2.5	5	5	2.5
2035_2040	0.0	0.0	0.0	0.0	2.5	5	5
2040_2045	0.0	0.0	0.0	0.0	0.0	2.5	5
2045_2050	0.0	0.0	0.0	0.0	0.0	0.0	2.5
[TRUCK_LH_DIESEL_LD, *, *] :	2015_2020	2020_2025	2025_2030	2030_2035	2035_2040	2040_2045	2045_2050	:=
2015_2020	2.5	5	5	2.5	0.0	0.0	0.0
2020_2025	0.0	2.5	5	5	2.5	0.0	0.0
2025_2030	0.0	0.0	2.5	5	5	2.5	0.0
2030_2035	0.0	0.0	0.0	2.5	5	5	2.5
2035_2040	0.0	0.0	0.0	0.0	2.5	5	5
2040_2045	0.0	0.0	0.0	0.0	0.0	2.5	5
2045_2050	0.0	0.0	0.0	0.0	0.0	0.0	2.5
[TRUCK_LH_EV, *, *] :	2015_2020	2020_2025	2025_2030	2030_2035	2035_2040	2040_2045	2045_2050	:=
2015_2020	2.5	5	5	2.5	0.0	0.0	0.0
2020_2025	0.0	2.5	5	5	2.5	0.0	0.0
2025_2030	0.0	0.0	2.5	5	5	2.5	0.0
2030_2035	0.0	0.0	0.0	2.5	5	5	2.5
2035_2040	0.0	0.0	0.0	0.0	2.5	5	5
2040_2045	0.0	0.0	0.0	0.0	0.0	2.5	5
2045_2050	0.0	0.0	0.0	0.0	0.0	0.0	2.5
[TRUCK_LH_EV_LD, *, *] :	2015_2020	2020_2025	2025_2030	2030_2035	2035_2040	2040_2045	2045_2050	:=
2015_2020	2.5	5	5	2.5	0.0	0.0	0.0
2020_2025	0.0	2.5	5	5	2.5	0.0	0.0
2025_2030	0.0	0.0	2.5	5	5	2.5	0.0
2030_2035	0.0	0.0	0.0	2.5	5	5	2.5
2035_2040	0.0	0.0	0.0	0.0	2.5	5	5
2040_2045	0.0	0.0	0.0	0.0	0.0	2.5	5
2045_2050	0.0	0.0	0.0	0.0	0.0	0.0	2.5
[TRUCK_LH_GASOLINE, *, *] :	2015_2020	2020_2025	2025_2030	2030_2035	2035_2040	2040_2045	2045_2050	:=
2015_2020	2.5	5	5	2.5	0.0	0.0	0.0
2020_2025	0.0	2.5	5	5	2.5	0.0	0.0
2025_2030	0.0	0.0	2.5	5	5	2.5	0.0
2030_2035	0.0	0.0	0.0	2.5	5	5	2.5
2035_2040	0.0	0.0	0.0	0.0	2.5	5	5
2040_2045	0.0	0.0	0.0	0.0	0.0	2.5	5
2045_2050	0.0	0.0	0.0	0.0	0.0	0.0	2.5
[TRUCK_LH_GASOLINE_LD, *, *] :	2015_2020	2020_2025	2025_2030	2030_2035	2035_2040	2040_2045	2045_2050	:=
2015_2020	2.5	5	5	2.5	0.0	0.0	0.0
2020_2025	0.0	2.5	5	5	2.5	0.0	0.0
2025_2030	0.0	0.0	2.5	5	5	2.5	0.0
2030_2035	0.0	0.0	0.0	2.5	5	5	2.5
2035_2040	0.0	0.0	0.0	0.0	2.5	5	5
2040_2045	0.0	0.0	0.0	0.0	0.0	2.5	5
2045_2050	0.0	0.0	0.0	0.0	0.0	0.0	2.5
[TRUCK_LH_HY_DIESEL, *, *] :	2015_2020	2020_2025	2025_2030	2030_2035	2035_2040	2040_2045	2045_2050	:=
2015_2020	2.5	5	5	2.5	0.0	0.0	0.0
2020_2025	0.0	2.5	5	5	2.5	0.0	0.0
2025_2030	0.0	0.0	2.5	5	5	2.5	0.0
2030_2035	0.0	0.0	0.0	2.5	5	5	2.5
2035_2040	0.0	0.0	0.0	0.0	2.5	5	5
2040_2045	0.0	0.0	0.0	0.0	0.0	2.5	5
2045_2050	0.0	0.0	0.0	0.0	0.0	0.0	2.5
[TRUCK_LH_HY_DIESEL_LD, *, *] :	2015_2020	2020_2025	2025_2030	2030_2035	2035_2040	2040_2045	2045_2050	:=
2015_2020	2.5	5	5	2.5	0.0	0.0	0.0
2020_2025	0.0	2.5	5	5	2.5	0.0	0.0
2025_2030	0.0	0.0	2.5	5	5	2.5	0.0
2030_2035	0.0	0.0	0.0	2.5	5	5	2.5
2035_2040	0.0	0.0	0.0	0.0	2.5	5	5
2040_2045	0.0	0.0	0.0	0.0	0.0	2.5	5
2045_2050	0.0	0.0	0.0	0.0	0.0	0.0	2.5
[TRUCK_LH_PROPANE, *, *] :	2015_2020	2020_2025	2025_2030	2030_2035	2035_2040	2040_2045	2045_2050	:=
2015_2020	2.5	5	5	2.5	0.0	0.0	0.0
2020_2025	0.0	2.5	5	5	2.5	0.0	0.0
2025_2030	0.0	0.0	2.5	5	5	2.5	0.0
2030_2035	0.0	0.0	0.0	2.5	5	5	2.5
2035_2040	0.0	0.0	0.0	0.0	2.5	5	5
2040_2045	0.0	0.0	0.0	0.0	0.0	2.5	5
2045_2050	0.0	0.0	0.0	0.0	0.0	0.0	2.5
[TRUCK_LH_PROPANE_LD, *, *] :	2015_2020	2020_2025	2025_2030	2030_2035	2035_2040	2040_2045	2045_2050	:=
2015_2020	2.5	5	5	2.5	0.0	0.0	0.0
2020_2025	0.0	2.5	5	5	2.5	0.0	0.0
2025_2030	0.0	0.0	2.5	5	5	2.5	0.0
2030_2035	0.0	0.0	0.0	2.5	5	5	2.5
2035_2040	0.0	0.0	0.0	0.0	2.5	5	5
2040_2045	0.0	0.0	0.0	0.0	0.0	2.5	5
2045_2050	0.0	0.0	0.0	0.0	0.0	0.0	2.5
[TRUCK_SH_BIODIESEL_B100, *, *] :	2015_2020	2020_2025	2025_2030	2030_2035	2035_2040	2040_2045	2045_2050	:=
2015_2020	2.5	5	5	2.5	0.0	0.0	0.0
2020_2025	0.0	2.5	5	5	2.5	0.0	0.0
2025_2030	0.0	0.0	2.5	5	5	2.5	0.0
2030_2035	0.0	0.0	0.0	2.5	5	5	2.5
2035_2040	0.0	0.0	0.0	0.0	2.5	5	5
2040_2045	0.0	0.0	0.0	0.0	0.0	2.5	5
2045_2050	0.0	0.0	0.0	0.0	0.0	0.0	2.5
[TRUCK_SH_BIODIESEL_B100_MD, *, *] :	2015_2020	2020_2025	2025_2030	2030_2035	2035_2040	2040_2045	2045_2050	:=
2015_2020	2.5	5	5	2.5	0.0	0.0	0.0
2020_2025	0.0	2.5	5	5	2.5	0.0	0.0
2025_2030	0.0	0.0	2.5	5	5	2.5	0.0
2030_2035	0.0	0.0	0.0	2.5	5	5	2.5
2035_2040	0.0	0.0	0.0	0.0	2.5	5	5
2040_2045	0.0	0.0	0.0	0.0	0.0	2.5	5
2045_2050	0.0	0.0	0.0	0.0	0.0	0.0	2.5
[TRUCK_SH_BIODIESEL_B100_SD, *, *] :	2015_2020	2020_2025	2025_2030	2030_2035	2035_2040	2040_2045	2045_2050	:=
2015_2020	2.5	5	5	2.5	0.0	0.0	0.0
2020_2025	0.0	2.5	5	5	2.5	0.0	0.0
2025_2030	0.0	0.0	2.5	5	5	2.5	0.0
2030_2035	0.0	0.0	0.0	2.5	5	5	2.5
2035_2040	0.0	0.0	0.0	0.0	2.5	5	5
2040_2045	0.0	0.0	0.0	0.0	0.0	2.5	5
2045_2050	0.0	0.0	0.0	0.0	0.0	0.0	2.5
[TRUCK_SH_BIODIESEL_B20, *, *] :	2015_2020	2020_2025	2025_2030	2030_2035	2035_2040	2040_2045	2045_2050	:=
2015_2020	2.5	5	5	2.5	0.0	0.0	0.0
2020_2025	0.0	2.5	5	5	2.5	0.0	0.0
2025_2030	0.0	0.0	2.5	5	5	2.5	0.0
2030_2035	0.0	0.0	0.0	2.5	5	5	2.5
2035_2040	0.0	0.0	0.0	0.0	2.5	5	5
2040_2045	0.0	0.0	0.0	0.0	0.0	2.5	5
2045_2050	0.0	0.0	0.0	0.0	0.0	0.0	2.5
[TRUCK_SH_BIODIESEL_B20_MD, *, *] :	2015_2020	2020_2025	2025_2030	2030_2035	2035_2040	2040_2045	2045_2050	:=
2015_2020	2.5	5	5	2.5	0.0	0.0	0.0
2020_2025	0.0	2.5	5	5	2.5	0.0	0.0
2025_2030	0.0	0.0	2.5	5	5	2.5	0.0
2030_2035	0.0	0.0	0.0	2.5	5	5	2.5
2035_2040	0.0	0.0	0.0	0.0	2.5	5	5
2040_2045	0.0	0.0	0.0	0.0	0.0	2.5	5
2045_2050	0.0	0.0	0.0	0.0	0.0	0.0	2.5
[TRUCK_SH_BIODIESEL_B20_SD, *, *] :	2015_2020	2020_2025	2025_2030	2030_2035	2035_2040	2040_2045	2045_2050	:=
2015_2020	2.5	5	5	2.5	0.0	0.0	0.0
2020_2025	0.0	2.5	5	5	2.5	0.0	0.0
2025_2030	0.0	0.0	2.5	5	5	2.5	0.0
2030_2035	0.0	0.0	0.0	2.5	5	5	2.5
2035_2040	0.0	0.0	0.0	0.0	2.5	5	5
2040_2045	0.0	0.0	0.0	0.0	0.0	2.5	5
2045_2050	0.0	0.0	0.0	0.0	0.0	0.0	2.5
[TRUCK_SH_CNG, *, *] :	2015_2020	2020_2025	2025_2030	2030_2035	2035_2040	2040_2045	2045_2050	:=
2015_2020	2.5	5	5	2.5	0.0	0.0	0.0
2020_2025	0.0	2.5	5	5	2.5	0.0	0.0
2025_2030	0.0	0.0	2.5	5	5	2.5	0.0
2030_2035	0.0	0.0	0.0	2.5	5	5	2.5
2035_2040	0.0	0.0	0.0	0.0	2.5	5	5
2040_2045	0.0	0.0	0.0	0.0	0.0	2.5	5
2045_2050	0.0	0.0	0.0	0.0	0.0	0.0	2.5
[TRUCK_SH_CNG_MD, *, *] :	2015_2020	2020_2025	2025_2030	2030_2035	2035_2040	2040_2045	2045_2050	:=
2015_2020	2.5	5	5	2.5	0.0	0.0	0.0
2020_2025	0.0	2.5	5	5	2.5	0.0	0.0
2025_2030	0.0	0.0	2.5	5	5	2.5	0.0
2030_2035	0.0	0.0	0.0	2.5	5	5	2.5
2035_2040	0.0	0.0	0.0	0.0	2.5	5	5
2040_2045	0.0	0.0	0.0	0.0	0.0	2.5	5
2045_2050	0.0	0.0	0.0	0.0	0.0	0.0	2.5
[TRUCK_SH_CNG_SD, *, *] :	2015_2020	2020_2025	2025_2030	2030_2035	2035_2040	2040_2045	2045_2050	:=
2015_2020	2.5	5	5	2.5	0.0	0.0	0.0
2020_2025	0.0	2.5	5	5	2.5	0.0	0.0
2025_2030	0.0	0.0	2.5	5	5	2.5	0.0
2030_2035	0.0	0.0	0.0	2.5	5	5	2.5
2035_2040	0.0	0.0	0.0	0.0	2.5	5	5
2040_2045	0.0	0.0	0.0	0.0	0.0	2.5	5
2045_2050	0.0	0.0	0.0	0.0	0.0	0.0	2.5
[TRUCK_SH_CSNG, *, *] :	2015_2020	2020_2025	2025_2030	2030_2035	2035_2040	2040_2045	2045_2050	:=
2015_2020	2.5	5	5	2.5	0.0	0.0	0.0
2020_2025	0.0	2.5	5	5	2.5	0.0	0.0
2025_2030	0.0	0.0	2.5	5	5	2.5	0.0
2030_2035	0.0	0.0	0.0	2.5	5	5	2.5
2035_2040	0.0	0.0	0.0	0.0	2.5	5	5
2040_2045	0.0	0.0	0.0	0.0	0.0	2.5	5
2045_2050	0.0	0.0	0.0	0.0	0.0	0.0	2.5
[TRUCK_SH_CSNG_MD, *, *] :	2015_2020	2020_2025	2025_2030	2030_2035	2035_2040	2040_2045	2045_2050	:=
2015_2020	2.5	5	5	2.5	0.0	0.0	0.0
2020_2025	0.0	2.5	5	5	2.5	0.0	0.0
2025_2030	0.0	0.0	2.5	5	5	2.5	0.0
2030_2035	0.0	0.0	0.0	2.5	5	5	2.5
2035_2040	0.0	0.0	0.0	0.0	2.5	5	5
2040_2045	0.0	0.0	0.0	0.0	0.0	2.5	5
2045_2050	0.0	0.0	0.0	0.0	0.0	0.0	2.5
[TRUCK_SH_CSNG_SD, *, *] :	2015_2020	2020_2025	2025_2030	2030_2035	2035_2040	2040_2045	2045_2050	:=
2015_2020	2.5	5	5	2.5	0.0	0.0	0.0
2020_2025	0.0	2.5	5	5	2.5	0.0	0.0
2025_2030	0.0	0.0	2.5	5	5	2.5	0.0
2030_2035	0.0	0.0	0.0	2.5	5	5	2.5
2035_2040	0.0	0.0	0.0	0.0	2.5	5	5
2040_2045	0.0	0.0	0.0	0.0	0.0	2.5	5
2045_2050	0.0	0.0	0.0	0.0	0.0	0.0	2.5
[TRUCK_SH_DIESEL, *, *] :	2015_2020	2020_2025	2025_2030	2030_2035	2035_2040	2040_2045	2045_2050	:=
2015_2020	2.5	5	5	2.5	0.0	0.0	0.0
2020_2025	0.0	2.5	5	5	2.5	0.0	0.0
2025_2030	0.0	0.0	2.5	5	5	2.5	0.0
2030_2035	0.0	0.0	0.0	2.5	5	5	2.5
2035_2040	0.0	0.0	0.0	0.0	2.5	5	5
2040_2045	0.0	0.0	0.0	0.0	0.0	2.5	5
2045_2050	0.0	0.0	0.0	0.0	0.0	0.0	2.5
[TRUCK_SH_DIESEL_MD, *, *] :	2015_2020	2020_2025	2025_2030	2030_2035	2035_2040	2040_2045	2045_2050	:=
2015_2020	2.5	5	5	2.5	0.0	0.0	0.0
2020_2025	0.0	2.5	5	5	2.5	0.0	0.0
2025_2030	0.0	0.0	2.5	5	5	2.5	0.0
2030_2035	0.0	0.0	0.0	2.5	5	5	2.5
2035_2040	0.0	0.0	0.0	0.0	2.5	5	5
2040_2045	0.0	0.0	0.0	0.0	0.0	2.5	5
2045_2050	0.0	0.0	0.0	0.0	0.0	0.0	2.5
[TRUCK_SH_DIESEL_SD, *, *] :	2015_2020	2020_2025	2025_2030	2030_2035	2035_2040	2040_2045	2045_2050	:=
2015_2020	2.5	5	5	2.5	0.0	0.0	0.0
2020_2025	0.0	2.5	5	5	2.5	0.0	0.0
2025_2030	0.0	0.0	2.5	5	5	2.5	0.0
2030_2035	0.0	0.0	0.0	2.5	5	5	2.5
2035_2040	0.0	0.0	0.0	0.0	2.5	5	5
2040_2045	0.0	0.0	0.0	0.0	0.0	2.5	5
2045_2050	0.0	0.0	0.0	0.0	0.0	0.0	2.5
[TRUCK_SH_EV, *, *] :	2015_2020	2020_2025	2025_2030	2030_2035	2035_2040	2040_2045	2045_2050	:=
2015_2020	2.5	5	5	2.5	0.0	0.0	0.0
2020_2025	0.0	2.5	5	5	2.5	0.0	0.0
2025_2030	0.0	0.0	2.5	5	5	2.5	0.0
2030_2035	0.0	0.0	0.0	2.5	5	5	2.5
2035_2040	0.0	0.0	0.0	0.0	2.5	5	5
2040_2045	0.0	0.0	0.0	0.0	0.0	2.5	5
2045_2050	0.0	0.0	0.0	0.0	0.0	0.0	2.5
[TRUCK_SH_EV_MD, *, *] :	2015_2020	2020_2025	2025_2030	2030_2035	2035_2040	2040_2045	2045_2050	:=
2015_2020	2.5	5	5	2.5	0.0	0.0	0.0
2020_2025	0.0	2.5	5	5	2.5	0.0	0.0
2025_2030	0.0	0.0	2.5	5	5	2.5	0.0
2030_2035	0.0	0.0	0.0	2.5	5	5	2.5
2035_2040	0.0	0.0	0.0	0.0	2.5	5	5
2040_2045	0.0	0.0	0.0	0.0	0.0	2.5	5
2045_2050	0.0	0.0	0.0	0.0	0.0	0.0	2.5
[TRUCK_SH_EV_SD, *, *] :	2015_2020	2020_2025	2025_2030	2030_2035	2035_2040	2040_2045	2045_2050	:=
2015_2020	2.5	5	5	2.5	0.0	0.0	0.0
2020_2025	0.0	2.5	5	5	2.5	0.0	0.0
2025_2030	0.0	0.0	2.5	5	5	2.5	0.0
2030_2035	0.0	0.0	0.0	2.5	5	5	2.5
2035_2040	0.0	0.0	0.0	0.0	2.5	5	5
2040_2045	0.0	0.0	0.0	0.0	0.0	2.5	5
2045_2050	0.0	0.0	0.0	0.0	0.0	0.0	2.5
[TRUCK_SH_GASOLINE, *, *] :	2015_2020	2020_2025	2025_2030	2030_2035	2035_2040	2040_2045	2045_2050	:=
2015_2020	2.5	5	5	2.5	0.0	0.0	0.0
2020_2025	0.0	2.5	5	5	2.5	0.0	0.0
2025_2030	0.0	0.0	2.5	5	5	2.5	0.0
2030_2035	0.0	0.0	0.0	2.5	5	5	2.5
2035_2040	0.0	0.0	0.0	0.0	2.5	5	5
2040_2045	0.0	0.0	0.0	0.0	0.0	2.5	5
2045_2050	0.0	0.0	0.0	0.0	0.0	0.0	2.5
[TRUCK_SH_GASOLINE_MD, *, *] :	2015_2020	2020_2025	2025_2030	2030_2035	2035_2040	2040_2045	2045_2050	:=
2015_2020	2.5	5	5	2.5	0.0	0.0	0.0
2020_2025	0.0	2.5	5	5	2.5	0.0	0.0
2025_2030	0.0	0.0	2.5	5	5	2.5	0.0
2030_2035	0.0	0.0	0.0	2.5	5	5	2.5
2035_2040	0.0	0.0	0.0	0.0	2.5	5	5
2040_2045	0.0	0.0	0.0	0.0	0.0	2.5	5
2045_2050	0.0	0.0	0.0	0.0	0.0	0.0	2.5
[TRUCK_SH_GASOLINE_SD, *, *] :	2015_2020	2020_2025	2025_2030	2030_2035	2035_2040	2040_2045	2045_2050	:=
2015_2020	2.5	5	5	2.5	0.0	0.0	0.0
2020_2025	0.0	2.5	5	5	2.5	0.0	0.0
2025_2030	0.0	0.0	2.5	5	5	2.5	0.0
2030_2035	0.0	0.0	0.0	2.5	5	5	2.5
2035_2040	0.0	0.0	0.0	0.0	2.5	5	5
2040_2045	0.0	0.0	0.0	0.0	0.0	2.5	5
2045_2050	0.0	0.0	0.0	0.0	0.0	0.0	2.5
[TRUCK_SH_HY_DIESEL, *, *] :	2015_2020	2020_2025	2025_2030	2030_2035	2035_2040	2040_2045	2045_2050	:=
2015_2020	2.5	5	5	2.5	0.0	0.0	0.0
2020_2025	0.0	2.5	5	5	2.5	0.0	0.0
2025_2030	0.0	0.0	2.5	5	5	2.5	0.0
2030_2035	0.0	0.0	0.0	2.5	5	5	2.5
2035_2040	0.0	0.0	0.0	0.0	2.5	5	5
2040_2045	0.0	0.0	0.0	0.0	0.0	2.5	5
2045_2050	0.0	0.0	0.0	0.0	0.0	0.0	2.5
[TRUCK_SH_HY_DIESEL_MD, *, *] :	2015_2020	2020_2025	2025_2030	2030_2035	2035_2040	2040_2045	2045_2050	:=
2015_2020	2.5	5	5	2.5	0.0	0.0	0.0
2020_2025	0.0	2.5	5	5	2.5	0.0	0.0
2025_2030	0.0	0.0	2.5	5	5	2.5	0.0
2030_2035	0.0	0.0	0.0	2.5	5	5	2.5
2035_2040	0.0	0.0	0.0	0.0	2.5	5	5
2040_2045	0.0	0.0	0.0	0.0	0.0	2.5	5
2045_2050	0.0	0.0	0.0	0.0	0.0	0.0	2.5
[TRUCK_SH_HY_DIESEL_SD, *, *] :	2015_2020	2020_2025	2025_2030	2030_2035	2035_2040	2040_2045	2045_2050	:=
2015_2020	2.5	5	5	2.5	0.0	0.0	0.0
2020_2025	0.0	2.5	5	5	2.5	0.0	0.0
2025_2030	0.0	0.0	2.5	5	5	2.5	0.0
2030_2035	0.0	0.0	0.0	2.5	5	5	2.5
2035_2040	0.0	0.0	0.0	0.0	2.5	5	5
2040_2045	0.0	0.0	0.0	0.0	0.0	2.5	5
2045_2050	0.0	0.0	0.0	0.0	0.0	0.0	2.5
[TRUCK_SH_PROPANE, *, *] :	2015_2020	2020_2025	2025_2030	2030_2035	2035_2040	2040_2045	2045_2050	:=
2015_2020	2.5	5	5	2.5	0.0	0.0	0.0
2020_2025	0.0	2.5	5	5	2.5	0.0	0.0
2025_2030	0.0	0.0	2.5	5	5	2.5	0.0
2030_2035	0.0	0.0	0.0	2.5	5	5	2.5
2035_2040	0.0	0.0	0.0	0.0	2.5	5	5
2040_2045	0.0	0.0	0.0	0.0	0.0	2.5	5
2045_2050	0.0	0.0	0.0	0.0	0.0	0.0	2.5
[TRUCK_SH_PROPANE_MD, *, *] :	2015_2020	2020_2025	2025_2030	2030_2035	2035_2040	2040_2045	2045_2050	:=
2015_2020	2.5	5	5	2.5	0.0	0.0	0.0
2020_2025	0.0	2.5	5	5	2.5	0.0	0.0
2025_2030	0.0	0.0	2.5	5	5	2.5	0.0
2030_2035	0.0	0.0	0.0	2.5	5	5	2.5
2035_2040	0.0	0.0	0.0	0.0	2.5	5	5
2040_2045	0.0	0.0	0.0	0.0	0.0	2.5	5
2045_2050	0.0	0.0	0.0	0.0	0.0	0.0	2.5
[TRUCK_SH_PROPANE_SD, *, *] :	2015_2020	2020_2025	2025_2030	2030_2035	2035_2040	2040_2045	2045_2050	:=
2015_2020	2.5	5	5	2.5	0.0	0.0	0.0
2020_2025	0.0	2.5	5	5	2.5	0.0	0.0
2025_2030	0.0	0.0	2.5	5	5	2.5	0.0
2030_2035	0.0	0.0	0.0	2.5	5	5	2.5
2035_2040	0.0	0.0	0.0	0.0	2.5	5	5
2040_2045	0.0	0.0	0.0	0.0	0.0	2.5	5
2045_2050	0.0	0.0	0.0	0.0	0.0	0.0	2.5
[UNMINEABLE_COAL_SEAM, *, *] :	2015_2020	2020_2025	2025_2030	2030_2035	2035_2040	2040_2045	2045_2050	:=
2015_2020	2.5	5	5	5	5	2.5	0.0
2020_2025	0.0	2.5	5	5	5	5	2.5
2025_2030	0.0	0.0	2.5	5	5	5	5
2030_2035	0.0	0.0	0.0	2.5	5	5	5
2035_2040	0.0	0.0	0.0	0.0	2.5	5	5
2040_2045	0.0	0.0	0.0	0.0	0.0	2.5	5
2045_2050	0.0	0.0	0.0	0.0	0.0	0.0	2.5
[WIND_OFFSHORE, *, *] :	2015_2020	2020_2025	2025_2030	2030_2035	2035_2040	2040_2045	2045_2050	:=
2015_2020	2.5	5	5	5	5	2.5	0.0
2020_2025	0.0	2.5	5	5	5	5	2.5
2025_2030	0.0	0.0	2.5	5	5	5	5
2030_2035	0.0	0.0	0.0	2.5	5	5	5
2035_2040	0.0	0.0	0.0	0.0	2.5	5	5
2040_2045	0.0	0.0	0.0	0.0	0.0	2.5	5
2045_2050	0.0	0.0	0.0	0.0	0.0	0.0	2.5
[WIND_ONSHORE, *, *] :	2015_2020	2020_2025	2025_2030	2030_2035	2035_2040	2040_2045	2045_2050	:=
2015_2020	2.5	5	5	5	5	2.5	0.0
2020_2025	0.0	2.5	5	5	5	5	2.5
2025_2030	0.0	0.0	2.5	5	5	5	5
2030_2035	0.0	0.0	0.0	2.5	5	5	5
2035_2040	0.0	0.0	0.0	0.0	2.5	5	5
2040_2045	0.0	0.0	0.0	0.0	0.0	2.5	5
2045_2050	0.0	0.0	0.0	0.0	0.0	0.0	2.5
[WOOD_METHANOL, *, *] :	2015_2020	2020_2025	2025_2030	2030_2035	2035_2040	2040_2045	2045_2050	:=
2015_2020	2.5	5	5	5	2.5	0.0	0.0
2020_2025	0.0	2.5	5	5	5	2.5	0.0
2025_2030	0.0	0.0	2.5	5	5	5	2.5
2030_2035	0.0	0.0	0.0	2.5	5	5	5
2035_2040	0.0	0.0	0.0	0.0	2.5	5	5
2040_2045	0.0	0.0	0.0	0.0	0.0	2.5	5
2045_2050	0.0	0.0	0.0	0.0	0.0	0.0	2.5
;
