Years,Technologies,F_Mult,f_min,f_max,F_year
YEAR_2020,PV_ROOF,0.0118,0.0118,0.011801,13.595016
YEAR_2020,TRAFO_ML,21.63268848918356,,21.632689,109452.3456772194
YEAR_2020,TRAFO_HM,22.12702513659585,,22.127025,115831.47659245603
YEAR_2020,WIND_ONSHORE,3.946,3.946,3.946001,11453.596464
YEAR_2020,CCGT,0.5557,0.5557,0.555701,2190.5694
YEAR_2020,TRAFO_EH,29.23042015053716,,29.231351,178491.6337124394
YEAR_2020,HYDRO_RIVER,15.13,15.13,15.130001,73573.19568
YEAR_2020,HYDRO_DAM,26.357,26.357,26.357001,127918.53838130401
YEAR_2020,IND_BOILER_COAL,0.434735,,0.434735,3427.4402749999967
YEAR_2020,IND_BOILER_GAS,4.451950480279756,,4.544308,37036.81730000001
YEAR_2020,IND_BOILER_OIL,2.62664,,2.62664,18876.499424999998
YEAR_2020,IND_COGEN_WOOD,1.845152,,1.845152,13738.992999999991
YEAR_2020,DHN_BOILER_GAS,0.539492458849945,,0.540855,2040.8461976817393
YEAR_2020,DEC_BOILER_GAS,5.109943591188681,,5.109944,19330.407269596733
YEAR_2020,DEC_BOILER_OIL,1.701631413271328,,1.701632,6437.1020255475205
YEAR_2020,DEC_BOILER_WOOD,2.254535388800145,,2.254536,8528.682654026621
YEAR_2020,DEC_DIRECT_ELEC,14.11546176795253,,14.115462,53397.38490331784
YEAR_2020,DEC_HP_ELEC,2.06518471224918,,2.065186,7812.387918246106
YEAR_2020,COMMUTER_RAIL_ELEC_SD,0.6446371709625087,,0.644638,1931.2813932299991
YEAR_2020,BUS_CNG_SD,0.03211175779573514,,0.032113,83.54580249232002
YEAR_2020,BUS_DIESEL_SD,0.3086542019628817,,0.308655,803.0318103308684
YEAR_2020,BUS_GASOLINE_SD,0.01264400463207071,,0.012645,32.896159731351005
YEAR_2020,BUS_HY_DIESEL_SD,0.1322803722698064,,0.132281,344.15649014180076
YEAR_2020,SCHOOLBUS_CNG_SD,0.5756032584885524,,0.575604,1497.558509674836
YEAR_2020,SCHOOLBUS_DIESEL_SD,0.8110225828285355,,0.811024,2110.053674196657
YEAR_2020,SCHOOLBUS_GASOLINE_SD,0.1346686842558643,,0.13467,350.37020920216713
YEAR_2020,CAR_GASOLINE_SD,65.30842588297833,,65.308427,29177.192347479406
YEAR_2020,CAR_EV_SD,1.176835486424255,,1.176836,525.7630219147567
YEAR_2020,SUV_GASOLINE_SD,47.98873594641126,,47.988737,21439.44767141869
YEAR_2020,SUV_DIESEL_SD,0.427940176881546,,0.427941,191.18655342359997
YEAR_2020,SUV_HY_GASOLINE_SD,0.6656847195935176,,0.665686,297.4013053255999
YEAR_2020,CAR_PHEV_SD,0.8915420351698897,,0.891543,398.3053196325001
YEAR_2020,SUV_PHEV_GASOLINE_SD,0.3328423597967588,,0.332843,148.70065266281898
YEAR_2020,CAR_DIESEL_SD,0.6300230381867207,,0.630024,281.4690925403
YEAR_2020,CAR_HEV_SD,1.022301533661472,,1.022303,456.7234331786001
YEAR_2020,SUV_EV_SD,0.427940176881546,,0.427941,191.1865534237467
YEAR_2020,COMMUTER_RAIL_DIESEL_MD,0.006404779472082028,,0.006406,19.188206915999977
YEAR_2020,COACH_DIESEL_MD,0.04388774339258107,,0.043889,114.18361973934606
YEAR_2020,COACH_GASOLINE_MD,0.008893667783102719,,0.008895,23.13883334465399
YEAR_2020,SUV_PHEV_GASOLINE_MD,0.3259879715104306,,0.325989,145.63838615200004
YEAR_2020,SUV_HY_GASOLINE_MD,0.6519759430208613,,0.651977,291.2767723040001
YEAR_2020,CAR_DIESEL_MD,0.6170486603590294,,0.61705,275.6726595019998
YEAR_2020,SUV_DIESEL_MD,0.4191273919419822,,0.419128,187.24935362399998
YEAR_2020,SUV_EV_MD,0.4191273919419822,,0.419128,187.24935362400004
YEAR_2020,CAR_HEV_MD,1.00124876963918,,1.00125,447.31790032400016
YEAR_2020,SUV_GASOLINE_MD,47.00048003527172,,47.000481,20997.934460558
YEAR_2020,CAR_EV_MD,1.152600327840451,,1.152601,514.9357224643697
YEAR_2020,CAR_PHEV_MD,0.8731820665457939,,0.873183,390.10282005
YEAR_2020,CAR_GASOLINE_MD,63.96349698136797,,63.963498,28576.331911397967
YEAR_2020,TRAIN_DIESEL_LD,0.008679864198256025,,0.008681,20.909792853598237
YEAR_2020,COACH_DIESEL_LD,0.07701006673570462,,0.077011,200.35863082761742
YEAR_2020,COACH_GASOLINE_LD,0.0156057681839642,,0.015607,40.601839199583324
YEAR_2020,PLANE_SH_LD,18.07831908295339,18.07831908295339,18.07832,9695.173953119202
YEAR_2020,SUV_GASOLINE_LD,6.000736990779771,,6.000738,2680.889258000801
YEAR_2020,CAR_GASOLINE_LD,8.166472387254005,,8.166473,3648.4532037296012
YEAR_2020,CAR_HEV_LD,0.1278333864768556,,0.127834,57.110843742399936
YEAR_2020,SUV_DIESEL_LD,0.05351165015310233,,0.053513,23.906864822399996
YEAR_2020,CAR_DIESEL_LD,0.07878104050317844,,0.078782,35.19621765519912
YEAR_2020,CAR_EV_LD,0.1471570379210303,,0.147158,65.74387826160051
YEAR_2020,SUV_EV_LD,0.05351165015310233,,0.053513,23.906864822399996
YEAR_2020,SUV_HY_GASOLINE_LD,0.08324034468260222,,0.083241,37.1884563904
YEAR_2020,CAR_PHEV_LD,0.1114826044856299,,0.111484,49.80596838000001
YEAR_2020,SUV_PHEV_GASOLINE_LD,0.04162017234130111,,0.041621,18.594228195200007
YEAR_2020,LCV_DIESEL_SD,3.581614262041537,,3.581615,2917.8695069999985
YEAR_2020,LCV_GASOLINE_SD,5.537445169244366,,5.537446,4511.24583048
YEAR_2020,LCV_PROPANE_SD,0.02988074090440415,,0.029882,24.34324199999997
YEAR_2020,TRUCK_SH_DIESEL_SD,2.029172784357051,,2.029175,1653.1264839600021
YEAR_2020,TRUCK_SH_GASOLINE_SD,2.404042,,2.404042,1958.5249365599993
YEAR_2020,LCV_DIESEL_MD,0.05892121078214758,,0.058922,48.001932
YEAR_2020,LCV_GASOLINE_MD,3.446890830755634,,3.446892,2808.1130220000005
YEAR_2020,LCV_PROPANE_MD,0.01964040359404919,,0.019641,16.000643999999998
YEAR_2020,SEMI_SH_DIESEL_MD,25.91551254234791,,25.915514,21112.849758
YEAR_2020,TRUCK_SH_DIESEL_MD,1.505764275543771,,1.505765,1226.7160400000002
YEAR_2020,TRUCK_SH_GASOLINE_MD,1.787276727058477,,1.787278,1456.0586040000003
YEAR_2020,TRAIN_FREIGHT_DIESEL_LD,2.655072899142823,,2.655074,7954.385999999997
YEAR_2020,SEMI_LH_DIESEL_LD,15.67769820813081,,15.677699,12772.307176200002
YEAR_2020,TRUCK_LH_DIESEL_LD,0.1858952256100524,,0.185896,151.4451223999975
YEAR_2020,TRUCK_LH_GASOLINE_LD,0.1618570498846173,,0.161858,131.86170140000002
YEAR_2020,TRAIN_FREIGHT_DIESEL_ELD,7.963623423856438,,7.963624,23858.378687999983
YEAR_2020,SEMI_LH_DIESEL_ELD,23.85129112289496,,23.851292,19431.16985200006
YEAR_2020,PLANE_FREIGHT_ELD,0.09676728462709042,,0.096768,508.60884799998723
YEAR_2020,BULK_CARRIER_ELD,8.493776398679948,,8.493777,40923.01468883998
YEAR_2020,CONTAINER_ELD,1.990396223750818,,1.990397,12205.10964404
YEAR_2020,OIL_TANKER_ELD,4.43936412650304,,4.439365,18666.638279119994
YEAR_2020,DHN,0.539492458849945,,0.540855,
YEAR_2020,EHV_GRID,35.52171058676679,,35.522671,230676.92940948618
YEAR_2020,HV_GRID,30.064616,,30.064616,185353.4607324394
YEAR_2020,MV_GRID,23.68174913659585,,23.895297,127285.07305645604
YEAR_2020,LV_GRID,21.63363248918357,,21.633633,109465.94069321941
YEAR_2020,EHP_NG_GRID,10.104598,,10.104598,65063.93655380608
YEAR_2020,HP_NG_GRID,10.104598,,10.104598,65063.93655380608
YEAR_2020,MP_NG_GRID,9.759317660681488,,9.760793,61438.41960874866
YEAR_2020,LP_NG_GRID,5.672037386219437,,5.672038,21456.752069252376
YEAR_2020,LT_DEC_WH,0.059897,,0.059897,194.8547219786488
YEAR_2020,NG_EXP_EH,10.104598,,10.104598,65063.93655380608
YEAR_2020,NG_EXP_HM,9.759317660681488,,9.760793,61438.41960874866
YEAR_2020,NG_EXP_ML,5.672037386219437,,5.672038,21456.752069252376
YEAR_2020,CAR_DIESEL,1.325852739048929,,1.325854,592.3379696974989
YEAR_2020,CAR_EV,2.476592852185736,,2.476594,1106.442622640727
YEAR_2020,CAR_GASOLINE,137.4383952516003,,137.438396,61401.97746260698
YEAR_2020,CAR_HEV,2.151383689777508,,2.151385,961.1521772450002
YEAR_2020,CAR_PHEV,1.876206706201313,,1.876208,838.2141080625001
YEAR_2020,SUV_DIESEL,0.9005792189766305,,0.90058,402.34277187
YEAR_2020,SUV_EV,0.9005792189766305,,0.90058,402.3427718701467
YEAR_2020,SUV_GASOLINE,100.9899529724627,,100.989954,45118.27138997749
YEAR_2020,SUV_HY_GASOLINE,1.400901007296981,,1.400902,625.86653402
YEAR_2020,SUV_PHEV_GASOLINE,0.7004505036484906,,0.700452,312.933267010019
YEAR_2020,BUS_CNG,0.03211175779573514,,0.032113,83.54580249232002
YEAR_2020,BUS_DIESEL,0.3086542019628817,,0.308655,803.0318103308684
YEAR_2020,BUS_GASOLINE,0.01264400463207071,,0.012645,32.896159731351005
YEAR_2020,BUS_HY_DIESEL,0.1322803722698064,,0.132281,344.15649014180076
YEAR_2020,SCHOOLBUS_CNG,0.5756032584885524,,0.575604,1497.558509674836
YEAR_2020,SCHOOLBUS_DIESEL,0.8110225828285355,,0.811024,2110.053674196657
YEAR_2020,SCHOOLBUS_GASOLINE,0.1346686842558643,,0.13467,350.37020920216713
YEAR_2020,COACH_DIESEL,0.1208978101282857,,0.120899,314.5422505669635
YEAR_2020,COACH_GASOLINE,0.02449943596706692,,0.0245,63.74067254423732
YEAR_2020,COMMUTER_RAIL_DIESEL,0.006404779472082028,,0.006406,19.188206915999977
YEAR_2020,COMMUTER_RAIL_ELEC,0.6446371709625087,,0.644638,1931.2813932299991
YEAR_2020,TRAIN_DIESEL,0.008679864198256025,,0.008681,20.909792853598237
YEAR_2020,PLANE_SH,18.07831908295339,,18.07832,9695.173953119202
YEAR_2020,LCV_DIESEL,3.640535472823684,,3.640536,2965.871438999999
YEAR_2020,LCV_GASOLINE,8.984336,,8.984336,7319.358852480002
YEAR_2020,LCV_PROPANE,0.04952114449845334,,0.049522,40.34388599999996
YEAR_2020,TRUCK_SH_DIESEL,3.534937059900823,,3.534939,2879.8425239600024
YEAR_2020,TRUCK_SH_GASOLINE,4.191318727058476,,4.191319,3414.58354056
YEAR_2020,SEMI_SH_DIESEL,25.91551254234791,,25.915514,21112.849758
YEAR_2020,SEMI_LH_DIESEL,39.52898933102578,,39.52899,32203.477028200065
YEAR_2020,TRAIN_FREIGHT_DIESEL,10.61869632299926,,10.618697,31812.76468799998
YEAR_2020,TRUCK_LH_DIESEL,0.1858952256100524,,0.185896,151.4451223999975
YEAR_2020,TRUCK_LH_GASOLINE,0.1618570498846173,,0.161858,131.86170140000002
YEAR_2020,PLANE_FREIGHT,0.09676728462709042,,0.096768,508.60884799998723
YEAR_2020,BULK_CARRIER,8.493776398679948,,8.493777,40923.01468883998
YEAR_2020,CONTAINER,1.990396223750818,,1.990397,12205.10964404
YEAR_2020,OIL_TANKER,4.43936412650304,,4.439365,18666.638279119994
YEAR_2025,PV_ROOF,0.0118,0.0118,0.011801,13.595016
YEAR_2025,TRAFO_ML,21.79353934469968,,21.793583,111700.85522162136
YEAR_2025,TRAFO_HM,22.32240483716175,,22.322449,118408.93359332814
YEAR_2025,WIND_ONSHORE,3.992,3.992,3.992001,11587.115328
YEAR_2025,CCGT,0.44456,,0.555701,1752.45552
YEAR_2025,TRAFO_EH,29.5076640645893,,29.920905,184205.99048455997
YEAR_2025,HYDRO_RIVER,15.130001,15.13,15.130001,73573.200542736
YEAR_2025,HYDRO_DAM,26.357,26.357,26.357001,127918.53838130401
YEAR_2025,IND_BOILER_COAL,0.355213912354135,,0.434735,2800.5064850000017
YEAR_2025,IND_BOILER_GAS,4.718514668348945,,4.718516,39267.479069999994
YEAR_2025,IND_BOILER_OIL,2.233617263705779,,2.62664,16780.393304999998
YEAR_2025,IND_COGEN_WOOD,2.234350139672301,,2.234351,16636.97114
YEAR_2025,DHN_BOILER_GAS,0.539492458849945,,0.540855,2026.822736842105
YEAR_2025,DEC_BOILER_GAS,4.492519257050657,,5.109944,17074.940536123482
YEAR_2025,DEC_BOILER_OIL,1.617804718605497,,1.701632,6148.870553174648
YEAR_2025,DEC_BOILER_WOOD,2.220125859994011,,2.254536,8438.142359125846
YEAR_2025,DEC_DIRECT_ELEC,13.61942680032201,,14.115462,51764.03025687968
YEAR_2025,DEC_HP_ELEC,2.939426727189379,,2.939436,11172.02480507581
YEAR_2025,COMMUTER_RAIL_ELEC_SD,0.6606028455365295,,0.660604,1979.1132769997998
YEAR_2025,BUS_CNG_SD,0.02140783853049009,,0.032113,46.86167544990167
YEAR_2025,BUS_DIESEL_SD,0.3882475800323816,,0.388249,1010.1114939218478
YEAR_2025,BUS_GASOLINE_SD,0.01511335431257071,,0.015114,39.32071618210147
YEAR_2025,BUS_HY_DIESEL_SD,0.1663918200138779,,0.166393,432.90492596650654
YEAR_2025,SCHOOLBUS_CNG_SD,0.6384874616433982,,0.638488,1661.165598706862
YEAR_2025,SCHOOLBUS_DIESEL_SD,0.6873470728456815,,0.811024,1788.2846263640663
YEAR_2025,SCHOOLBUS_GASOLINE_SD,0.1567234138988497,,0.156724,407.75044040891527
YEAR_2025,CAR_GASOLINE_SD,63.6619380149315,,65.308427,28441.607427550793
YEAR_2025,CAR_EV_SD,1.859672459019586,,1.859673,830.8272677915911
YEAR_2025,SUV_GASOLINE_SD,55.02592481482674,,55.025926,24583.382170272005
YEAR_2025,SUV_DIESEL_SD,0.4203369256688155,,0.427941,187.7897249118
YEAR_2025,SUV_HY_GASOLINE_SD,1.197323364026323,,1.197324,534.9161861123841
YEAR_2025,CAR_PHEV_SD,1.018998607681977,,1.019,455.2478179680001
YEAR_2025,SUV_PHEV_GASOLINE_SD,0.8788862991257049,,0.878887,392.65124299740006
YEAR_2025,CAR_DIESEL_SD,0.5859241994171367,,0.630024,261.7674953316
YEAR_2025,CAR_HEV_SD,1.19732336402636,,1.197324,534.9161861124165
YEAR_2025,SUV_EV_SD,1.528497911522965,,1.528499,682.871726952
YEAR_2025,COMMUTER_RAIL_DIESEL_MD,0.01753506118481134,,0.017536,52.5336405048
YEAR_2025,COACH_DIESEL_MD,0.05023928369942433,,0.05024,130.7085491864662
YEAR_2025,COACH_GASOLINE_MD,0.0134918893304175,,0.013493,35.102118308733814
YEAR_2025,SUV_PHEV_GASOLINE_MD,0.861301128737577,,0.861302,384.79489227479996
YEAR_2025,SUV_HY_GASOLINE_MD,1.173366755091772,,1.173368,524.2133315048
YEAR_2025,CAR_DIESEL_MD,0.5742007524917182,,0.61705,256.5299281832
YEAR_2025,SUV_DIESEL_MD,0.4119266267875369,,0.419128,184.03233978359998
YEAR_2025,SUV_EV_MD,1.497915006500134,,1.497916,669.208508304
YEAR_2025,CAR_HEV_MD,1.173366755091806,,1.173368,524.2133315048083
YEAR_2025,SUV_GASOLINE_MD,53.92494023400484,,53.924941,24091.506298944012
YEAR_2025,CAR_EV_MD,1.822463257908468,,1.822464,814.2036851031874
YEAR_2025,CAR_PHEV_MD,0.9986100043334086,,0.998611,446.1390055359974
YEAR_2025,CAR_GASOLINE_MD,62.3881600207306,,63.963498,27872.534370861606
YEAR_2025,TRAIN_DIESEL_LD,0.02309081159401869,,0.023092,55.62576512999101
YEAR_2025,COACH_DIESEL_LD,0.09101243389784365,,0.091013,236.78886952069774
YEAR_2025,COACH_GASOLINE_LD,0.02444162407227387,,0.024443,63.59026218131638
YEAR_2025,PLANE_SH_LD,18.07831908295325,,18.07832,55269.76023316799
YEAR_2025,SUV_GASOLINE_LD,6.886563935535862,,6.886565,3076.641303839973
YEAR_2025,CAR_GASOLINE_LD,7.967371886529698,,8.166473,3559.503064026002
YEAR_2025,CAR_HEV_LD,0.1498465300787883,,0.149848,66.94543577799948
YEAR_2025,SUV_DIESEL_LD,0.05260569672978783,,0.053513,23.502121071000015
YEAR_2025,CAR_DIESEL_LD,0.07332915301728,,0.078782,32.76053240200452
YEAR_2025,CAR_EV_LD,0.2327403552288208,,0.232741,103.97908110202799
YEAR_2025,SUV_EV_LD,0.1912934426537739,,0.191294,85.46225843999977
YEAR_2025,SUV_HY_GASOLINE_LD,0.1498465300787896,,0.149848,66.94543577800005
YEAR_2025,CAR_PHEV_LD,0.1275289617691814,,0.12753,56.97483895999945
YEAR_2025,SUV_PHEV_GASOLINE_LD,0.10999372952592,,0.109995,49.14079860300001
YEAR_2025,LCV_DIESEL_SD,3.733536490401137,,3.733537,3041.637507999997
YEAR_2025,LCV_GASOLINE_SD,6.670665036578771,,6.670666,5434.457391999993
YEAR_2025,LCV_PROPANE_SD,0.03143715569303279,,0.031438,25.611221999999955
YEAR_2025,TRUCK_SH_DIESEL_SD,2.019463001423885,,2.029175,1645.2161180000103
YEAR_2025,TRUCK_SH_GASOLINE_SD,2.514972455442627,,2.514973,2048.8977599999994
YEAR_2025,LCV_DIESEL_MD,0.06268943879805566,,0.06269,51.07183199999999
YEAR_2025,LCV_GASOLINE_MD,4.18626141307016,,4.186262,3410.463447999999
YEAR_2025,LCV_PROPANE_MD,0.02437922619924388,,0.02438,19.861268000000006
YEAR_2025,SEMI_SH_DIESEL_MD,27.26294038395444,,27.262941,22210.572272
YEAR_2025,TRUCK_SH_DIESEL_MD,1.466236318554524,,1.505765,1194.5134040000003
YEAR_2025,TRUCK_SH_GASOLINE_MD,1.824959218343399,,1.82496,1486.7577760000004
YEAR_2025,TRAIN_FREIGHT_DIESEL_LD,2.70879466374269,,2.708796,8115.332109000002
YEAR_2025,SEMI_LH_DIESEL_LD,16.44895963377694,,16.448961,13400.6384344454
YEAR_2025,TRUCK_LH_DIESEL_LD,0.1797058077204551,,0.185896,146.4027274337004
YEAR_2025,TRUCK_LH_GASOLINE_LD,0.1662698594796731,,0.166271,135.45672912090004
YEAR_2025,TRAIN_FREIGHT_DIESEL_ELD,8.12489757102993,,8.124899,24341.543130999988
YEAR_2025,SEMI_LH_DIESEL_ELD,25.00934095718566,,25.009342,20374.60989100001
YEAR_2025,PLANE_FREIGHT_ELD,0.1320801592465727,,0.132081,694.2133169999862
YEAR_2025,BULK_CARRIER_ELD,7.664148502858032,,8.493777,36925.86748677001
YEAR_2025,CONTAINER_ELD,1.795984674228637,,1.990397,11012.978022370002
YEAR_2025,OIL_TANKER_ELD,4.005750131245243,,4.439365,16843.378151860008
YEAR_2025,DHN,0.539492458849945,,0.540855,
YEAR_2025,EHV_GRID,35.52171058676679,,35.948128,234084.9040187379
YEAR_2025,HV_GRID,30.68054054995747,,30.680584,191615.01619215996
YEAR_2025,MV_GRID,23.89525283716175,,23.895297,129996.04892132814
YEAR_2025,LV_GRID,21.79448334469969,,21.794527,111714.45023762138
YEAR_2025,EHP_NG_GRID,10.104598,,10.104598,64120.5170141869
YEAR_2025,HP_NG_GRID,10.104598,,10.104598,64120.5170141869
YEAR_2025,MP_NG_GRID,9.759317660681488,,9.760793,61194.98120228654
YEAR_2025,LP_NG_GRID,5.672037386219437,,5.672038,18953.183995097068
YEAR_2025,LT_DEC_WH,0.059897,,0.059897,185.28959336528078
YEAR_2025,NG_EXP_EH,10.104598,,10.104598,64120.5170141869
YEAR_2025,NG_EXP_HM,9.759317660681488,,9.760793,61194.98120228654
YEAR_2025,NG_EXP_ML,5.672038,,5.672038,18953.183995097068
YEAR_2025,CAR_DIESEL,1.233454104926135,,1.325854,551.0579559168045
YEAR_2025,CAR_EV,3.914876072156875,,3.914877,1749.0100339968064
YEAR_2025,CAR_GASOLINE,134.0174699221918,,137.438396,59873.6448624384
YEAR_2025,CAR_HEV,2.520536649196955,,2.520538,1126.0749533952244
YEAR_2025,CAR_PHEV,2.145137573784567,,2.145139,958.3616624639969
YEAR_2025,SUV_DIESEL,0.8848692491861403,,0.90058,395.3241857664
YEAR_2025,SUV_EV,3.217706360676873,,3.217707,1437.5424936959998
YEAR_2025,SUV_GASOLINE,115.8374289843674,,115.83743,51751.52977305599
YEAR_2025,SUV_HY_GASOLINE,2.520536649196884,,2.520538,1126.074953395184
YEAR_2025,SUV_PHEV_GASOLINE,1.850181157389202,,1.850182,826.5869338752001
YEAR_2025,BUS_CNG,0.02140783853049009,,0.032113,46.86167544990167
YEAR_2025,BUS_DIESEL,0.3882475800323816,,0.388249,1010.1114939218478
YEAR_2025,BUS_GASOLINE,0.01511335431257071,,0.015114,39.32071618210147
YEAR_2025,BUS_HY_DIESEL,0.1663918200138779,,0.166393,432.90492596650654
YEAR_2025,SCHOOLBUS_CNG,0.6384874616433982,,0.638488,1661.165598706862
YEAR_2025,SCHOOLBUS_DIESEL,0.6873470728456815,,0.811024,1788.2846263640663
YEAR_2025,SCHOOLBUS_GASOLINE,0.1567234138988497,,0.156724,407.75044040891527
YEAR_2025,COACH_DIESEL,0.141251717597268,,0.141253,367.49741870716394
YEAR_2025,COACH_GASOLINE,0.03793351340269138,,0.037935,98.6923804900502
YEAR_2025,COMMUTER_RAIL_DIESEL,0.01753506118481134,,0.017536,52.5336405048
YEAR_2025,COMMUTER_RAIL_ELEC,0.6606028455365295,,0.660604,1979.1132769997998
YEAR_2025,TRAIN_DIESEL,0.02309081159401869,,0.023092,55.62576512999101
YEAR_2025,PLANE_SH,18.07831908295325,,18.07832,55269.76023316799
YEAR_2025,LCV_DIESEL,3.796225929199192,,3.796227,3092.7093399999976
YEAR_2025,LCV_GASOLINE,10.85692644964893,,10.856927,8844.920839999995
YEAR_2025,LCV_PROPANE,0.05581638189227667,,0.055817,45.47248999999995
YEAR_2025,TRUCK_SH_DIESEL,3.485699319978409,,3.534939,2839.7295220000105
YEAR_2025,TRUCK_SH_GASOLINE,4.339931673786026,,4.339933,3535.6555359999993
YEAR_2025,SEMI_SH_DIESEL,27.26294038395444,,27.262941,22210.572272
YEAR_2025,SEMI_LH_DIESEL,41.4583005909626,,41.458302,33775.24832544541
YEAR_2025,TRAIN_FREIGHT_DIESEL,10.83369223477262,,10.833693,32456.87523999999
YEAR_2025,TRUCK_LH_DIESEL,0.1797058077204551,,0.185896,146.4027274337004
YEAR_2025,TRUCK_LH_GASOLINE,0.1662698594796731,,0.166271,135.45672912090004
YEAR_2025,PLANE_FREIGHT,0.1320801592465727,,0.132081,694.2133169999862
YEAR_2025,BULK_CARRIER,7.664148502858032,,8.493777,36925.86748677001
YEAR_2025,CONTAINER,1.795984674228637,,1.990397,11012.978022370002
YEAR_2025,OIL_TANKER,4.005750131245243,,4.439365,16843.378151860008
YEAR_2030,PV_ROOF,0.009440000000000028,,10000.0,10.876012800000034
YEAR_2030,PV_GROUND,,,10000.0,
YEAR_2030,TRAFO_ML,21.79353934469968,,10000.0,83568.56914056868
YEAR_2030,AN_DIG_SI,,,10000.0,
YEAR_2030,HYDRO_GAS_CHP,,,10000.0,
YEAR_2030,TIDAL,,,10000.0,
YEAR_2030,TRAFO_HM,22.32240483716175,,10000.0,103582.68895929637
YEAR_2030,TRAFO_LM,,,10000.0,
YEAR_2030,WIND_OFFSHORE,,,2179.0,
YEAR_2030,WIND_ONSHORE,2.4136,,3984.322,7005.6767424
YEAR_2030,NEW_WIND_ONSHORE,,,3984.322,
YEAR_2030,CCGT,,,10000.0,
YEAR_2030,COAL_IGCC,,,10000.0,
YEAR_2030,COAL_US,,,10000.0,
YEAR_2030,H2_CCGT,,,10000.0,
YEAR_2030,H2_NG_CCGT,,,10000.0,
YEAR_2030,OCGT_LARGE,,,10000.0,
YEAR_2030,OCGT_SMALL,,,10000.0,
YEAR_2030,TRAFO_EH,29.5076640645893,,10000.0,185072.1727146478
YEAR_2030,TRAFO_MH,,,10000.0,
YEAR_2030,CCGT_BIOGAS,,,10000.0,
YEAR_2030,H2_SNG_CCGT,,,10000.0,
YEAR_2030,OCGT_BIOGAS_SMALL,,,10000.0,
YEAR_2030,OCGT_BIOGAS_LARGE,,,10000.0,
YEAR_2030,NUCLEAR,,,12.0,
YEAR_2030,TRAFO_HE,,,10000.0,
YEAR_2030,HYDRO_RIVER,15.13,15.13,15.13,73573.19568
YEAR_2030,NEW_HYDRO_DAM,,,15.11,
YEAR_2030,NEW_HYDRO_RIVER,,,25.33,
YEAR_2030,HYDRO_DAM,26.357,26.357,26.357,127918.533528
YEAR_2030,IND_BOILER_COAL,,,10000.0,
YEAR_2030,IND_BOILER_GAS,7.710328509273539,,10000.0,64165.35385417439
YEAR_2030,IND_BOILER_OIL,,,10000.0,
YEAR_2030,IND_BOILER_WASTE,0.3069013161092055,,10000.0,2419.609976204976
YEAR_2030,IND_BOILER_WOOD,4.562900047340467,,10000.0,35973.90397323224
YEAR_2030,IND_BOILER_BIOGAS,,,10000.0,
YEAR_2030,IND_BOILER_BIOOIL,,,10000.0,
YEAR_2030,IND_COGEN_GAS,,,10000.0,
YEAR_2030,IND_COGEN_WASTE,,,10000.0,
YEAR_2030,IND_COGEN_WOOD,2.361536406425557e-07,,10000.0,0.0005270949259141843
YEAR_2030,IND_DIRECT_ELEC,0.4458001539641575,,10000.0,2621.304905309246
YEAR_2030,IND_COGEN_BIOGAS,,,10000.0,
YEAR_2030,DHN_BOILER_GAS,0.38081820624702,,10000.0,1522.0540082960529
YEAR_2030,DHN_BOILER_OIL,,,10000.0,
YEAR_2030,DHN_BOILER_WOOD,0.1175305031251381,,10000.0,198.4905774725972
YEAR_2030,DHN_BOILER_BIOGAS,,,10000.0,
YEAR_2030,DHN_BOILER_BIOOIL,,,10000.0,
YEAR_2030,DHN_COGEN_GAS,,,10000.0,
YEAR_2030,DHN_COGEN_WASTE,,,10000.0,
YEAR_2030,DHN_COGEN_WOOD,,,10000.0,
YEAR_2030,DHN_COGEN_BIOGAS,,,10000.0,
YEAR_2030,DHN_DEEP_GEO,,,10000.0,
YEAR_2030,DHN_HP_ELEC,0.0411437494777869,,10000.0,329.8082958139458
YEAR_2030,AFC,,,10000.0,
YEAR_2030,DEC_ADVCOGEN_H2,,,10000.0,
YEAR_2030,DEC_BOILER_GAS,15.58255631184551,,10000.0,59228.339749832914
YEAR_2030,DEC_BOILER_OIL,,,10000.0,
YEAR_2030,DEC_BOILER_WOOD,1.557027216229262,,10000.0,5924.009864999412
YEAR_2030,DEC_BOILER_BIOGAS,,,10000.0,
YEAR_2030,DEC_BOILER_BIOOIL,,,10000.0,
YEAR_2030,DEC_COGEN_GAS,,,10000.0,
YEAR_2030,DEC_COGEN_OIL,,,10000.0,
YEAR_2030,DEC_COGEN_WOOD,,,10000.0,
YEAR_2030,DEC_COGEN_BIOGAS,,,10000.0,
YEAR_2030,DEC_COGEN_BIOOIL,,,10000.0,
YEAR_2030,DEC_DIRECT_ELEC,6.011293459228599,,10000.0,22852.54607871879
YEAR_2030,DEC_HP_ELEC,2.365764307120162,,10000.0,8997.63285555191
YEAR_2030,DEC_RENOVATION,,,10000.0,
YEAR_2030,DEC_SOLAR,0.0213585723043419,,10000.0,24.60763832327839
YEAR_2030,PAFC,,,10000.0,
YEAR_2030,PEMFC,,,10000.0,
YEAR_2030,SOFC,,,10000.0,
YEAR_2030,COMMUTER_RAIL_DIESEL_SD,,,10000.0,
YEAR_2030,COMMUTER_RAIL_ELEC_SD,0.6587850228401793,,10000.0,1973.6672256273507
YEAR_2030,TRAMWAY_SD,,,10000.0,
YEAR_2030,BUS_BIODIESEL_B100_SD,,,10000.0,
YEAR_2030,BUS_BIODIESEL_B20_SD,,,10000.0,
YEAR_2030,BUS_CNG_SD,0.1666949393034379,,10000.0,433.69355748454046
YEAR_2030,BUS_CSNG_SD,,,10000.0,
YEAR_2030,BUS_DIESEL_SD,0.2853628460447544,,10000.0,742.4342238115582
YEAR_2030,BUS_GASOLINE_SD,0.01089868610188048,,10000.0,28.355329604984465
YEAR_2030,BUS_EV_SD,,,10000.0,
YEAR_2030,BUS_FC_H2_SD,,,10000.0,
YEAR_2030,BUS_HY_DIESEL_SD,0.1222983625906091,,10000.0,318.1860959192395
YEAR_2030,BUS_PROPANE_SD,,,10000.0,
YEAR_2030,SCHOOLBUS_BIODIESEL_B100_SD,,,10000.0,
YEAR_2030,SCHOOLBUS_BIODIESEL_B20_SD,,,10000.0,
YEAR_2030,SCHOOLBUS_CNG_SD,0.4466197088138807,,10000.0,1161.9794288152495
YEAR_2030,SCHOOLBUS_CSNG_SD,,,10000.0,
YEAR_2030,SCHOOLBUS_DIESEL_SD,0.4170062119028364,,10000.0,1084.9334016318473
YEAR_2030,SCHOOLBUS_ETOH_E10_SD,,,10000.0,
YEAR_2030,SCHOOLBUS_BIOETOH_E10_SD,,,10000.0,
YEAR_2030,SCHOOLBUS_EV_SD,,,10000.0,
YEAR_2030,SCHOOLBUS_GASOLINE_SD,0.6157447162213636,,10000.0,1601.9953430874455
YEAR_2030,SCHOOLBUS_HY_DIESEL_SD,,,10000.0,
YEAR_2030,SCHOOLBUS_PROPANE_SD,,,10000.0,
YEAR_2030,CAR_GASOLINE_SD,41.89246272060539,,10000.0,18715.876645057673
YEAR_2030,CAR_EV_SD,24.28909220467202,,10000.0,10851.39483335927
YEAR_2030,SUV_GASOLINE_SD,39.02967949935632,,10000.0,17436.899613132427
YEAR_2030,CAR_MEOH_SD,,,10000.0,
YEAR_2030,CAR_ETOH_E10_SD,,,10000.0,
YEAR_2030,SUV_CNG_SD,,,10000.0,
YEAR_2030,CAR_BIODIESEL_B100_SD,,,10000.0,
YEAR_2030,SUV_BIODIESEL_B100_SD,,,10000.0,
YEAR_2030,SUV_DIESEL_SD,0.2776902000416335,,10000.0,124.06087377060018
YEAR_2030,SUV_HY_GASOLINE_SD,0.9754284574951502,,10000.0,435.7824176705333
YEAR_2030,CAR_PROPANE_SD,,,10000.0,
YEAR_2030,CAR_PHEV_SD,0.721817929292014,,10000.0,322.4793780905002
YEAR_2030,SUV_BIODIESEL_B20_SD,,,10000.0,
YEAR_2030,CAR_CNG_SD,,,10000.0,
YEAR_2030,SUV_PHEV_GASOLINE_SD,0.7679388458601188,,10000.0,343.08435877646673
YEAR_2030,CAR_DIESEL_SD,0.3759165200215632,,10000.0,167.94446448483356
YEAR_2030,CAR_HEV_SD,0.856556186139203,,10000.0,382.67504171955034
YEAR_2030,SUV_PROPANE_SD,,,10000.0,
YEAR_2030,CAR_BIODIESEL_B20_SD,,,10000.0,
YEAR_2030,CAR_FC_H2_SD,,,10000.0,
YEAR_2030,CAR_ETOH_E85_SD,,,10000.0,
YEAR_2030,SUV_ETOH_E10_SD,,,10000.0,
YEAR_2030,SUV_EV_SD,17.8377380195334,,10000.0,7969.18783760674
YEAR_2030,SUV_ETOH_E85_SD,,,10000.0,
YEAR_2030,SUV_FC_H2_SD,,,10000.0,
YEAR_2030,CAR_CSNG_SD,,,10000.0,
YEAR_2030,CAR_BIOETOH_E10_SD,,,10000.0,
YEAR_2030,CAR_BIOETOH_E85_SD,,,10000.0,
YEAR_2030,CAR_BIOMEOH_SD,,,10000.0,
YEAR_2030,SUV_CSNG_SD,,,10000.0,
YEAR_2030,SUV_BIOETOH_E10_SD,,,10000.0,
YEAR_2030,SUV_BIOETOH_E85_SD,,,10000.0,
YEAR_2030,COMMUTER_RAIL_DIESEL_MD,0.01673446375080108,,10000.0,50.13511464029998
YEAR_2030,COMMUTER_RAIL_ELEC_MD,0.0007523450953789453,,10000.0,2.2539657181476898
YEAR_2030,COACH_BIODIESEL_B100_MD,,,10000.0,
YEAR_2030,COACH_BIODIESEL_B20_MD,,,10000.0,
YEAR_2030,COACH_CNG_MD,0.02498120809432772,,10000.0,64.99410872317432
YEAR_2030,COACH_CSNG_MD,,,10000.0,
YEAR_2030,COACH_DIESEL_MD,0.03561003590189728,,10000.0,92.64734260668419
YEAR_2030,COACH_ETOH_E10_MD,,,10000.0,
YEAR_2030,COACH_BIOETOH_E10_MD,,,10000.0,
YEAR_2030,COACH_EV_MD,,,10000.0,
YEAR_2030,COACH_GASOLINE_MD,0.002964555927700905,,10000.0,7.712944448217997
YEAR_2030,COACH_HY_DIESEL_MD,,,10000.0,
YEAR_2030,COACH_PROPANE_MD,,,10000.0,
YEAR_2030,SUV_PHEV_GASOLINE_MD,0.752638471567433,,10000.0,336.2487635574663
YEAR_2030,SUV_ETOH_E10_MD,,,10000.0,
YEAR_2030,SUV_ETOH_E85_MD,,,10000.0,
YEAR_2030,SUV_HY_GASOLINE_MD,0.9560414407514845,,10000.0,427.12107407013326
YEAR_2030,CAR_BIODIESEL_B100_MD,,,10000.0,
YEAR_2030,CAR_DIESEL_MD,0.3685178657053751,,10000.0,164.6390416825334
YEAR_2030,SUV_DIESEL_MD,0.2722174961402095,,10000.0,121.61588857560002
YEAR_2030,SUV_EV_MD,17.47119575642626,,10000.0,7805.431416140994
YEAR_2030,CAR_MEOH_MD,,,10000.0,
YEAR_2030,CAR_HEV_MD,0.8396171652120797,,10000.0,375.1073647301487
YEAR_2030,CAR_ETOH_E10_MD,,,10000.0,
YEAR_2030,SUV_CNG_MD,,,10000.0,
YEAR_2030,SUV_GASOLINE_MD,38.25811355558093,,10000.0,17092.194812091348
YEAR_2030,SUV_BIODIESEL_B20_MD,,,10000.0,
YEAR_2030,CAR_EV_MD,23.78987281372469,,10000.0,10628.363578259641
YEAR_2030,SUV_PROPANE_MD,,,10000.0,
YEAR_2030,CAR_ETOH_E85_MD,,,10000.0,
YEAR_2030,SUV_BIODIESEL_B100_MD,,,10000.0,
YEAR_2030,CAR_PHEV_MD,0.7075493154848107,,10000.0,316.10473218599407
YEAR_2030,CAR_PROPANE_MD,,,10000.0,
YEAR_2030,SUV_FC_H2_MD,,,10000.0,
YEAR_2030,CAR_GASOLINE_MD,41.06699436027459,,10000.0,18347.090400396275
YEAR_2030,CAR_FC_H2_MD,,,10000.0,
YEAR_2030,CAR_BIODIESEL_B20_MD,,,10000.0,
YEAR_2030,CAR_CNG_MD,,,10000.0,
YEAR_2030,CAR_CSNG_MD,,,10000.0,
YEAR_2030,CAR_BIOETOH_E10_MD,,,10000.0,
YEAR_2030,CAR_BIOETOH_E85_MD,,,10000.0,
YEAR_2030,CAR_BIOMEOH_MD,,,10000.0,
YEAR_2030,SUV_CSNG_MD,,,10000.0,
YEAR_2030,SUV_BIOETOH_E10_MD,,,10000.0,
YEAR_2030,SUV_BIOETOH_E85_MD,,,10000.0,
YEAR_2030,TRAIN_DIESEL_LD,0.02200582856923668,,10000.0,0.08782775043130897
YEAR_2030,TRAIN_BIODIESEL_LD,,,10000.0,
YEAR_2030,TRAIN_ELEC_LD,0.02299081296721158,,10000.0,55.384868438012695
YEAR_2030,TRAIN_H2_LD,,,10000.0,
YEAR_2030,TRAIN_NG_LD,,,10000.0,
YEAR_2030,TRAIN_SNG_LD,,,10000.0,
YEAR_2030,COACH_BIODIESEL_B100_LD,,,10000.0,
YEAR_2030,COACH_BIODIESEL_B20_LD,,,10000.0,
YEAR_2030,COACH_CNG_LD,0.04459202134468913,,10000.0,116.01595377290461
YEAR_2030,COACH_CSNG_LD,,,10000.0,
YEAR_2030,COACH_DIESEL_LD,0.06534241165260876,,10000.0,170.00265924482537
YEAR_2030,COACH_ETOH_E10_LD,,,10000.0,
YEAR_2030,COACH_BIOETOH_E10_LD,,,10000.0,
YEAR_2030,COACH_EV_LD,,,10000.0,
YEAR_2030,COACH_GASOLINE_LD,0.005201922727988069,,10000.0,13.533946399861128
YEAR_2030,COACH_HY_DIESEL_LD,,,10000.0,
YEAR_2030,COACH_PROPANE_LD,,,10000.0,
YEAR_2030,PLANE_SH_LD,16.25924509945122,,10000.0,49708.41448784625
YEAR_2030,PLANE_SH_BIO_LD,1.769326727699404,,10000.0,5409.256444991734
YEAR_2030,SUV_GASOLINE_LD,4.886318271942599,,10000.0,2183.0115511730755
YEAR_2030,CAR_CNG_LD,,,10000.0,
YEAR_2030,CAR_GASOLINE_LD,5.245214424111696,,10000.0,2343.351996116137
YEAR_2030,CAR_ETOH_E85_LD,,,10000.0,
YEAR_2030,CAR_FC_H2_LD,,,10000.0,
YEAR_2030,CAR_HEV_LD,0.1072354012531698,,10000.0,47.90848786386615
YEAR_2030,SUV_DIESEL_LD,0.03476848001208706,,10000.0,15.533166130200014
YEAR_2030,CAR_ETOH_E10_LD,,,10000.0,
YEAR_2030,SUV_PROPANE_LD,,,10000.0,
YEAR_2030,CAR_BIODIESEL_B100_LD,,,10000.0,
YEAR_2030,CAR_MEOH_LD,,,10000.0,
YEAR_2030,SUV_FC_H2_LD,,,10000.0,
YEAR_2030,CAR_BIODIESEL_B20_LD,,,10000.0,
YEAR_2030,CAR_DIESEL_LD,0.04706880618288717,,10000.0,21.028459850266668
YEAR_2030,CAR_EV_LD,3.037400336985048,,10000.0,1356.988974551437
YEAR_2030,CAR_PROPANE_LD,,,10000.0,
YEAR_2030,SUV_EV_LD,2.230660129477181,,10000.0,996.5697194452254
YEAR_2030,SUV_HY_GASOLINE_LD,0.1220997485179222,,10000.0,54.54928364786703
YEAR_2030,SUV_ETOH_E10_LD,,,10000.0,
YEAR_2030,CAR_PHEV_LD,0.09036809360730447,,10000.0,40.37284950000342
YEAR_2030,SUV_PHEV_GASOLINE_LD,0.09612033874548628,,10000.0,42.94272253793349
YEAR_2030,SUV_BIODIESEL_B100_LD,,,10000.0,
YEAR_2030,SUV_ETOH_E85_LD,,,10000.0,
YEAR_2030,SUV_BIODIESEL_B20_LD,,,10000.0,
YEAR_2030,SUV_CNG_LD,,,10000.0,
YEAR_2030,CAR_CSNG_LD,,,10000.0,
YEAR_2030,CAR_BIOETOH_E10_LD,,,10000.0,
YEAR_2030,CAR_BIOETOH_E85_LD,,,10000.0,
YEAR_2030,CAR_BIOMEOH_LD,,,10000.0,
YEAR_2030,SUV_CSNG_LD,,,10000.0,
YEAR_2030,SUV_BIOETOH_E10_LD,,,10000.0,
YEAR_2030,SUV_BIOETOH_E85_LD,,,10000.0,
YEAR_2030,TRAIN_DIESEL_ELD,,,10000.0,
YEAR_2030,TRAIN_BIODIESEL_ELD,,,10000.0,
YEAR_2030,TRAIN_ELEC_ELD,,,10000.0,
YEAR_2030,TRAIN_H2_ELD,,,10000.0,
YEAR_2030,TRAIN_NG_ELD,,,10000.0,
YEAR_2030,TRAIN_SNG_ELD,,,10000.0,
YEAR_2030,COACH_BIODIESEL_B100_ELD,,,10000.0,
YEAR_2030,COACH_BIODIESEL_B20_ELD,,,10000.0,
YEAR_2030,COACH_CNG_ELD,,,10000.0,
YEAR_2030,COACH_CSNG_ELD,,,10000.0,
YEAR_2030,COACH_DIESEL_ELD,,,10000.0,
YEAR_2030,COACH_ETOH_E10_ELD,,,10000.0,
YEAR_2030,COACH_BIOETOH_E10_ELD,,,10000.0,
YEAR_2030,COACH_EV_ELD,,,10000.0,
YEAR_2030,COACH_GASOLINE_ELD,,,10000.0,
YEAR_2030,COACH_HY_DIESEL_ELD,,,10000.0,
YEAR_2030,COACH_PROPANE_ELD,,,10000.0,
YEAR_2030,PLANE_LH_ELD,,,10000.0,
YEAR_2030,PLANE_LH_BIO_ELD,,,10000.0,
YEAR_2030,CAR_CNG_ELD,,,10000.0,
YEAR_2030,SUV_BIODIESEL_B100_ELD,,,10000.0,
YEAR_2030,CAR_HEV_ELD,,,10000.0,
YEAR_2030,SUV_BIODIESEL_B20_ELD,,,10000.0,
YEAR_2030,CAR_GASOLINE_ELD,,,10000.0,
YEAR_2030,CAR_ETOH_E85_ELD,,,10000.0,
YEAR_2030,SUV_PROPANE_ELD,,,10000.0,
YEAR_2030,CAR_PROPANE_ELD,,,10000.0,
YEAR_2030,CAR_BIODIESEL_B100_ELD,,,10000.0,
YEAR_2030,CAR_ETOH_E10_ELD,,,10000.0,
YEAR_2030,SUV_PHEV_GASOLINE_ELD,,,10000.0,
YEAR_2030,CAR_FC_H2_ELD,,,10000.0,
YEAR_2030,CAR_MEOH_ELD,,,10000.0,
YEAR_2030,SUV_EV_ELD,,,10000.0,
YEAR_2030,CAR_DIESEL_ELD,,,10000.0,
YEAR_2030,CAR_BIODIESEL_B20_ELD,,,10000.0,
YEAR_2030,SUV_ETOH_E10_ELD,,,10000.0,
YEAR_2030,CAR_PHEV_ELD,,,10000.0,
YEAR_2030,CAR_EV_ELD,,,10000.0,
YEAR_2030,SUV_HY_GASOLINE_ELD,,,10000.0,
YEAR_2030,SUV_GASOLINE_ELD,,,10000.0,
YEAR_2030,SUV_FC_H2_ELD,,,10000.0,
YEAR_2030,SUV_CNG_ELD,,,10000.0,
YEAR_2030,SUV_DIESEL_ELD,,,10000.0,
YEAR_2030,SUV_ETOH_E85_ELD,,,10000.0,
YEAR_2030,CAR_CSNG_ELD,,,10000.0,
YEAR_2030,CAR_BIOETOH_E10_ELD,,,10000.0,
YEAR_2030,CAR_BIOETOH_E85_ELD,,,10000.0,
YEAR_2030,CAR_BIOMEOH_ELD,,,10000.0,
YEAR_2030,SUV_CSNG_ELD,,,10000.0,
YEAR_2030,SUV_BIOETOH_E10_ELD,,,10000.0,
YEAR_2030,SUV_BIOETOH_E85_ELD,,,10000.0,
YEAR_2030,LCV_BIODIESEL_B100_SD,,,10000.0,
YEAR_2030,LCV_BIODIESEL_B20_SD,,,10000.0,
YEAR_2030,LCV_CNG_SD,,,10000.0,
YEAR_2030,LCV_CSNG_SD,,,10000.0,
YEAR_2030,LCV_DIESEL_SD,1.193871420680513,,10000.0,972.6231690000004
YEAR_2030,LCV_GASOLINE_SD,1.84581505641479,,10000.0,1503.7486101600005
YEAR_2030,LCV_ETOH_E10_SD,,,10000.0,
YEAR_2030,LCV_ETOH_E85_SD,,,10000.0,
YEAR_2030,LCV_EV_SD,,,10000.0,
YEAR_2030,LCV_FC_H2_SD,8.579670187596282,,10000.0,6989.685708430938
YEAR_2030,LCV_PHEV_DIESEL_SD,,,10000.0,
YEAR_2030,LCV_PROPANE_SD,0.009960246968134719,,10000.0,8.114413999999993
YEAR_2030,TRUCK_SH_BIODIESEL_B100_SD,,,10000.0,
YEAR_2030,TRUCK_SH_BIODIESEL_B20_SD,,,10000.0,
YEAR_2030,TRUCK_SH_CNG_SD,,,10000.0,
YEAR_2030,TRUCK_SH_CSNG_SD,,,10000.0,
YEAR_2030,TRUCK_SH_DIESEL_SD,1.343072073304868,,10000.0,1094.1739566800097
YEAR_2030,TRUCK_SH_GASOLINE_SD,1.713625122109294,,10000.0,1396.0561144799995
YEAR_2030,TRUCK_SH_EV_SD,,,10000.0,
YEAR_2030,TRUCK_SH_HY_DIESEL_SD,,,10000.0,
YEAR_2030,TRUCK_SH_PROPANE_SD,,,10000.0,
YEAR_2030,LCV_BIODIESEL_B100_MD,,,10000.0,
YEAR_2030,LCV_BIODIESEL_B20_MD,,,10000.0,
YEAR_2030,LCV_CNG_MD,,,10000.0,
YEAR_2030,LCV_CSNG_MD,,,10000.0,
YEAR_2030,LCV_DIESEL_MD,0.0196404035940492,,10000.0,16.000644000000005
YEAR_2030,LCV_GASOLINE_MD,1.148963610251878,,10000.0,
YEAR_2030,LCV_ETOH_E10_MD,,,10000.0,
YEAR_2030,LCV_ETOH_E85_MD,,,10000.0,
YEAR_2030,LCV_EV_MD,,,10000.0,
YEAR_2030,LCV_FC_H2_MD,,,10000.0,
YEAR_2030,LCV_PHEV_DIESEL_MD,,,10000.0,
YEAR_2030,LCV_PROPANE_MD,0.006546027397260262,,10000.0,
YEAR_2030,SEMI_SH_BIODIESEL_B100_MD,,,10000.0,
YEAR_2030,SEMI_SH_BIODIESEL_B20_MD,,,10000.0,
YEAR_2030,SEMI_SH_CNG_MD,,,10000.0,
YEAR_2030,SEMI_SH_CSNG_MD,,,10000.0,
YEAR_2030,SEMI_SH_DIESEL_MD,18.6244362031718,,10000.0,15172.955686000001
YEAR_2030,SEMI_SH_EV_MD,,,10000.0,
YEAR_2030,SEMI_SH_FC_H2_MD,,,10000.0,
YEAR_2030,SEMI_SH_HY_DIESEL_MD,14.78191937889703,,10000.0,12042.534079599835
YEAR_2030,SEMI_SH_PROPANE_MD,,,10000.0,
YEAR_2030,TRUCK_SH_BIODIESEL_B100_MD,,,10000.0,
YEAR_2030,TRUCK_SH_BIODIESEL_B20_MD,,,10000.0,
YEAR_2030,TRUCK_SH_CNG_MD,,,10000.0,
YEAR_2030,TRUCK_SH_CSNG_MD,,,10000.0,
YEAR_2030,TRUCK_SH_DIESEL_MD,0.5019214251812574,,10000.0,408.9053466666667
YEAR_2030,TRUCK_SH_GASOLINE_MD,0.5957589090194925,,10000.0,
YEAR_2030,TRUCK_SH_EV_MD,,,10000.0,
YEAR_2030,TRUCK_SH_HY_DIESEL_MD,,,10000.0,
YEAR_2030,TRUCK_SH_PROPANE_MD,,,10000.0,
YEAR_2030,TRAIN_FREIGHT_DIESEL_LD,2.376910551349837,,10000.0,7121.033859000005
YEAR_2030,TRAIN_FREIGHT_BIODIESEL_LD,,,10000.0,
YEAR_2030,TRAIN_FREIGHT_ELEC_LD,0.2619194352259216,,10000.0,784.6896743820439
YEAR_2030,TRAIN_FREIGHT_H2_LD,,,10000.0,
YEAR_2030,TRAIN_FREIGHT_NG_LD,,,10000.0,
YEAR_2030,TRAIN_FREIGHT_SNG_LD,,,10000.0,
YEAR_2030,SEMI_LH_BIODIESEL_B100_LD,,,10000.0,
YEAR_2030,SEMI_LH_BIODIESEL_B20_LD,,,10000.0,
YEAR_2030,SEMI_LH_CNG_LD,5.076118448193587,,10000.0,4135.412177374354
YEAR_2030,SEMI_LH_CSNG_LD,,,10000.0,
YEAR_2030,SEMI_LH_DIESEL_LD,11.22306023106668,,10000.0,9143.202709045394
YEAR_2030,SEMI_LH_EV_LD,,,10000.0,
YEAR_2030,SEMI_LH_FC_H2_LD,,,10000.0,
YEAR_2030,SEMI_LH_HY_DIESEL_LD,,,10000.0,
YEAR_2030,SEMI_LH_PROPANE_LD,,,10000.0,
YEAR_2030,TRUCK_LH_BIODIESEL_B100_LD,,,10000.0,
YEAR_2030,TRUCK_LH_BIODIESEL_B20_LD,,,10000.0,
YEAR_2030,TRUCK_LH_CNG_LD,,,10000.0,
YEAR_2030,TRUCK_LH_CSNG_LD,,,10000.0,
YEAR_2030,TRUCK_LH_DIESEL_LD,0.06196507520334914,,10000.0,50.481707466664474
YEAR_2030,TRUCK_LH_GASOLINE_LD,0.05395234996153912,,10000.0,
YEAR_2030,TRUCK_LH_EV_LD,,,10000.0,
YEAR_2030,TRUCK_LH_HY_DIESEL_LD,,,10000.0,
YEAR_2030,TRUCK_LH_PROPANE_LD,,,10000.0,
YEAR_2030,TRAIN_FREIGHT_DIESEL_ELD,7.129444643047875,,10000.0,21359.24579499999
YEAR_2030,TRAIN_FREIGHT_BIODIESEL_ELD,,,10000.0,
YEAR_2030,TRAIN_FREIGHT_ELEC_ELD,0.7855972888000283,,10000.0,2353.5866294617804
YEAR_2030,TRAIN_FREIGHT_H2_ELD,,,10000.0,
YEAR_2030,TRAIN_FREIGHT_NG_ELD,,,10000.0,
YEAR_2030,TRAIN_FREIGHT_SNG_ELD,,,10000.0,
YEAR_2030,SEMI_LH_BIODIESEL_B100_ELD,,,10000.0,
YEAR_2030,SEMI_LH_BIODIESEL_B20_ELD,,,10000.0,
YEAR_2030,SEMI_LH_CNG_ELD,7.304471310051766,,10000.0,5950.806686872971
YEAR_2030,SEMI_LH_CSNG_ELD,,,10000.0,
YEAR_2030,SEMI_LH_DIESEL_ELD,17.05891058288734,,10000.0,13897.553273666665
YEAR_2030,SEMI_LH_EV_ELD,,,10000.0,
YEAR_2030,SEMI_LH_FC_H2_ELD,,,10000.0,
YEAR_2030,SEMI_LH_HY_DIESEL_ELD,,,10000.0,
YEAR_2030,SEMI_LH_PROPANE_ELD,,,10000.0,
YEAR_2030,PLANE_FREIGHT_ELD,0.1127267023211546,,10000.0,592.4915473999831
YEAR_2030,PLANE_FREIGHT_BIO_ELD,0.01594199653474072,,10000.0,83.79113378659726
YEAR_2030,BULK_CARRIER_ELD,5.965393223122037,,10000.0,28741.264549001982
YEAR_2030,CONTAINER_ELD,1.326930815833878,,10000.0,
YEAR_2030,OIL_TANKER_ELD,3.265856110161403,,10000.0,13732.271772006674
YEAR_2030,BULK_CARRIER_BIO_ELD,,,10000.0,
YEAR_2030,CONTAINER_BIO_ELD,,,10000.0,
YEAR_2030,OIL_TANKER_BIO_ELD,,,10000.0,
YEAR_2030,BULK_CARRIER_MEOH_ELD,1.500800195528541,,10000.0,7230.85534205651
YEAR_2030,CONTAINER_MEOH_ELD,1.749596703367994,,10000.0,10728.526985052538
YEAR_2030,OIL_TANKER_MEOH_ELD,0.636430654703482,,10000.0,2676.063616897201
YEAR_2030,BULK_CARRIER_BIOMEOH_ELD,,,10000.0,
YEAR_2030,CONTAINER_BIOMEOH_ELD,,,10000.0,
YEAR_2030,OIL_TANKER_BIOMEOH_ELD,,,10000.0,
YEAR_2030,ETHANE_OXIDATION,,,10000.0,
YEAR_2030,METHANOL_CARBONYLATION,,,10000.0,
YEAR_2030,BIOMETHANOL_CARBONYLATION,,,10000.0,
YEAR_2030,CUMENE_PROCESS,,,10000.0,
YEAR_2030,CO2_METHANOL,,,10000.0,
YEAR_2030,METHANE_TO_METHANOL,,,10000.0,
YEAR_2030,METHANOL_FT,0.2619265814778994,,10000.0,1950.3053256844391
YEAR_2030,BIOMETHANE_TO_BIOMETHANOL,,,10000.0,
YEAR_2030,BIOMETHANOL_FT,,,10000.0,
YEAR_2030,WOOD_METHANOL,,,10000.0,
YEAR_2030,ETHYLENE_POLYMERIZATION,,,10000.0,
YEAR_2030,STYRENE_POLYMERIZATION,,,10000.0,
YEAR_2030,DHN_TH_STORAGE,,,10000.0,
YEAR_2030,DEC_TH_STORAGE,,,10000.0,
YEAR_2030,DHN,0.539492458849945,,10000.0,
YEAR_2030,BATTERY,,,10000.0,
YEAR_2030,EHV_GRID,35.52171058676679,,10000.0,235380.729208
YEAR_2030,HV_GRID,30.68054054995747,,10000.0,185072.1728938601
YEAR_2030,MV_GRID,23.89525283716175,,10000.0,110588.36570169638
YEAR_2030,LV_GRID,21.79448334469969,,10000.0,83579.44515336868
YEAR_2030,EHP_H2_GRID,0.6765996468051888,,10000.0,1006.780274446121
YEAR_2030,HP_H2_GRID,5.353670955350069,,10000.0,46795.15364639856
YEAR_2030,MP_H2_GRID,4.795067076366845,,10000.0,42004.78758897356
YEAR_2030,LP_H2_GRID,,,10000.0,
YEAR_2030,EHP_NG_GRID,29.27657758287895,,10000.0,184213.16824782
YEAR_2030,HP_NG_GRID,29.27657758287895,,10000.0,184213.16824782
YEAR_2030,MP_NG_GRID,24.24561490931101,,10000.0,134315.68154075416
YEAR_2030,LP_NG_GRID,17.21504958994874,,10000.0,65433.346462455236
YEAR_2030,ALKALINE_ELECTROLYSIS,,,10000.0,
YEAR_2030,AN_DIG,,,10000.0,
YEAR_2030,ATR,,,10000.0,
YEAR_2030,BIOGAS_BIOMETHANE,,,10000.0,
YEAR_2030,BIOMASS_GAS_EF_H2,,,10000.0,
YEAR_2030,BIOMASS_GAS_FB_H2,,,10000.0,
YEAR_2030,CO2_TO_DIESEL,2.944985503109601,,10000.0,25798.073007240106
YEAR_2030,CO2_STO,921.5107388312005,,10000.0,1215.5839760704528
YEAR_2030,CO2_TO_JETFUELS,0.2232599769615777,,10000.0,1955.7573981834207
YEAR_2030,COAL_GAS_H2,,,10000.0,
YEAR_2030,COAL_GAS_H2_ADV,,,10000.0,
YEAR_2030,CROPS_TO_ETHANOL,,,10000.0,
YEAR_2030,CROPS_TO_JETFUELS,,,10000.0,
YEAR_2030,DIE_STO,,,10000.0,
YEAR_2030,ELEC_STO,,,10000.0,
YEAR_2030,ETHANE_CRACKING,,,10000.0,
YEAR_2030,ETHANE_TO_ETHYLENE,,,10000.0,
YEAR_2030,ETHANOL_TO_JETFUELS,,,10000.0,
YEAR_2030,FT,,,10000.0,
YEAR_2030,GASIFICATION_H2,,,10000.0,
YEAR_2030,GASIFICATION_SNG,,,10000.0,
YEAR_2030,GASO_STO,,,10000.0,
YEAR_2030,BIOETHANOL_TO_BIOJETFUELS,,,10000.0,
YEAR_2030,H2_COMP_HE,0.0692230661747883,,10000.0,503.3901372230605
YEAR_2030,H2_COMP_LM,,,10000.0,
YEAR_2030,H2_COMP_MH,,,10000.0,
YEAR_2030,H2_EXP_EH,0.6765996468051888,,10000.0,503.3901372230605
YEAR_2030,H2_EXP_EH_COGEN,,,10000.0,
YEAR_2030,H2_EXP_HM,4.795067076366847,,10000.0,42004.78758897356
YEAR_2030,H2_EXP_HM_COGEN,,,10000.0,
YEAR_2030,H2_EXP_ML,,,10000.0,
YEAR_2030,H2_EXP_ML_COGEN,,,10000.0,
YEAR_2030,H2_STO,503.3901372230604,,10000.0,503.3901372230605
YEAR_2030,HYDRO_GAS,,,10000.0,
YEAR_2030,LT_DEC_WH,0.1,,0.1,12.613120176358098
YEAR_2030,LT_DHN_WH,0.1,,0.1,
YEAR_2030,METATHESIS_PROPYLENE,,,10000.0,
YEAR_2030,METHANATION,,,10000.0,
YEAR_2030,METHANOL_TO_AROMATICS,,,10000.0,
YEAR_2030,METHANOL_TO_OLEFINS,,,10000.0,
YEAR_2030,BIOMETHANOL_TO_AROMATICS,,,10000.0,
YEAR_2030,BIOMETHANOL_TO_OLEFINS,,,10000.0,
YEAR_2030,NG_COMP_HE,,,10000.0,
YEAR_2030,NG_COMP_LM,,,10000.0,
YEAR_2030,NG_COMP_MH,,,10000.0,
YEAR_2030,NG_EXP_EH,29.27657758287895,,10000.0,184213.16824782
YEAR_2030,NG_EXP_EH_COGEN,,,10000.0,
YEAR_2030,NG_EXP_HM,24.24561490931101,,10000.0,134315.68154075416
YEAR_2030,NG_EXP_HM_COGEN,,,10000.0,
YEAR_2030,NG_EXP_ML,17.21504958994874,,10000.0,65433.346462455236
YEAR_2030,SNG_COMP_HE,,,10000.0,
YEAR_2030,SNG_COMP_LM,,,10000.0,
YEAR_2030,SNG_COMP_MH,,,10000.0,
YEAR_2030,SNG_EXP_EH,,,10000.0,
YEAR_2030,SNG_EXP_EH_COGEN,,,10000.0,
YEAR_2030,SNG_EXP_HM,,,10000.0,
YEAR_2030,SNG_EXP_HM_COGEN,,,10000.0,
YEAR_2030,SNG_EXP_ML,,,10000.0,
YEAR_2030,NG_EXP_ML_COGEN,,,10000.0,
YEAR_2030,NG_PYROLYSIS_PLASMA,,,10000.0,
YEAR_2030,NG_PYROLYSIS_THERMAL,,,10000.0,
YEAR_2030,NG_REFORMING,,,10000.0,
YEAR_2030,NG_STO,,,10000.0,
YEAR_2030,PEM_ELECTROLYSIS,,,10000.0,
YEAR_2030,PYROLYSIS,,,10000.0,
YEAR_2030,SNG_EXP_ML_COGEN,,,10000.0,
YEAR_2030,SNG_PYROLYSIS_PLASMA,,,10000.0,
YEAR_2030,SNG_PYROLYSIS_THERMAL,,,10000.0,
YEAR_2030,SNG_REFORMING,,,10000.0,
YEAR_2030,SNG_STO,,,10000.0,
YEAR_2030,SMART_PROCESS,,,10000.0,
YEAR_2030,SMR,6.216997516676805,,10000.0,46291.7635091755
YEAR_2030,SOEC_ELECTROLYSIS,,,10000.0,
YEAR_2030,STO_CO2,921.5107388312005,,10000.0,1215.5839760704525
YEAR_2030,STO_DIE,,,10000.0,
YEAR_2030,STO_ELEC,,,10000.0,
YEAR_2030,STO_GASO,,,10000.0,
YEAR_2030,STO_H2,503.3901372230604,,10000.0,503.3901372230605
YEAR_2030,STO_NG,,,10000.0,
YEAR_2030,STO_SNG,,,10000.0,
YEAR_2030,DAC_HT,,,10000.0,
YEAR_2030,DAC_LT,,,10000.0,
YEAR_2030,CARBON_CAPTURE,,,10000.0,
YEAR_2030,CARBON_CAPTURE_AMINES,,,10000.0,
YEAR_2030,CARBON_CAPTURE_MEMBRANES,1.384525599054859,,10000.0,10309.17761056248
YEAR_2030,CARBON_CAPTURE_MOF,,,10000.0,
YEAR_2030,CARBON_MINERALIZATION,,,10000.0,
YEAR_2030,CARBON_TRANSPORT_INJECTION,,,10000.0,
YEAR_2030,CAR_BIODIESEL_B100,,,10000.0,
YEAR_2030,CAR_BIODIESEL_B20,,,10000.0,
YEAR_2030,CAR_CNG,,,10000.0,
YEAR_2030,CAR_CSNG,,,10000.0,
YEAR_2030,CAR_DIESEL,0.7915031919098254,,10000.0,353.61196601763356
YEAR_2030,CAR_ETOH_E10,,,10000.0,
YEAR_2030,CAR_ETOH_E85,,,10000.0,
YEAR_2030,CAR_BIOETOH_E10,,,10000.0,
YEAR_2030,CAR_BIOETOH_E85,,,10000.0,
YEAR_2030,CAR_EV,51.11636535538176,,10000.0,22836.74738617035
YEAR_2030,CAR_FC_H2,,,10000.0,
YEAR_2030,CAR_GASOLINE,88.20467150499168,,10000.0,39406.31904157009
YEAR_2030,CAR_HEV,1.803408752604452,,10000.0,805.6908943135651
YEAR_2030,CAR_MEOH,,,10000.0,
YEAR_2030,CAR_BIOMEOH,,,10000.0,
YEAR_2030,CAR_PHEV,1.519735338384129,,10000.0,678.9569597764976
YEAR_2030,CAR_PROPANE,,,10000.0,
YEAR_2030,SUV_BIODIESEL_B100,,,10000.0,
YEAR_2030,SUV_BIODIESEL_B20,,,10000.0,
YEAR_2030,SUV_CNG,,,10000.0,
YEAR_2030,SUV_CSNG,,,10000.0,
YEAR_2030,SUV_DIESEL,0.5846761761939301,,10000.0,261.2099284764002
YEAR_2030,SUV_ETOH_E10,,,10000.0,
YEAR_2030,SUV_ETOH_E85,,,10000.0,
YEAR_2030,SUV_BIOETOH_E10,,,10000.0,
YEAR_2030,SUV_BIOETOH_E85,,,10000.0,
YEAR_2030,SUV_EV,37.53959390543684,,10000.0,16771.18897319296
YEAR_2030,SUV_FC_H2,,,10000.0,
YEAR_2030,SUV_GASOLINE,82.17411132687985,,10000.0,36712.10597639685
YEAR_2030,SUV_HY_GASOLINE,2.053569646764557,,10000.0,917.4527753885336
YEAR_2030,SUV_PHEV_GASOLINE,1.616697656173038,,10000.0,722.2758448718665
YEAR_2030,SUV_PROPANE,,,10000.0,
YEAR_2030,BUS_BIODIESEL_B100,,,10000.0,
YEAR_2030,BUS_BIODIESEL_B20,,,10000.0,
YEAR_2030,BUS_CNG,0.1666949393034379,,10000.0,433.69355748454046
YEAR_2030,BUS_CSNG,,,10000.0,
YEAR_2030,BUS_DIESEL,0.2853628460447544,,10000.0,742.4342238115582
YEAR_2030,BUS_GASOLINE,0.01089868610188048,,10000.0,28.355329604984465
YEAR_2030,BUS_EV,,,10000.0,
YEAR_2030,BUS_FC_H2,,,10000.0,
YEAR_2030,BUS_HY_DIESEL,0.1222983625906091,,10000.0,318.1860959192395
YEAR_2030,BUS_PROPANE,,,10000.0,
YEAR_2030,SCHOOLBUS_BIODIESEL_B100,,,10000.0,
YEAR_2030,SCHOOLBUS_BIODIESEL_B20,,,10000.0,
YEAR_2030,SCHOOLBUS_CNG,0.4466197088138807,,10000.0,1161.9794288152495
YEAR_2030,SCHOOLBUS_CSNG,,,10000.0,
YEAR_2030,SCHOOLBUS_DIESEL,0.4170062119028364,,10000.0,1084.9334016318473
YEAR_2030,SCHOOLBUS_ETOH_E10,,,10000.0,
YEAR_2030,SCHOOLBUS_BIOETOH_E10,,,10000.0,
YEAR_2030,SCHOOLBUS_EV,,,10000.0,
YEAR_2030,SCHOOLBUS_GASOLINE,0.6157447162213636,,10000.0,1601.9953430874455
YEAR_2030,SCHOOLBUS_HY_DIESEL,,,10000.0,
YEAR_2030,SCHOOLBUS_PROPANE,,,10000.0,
YEAR_2030,COACH_BIODIESEL_B100,,,10000.0,
YEAR_2030,COACH_BIODIESEL_B20,,,10000.0,
YEAR_2030,COACH_CNG,0.06957322943901685,,10000.0,181.0100624960789
YEAR_2030,COACH_CSNG,,,10000.0,
YEAR_2030,COACH_DIESEL,0.1009524475545061,,10000.0,262.65000185150956
YEAR_2030,COACH_ETOH_E10,,,10000.0,
YEAR_2030,COACH_BIOETOH_E10,,,10000.0,
YEAR_2030,COACH_EV,,,10000.0,
YEAR_2030,COACH_GASOLINE,0.008166478655688973,,10000.0,21.24689084807912
YEAR_2030,COACH_HY_DIESEL,,,10000.0,
YEAR_2030,COACH_PROPANE,,,10000.0,
YEAR_2030,COMMUTER_RAIL_DIESEL,0.01673446375080108,,10000.0,50.13511464029998
YEAR_2030,COMMUTER_RAIL_ELEC,0.6595373679355582,,10000.0,1975.9211913454976
YEAR_2030,TRAIN_DIESEL,0.02200582856923668,,10000.0,0.08782775043130897
YEAR_2030,TRAIN_BIODIESEL,,,10000.0,
YEAR_2030,TRAIN_ELEC,0.02299081296721158,,10000.0,55.384868438012695
YEAR_2030,TRAIN_H2,,,10000.0,
YEAR_2030,TRAIN_NG,,,10000.0,
YEAR_2030,TRAIN_SNG,,,10000.0,
YEAR_2030,PLANE_SH,16.25924509945122,,10000.0,49708.41448784625
YEAR_2030,PLANE_LH,,,10000.0,
YEAR_2030,PLANE_SH_BIO,1.769326727699404,,10000.0,5409.256444991734
YEAR_2030,PLANE_LH_BIO,,,10000.0,
YEAR_2030,LCV_BIODIESEL_B100,,,10000.0,
YEAR_2030,LCV_BIODIESEL_B20,,,10000.0,
YEAR_2030,LCV_CNG,,,10000.0,
YEAR_2030,LCV_CSNG,,,10000.0,
YEAR_2030,LCV_DIESEL,1.213511824274562,,10000.0,988.6238129999997
YEAR_2030,LCV_GASOLINE,2.994778666666667,,10000.0,1503.7486101600005
YEAR_2030,LCV_ETOH_E10,,,10000.0,
YEAR_2030,LCV_ETOH_E85,,,10000.0,
YEAR_2030,LCV_EV,,,10000.0,
YEAR_2030,LCV_FC_H2,8.579670187596282,,10000.0,6989.685708430938
YEAR_2030,LCV_PHEV_DIESEL,,,10000.0,
YEAR_2030,LCV_PROPANE,0.01650627436539498,,10000.0,8.114413999999993
YEAR_2030,TRUCK_SH_BIODIESEL_B100,,,10000.0,
YEAR_2030,TRUCK_SH_BIODIESEL_B20,,,10000.0,
YEAR_2030,TRUCK_SH_CNG,,,10000.0,
YEAR_2030,TRUCK_SH_CSNG,,,10000.0,
YEAR_2030,TRUCK_SH_DIESEL,1.844993498486125,,10000.0,1503.0793033466762
YEAR_2030,TRUCK_SH_GASOLINE,2.309384031128787,,10000.0,1396.0561144799995
YEAR_2030,TRUCK_SH_EV,,,10000.0,
YEAR_2030,TRUCK_SH_HY_DIESEL,,,10000.0,
YEAR_2030,TRUCK_SH_PROPANE,,,10000.0,
YEAR_2030,SEMI_SH_BIODIESEL_B100,,,10000.0,
YEAR_2030,SEMI_SH_BIODIESEL_B20,,,10000.0,
YEAR_2030,SEMI_SH_CNG,,,10000.0,
YEAR_2030,SEMI_SH_CSNG,,,10000.0,
YEAR_2030,SEMI_SH_DIESEL,18.6244362031718,,10000.0,15172.955686000001
YEAR_2030,SEMI_SH_EV,,,10000.0,
YEAR_2030,SEMI_SH_FC_H2,,,10000.0,
YEAR_2030,SEMI_SH_HY_DIESEL,14.78191937889703,,10000.0,12042.534079599835
YEAR_2030,SEMI_SH_PROPANE,,,10000.0,
YEAR_2030,SEMI_LH_BIODIESEL_B100,,,10000.0,
YEAR_2030,SEMI_LH_BIODIESEL_B20,,,10000.0,
YEAR_2030,SEMI_LH_CNG,12.38058975824535,,10000.0,10086.218864247327
YEAR_2030,SEMI_LH_CSNG,,,10000.0,
YEAR_2030,SEMI_LH_DIESEL,28.28197081395402,,10000.0,23040.755982712057
YEAR_2030,SEMI_LH_EV,,,10000.0,
YEAR_2030,SEMI_LH_FC_H2,,,10000.0,
YEAR_2030,SEMI_LH_HY_DIESEL,,,10000.0,
YEAR_2030,SEMI_LH_PROPANE,,,10000.0,
YEAR_2030,TRAIN_FREIGHT_DIESEL,9.506355194397713,,10000.0,28480.279653999994
YEAR_2030,TRAIN_FREIGHT_BIODIESEL,,,10000.0,
YEAR_2030,TRAIN_FREIGHT_ELEC,1.04751672402595,,10000.0,3138.2763038438243
YEAR_2030,TRAIN_FREIGHT_H2,,,10000.0,
YEAR_2030,TRAIN_FREIGHT_NG,,,10000.0,
YEAR_2030,TRAIN_FREIGHT_SNG,,,10000.0,
YEAR_2030,TRUCK_LH_BIODIESEL_B100,,,10000.0,
YEAR_2030,TRUCK_LH_BIODIESEL_B20,,,10000.0,
YEAR_2030,TRUCK_LH_CNG,,,10000.0,
YEAR_2030,TRUCK_LH_CSNG,,,10000.0,
YEAR_2030,TRUCK_LH_DIESEL,0.06196507520334914,,10000.0,50.481707466664474
YEAR_2030,TRUCK_LH_GASOLINE,0.05395234996153912,,10000.0,
YEAR_2030,TRUCK_LH_EV,,,10000.0,
YEAR_2030,TRUCK_LH_HY_DIESEL,,,10000.0,
YEAR_2030,TRUCK_LH_PROPANE,,,10000.0,
YEAR_2030,PLANE_FREIGHT,0.1127267023211546,,10000.0,592.4915473999831
YEAR_2030,PLANE_FREIGHT_BIO,0.01594199653474072,,10000.0,83.79113378659726
YEAR_2030,BULK_CARRIER,5.965393223122037,,10000.0,28741.264549001982
YEAR_2030,CONTAINER,1.326930815833878,,10000.0,
YEAR_2030,OIL_TANKER,3.265856110161403,,10000.0,13732.271772006674
YEAR_2030,BULK_CARRIER_BIO,,,10000.0,
YEAR_2030,CONTAINER_BIO,,,10000.0,
YEAR_2030,OIL_TANKER_BIO,,,10000.0,
YEAR_2030,BULK_CARRIER_MEOH,1.500800195528541,,10000.0,7230.85534205651
YEAR_2030,CONTAINER_MEOH,1.749596703367994,,10000.0,10728.526985052538
YEAR_2030,OIL_TANKER_MEOH,0.636430654703482,,10000.0,2676.063616897201
YEAR_2030,BULK_CARRIER_BIOMEOH,,,10000.0,
YEAR_2030,CONTAINER_BIOMEOH,,,10000.0,
YEAR_2030,OIL_TANKER_BIOMEOH,,,10000.0,
YEAR_2035,PV_ROOF,0.3,,10000.0,345.63599999999997
YEAR_2035,PV_GROUND,,,10000.0,
YEAR_2035,TRAFO_ML,21.79353934469968,,10000.0,99497.87141842346
YEAR_2035,AN_DIG_SI,,,10000.0,
YEAR_2035,HYDRO_GAS_CHP,,,10000.0,
YEAR_2035,TIDAL,,,10000.0,
YEAR_2035,TRAFO_HM,22.32240483716175,,10000.0,105611.9678684399
YEAR_2035,TRAFO_LM,,,10000.0,
YEAR_2035,WIND_OFFSHORE,,,2179.0,
YEAR_2035,WIND_ONSHORE,10.0,,3984.322,29025.84
YEAR_2035,NEW_WIND_ONSHORE,,,3984.322,
YEAR_2035,CCGT,,,10000.0,
YEAR_2035,COAL_IGCC,,,10000.0,
YEAR_2035,COAL_US,,,10000.0,
YEAR_2035,H2_CCGT,,,10000.0,
YEAR_2035,H2_NG_CCGT,,,10000.0,
YEAR_2035,OCGT_LARGE,,,10000.0,
YEAR_2035,OCGT_SMALL,,,10000.0,
YEAR_2035,TRAFO_EH,29.5076640645893,,10000.0,202289.29260437022
YEAR_2035,TRAFO_MH,,,10000.0,
YEAR_2035,CCGT_BIOGAS,,,10000.0,
YEAR_2035,H2_SNG_CCGT,,,10000.0,
YEAR_2035,OCGT_BIOGAS_SMALL,,,10000.0,
YEAR_2035,OCGT_BIOGAS_LARGE,,,10000.0,
YEAR_2035,NUCLEAR,,,12.0,
YEAR_2035,TRAFO_HE,,,10000.0,
YEAR_2035,HYDRO_RIVER,15.13,15.13,15.13,73573.19568
YEAR_2035,NEW_HYDRO_DAM,4.0,,15.11,18800.832
YEAR_2035,NEW_HYDRO_RIVER,,,25.33,
YEAR_2035,HYDRO_DAM,26.357,26.357,26.357,127400.7659266698
YEAR_2035,IND_BOILER_COAL,,,10000.0,
YEAR_2035,IND_BOILER_GAS,5.877172429158345,,10000.0,41719.68096434387
YEAR_2035,IND_BOILER_OIL,,,10000.0,
YEAR_2035,IND_BOILER_WASTE,0.4039439718836954,,10000.0,3184.6942743310547
YEAR_2035,IND_BOILER_WOOD,5.632219035423328,,10000.0,44404.41487527752
YEAR_2035,IND_BOILER_BIOGAS,,,10000.0,
YEAR_2035,IND_BOILER_BIOOIL,,,10000.0,
YEAR_2035,IND_COGEN_GAS,,,10000.0,
YEAR_2035,IND_COGEN_WASTE,,,10000.0,
YEAR_2035,IND_COGEN_WOOD,,,10000.0,
YEAR_2035,IND_DIRECT_ELEC,2.015593838088754,,10000.0,14775.597428451121
YEAR_2035,IND_COGEN_BIOGAS,,,10000.0,
YEAR_2035,DHN_BOILER_GAS,0.1769076870717513,,10000.0,294.45065690473416
YEAR_2035,DHN_BOILER_OIL,,,10000.0,
YEAR_2035,DHN_BOILER_WOOD,0.1175305031251381,,10000.0,425.9305433255005
YEAR_2035,DHN_BOILER_BIOGAS,,,10000.0,
YEAR_2035,DHN_BOILER_BIOOIL,,,10000.0,
YEAR_2035,DHN_COGEN_GAS,,,10000.0,
YEAR_2035,DHN_COGEN_WASTE,,,10000.0,
YEAR_2035,DHN_COGEN_WOOD,,,10000.0,
YEAR_2035,DHN_COGEN_BIOGAS,,,10000.0,
YEAR_2035,DHN_DEEP_GEO,,,10000.0,
YEAR_2035,DHN_HP_ELEC,0.2450542686530556,,10000.0,1329.4022183594495
YEAR_2035,AFC,0.0002460268311654801,,10000.0,0.18304396238711718
YEAR_2035,DEC_ADVCOGEN_H2,,,10000.0,
YEAR_2035,DEC_BOILER_GAS,14.07963177429723,,10000.0,53501.57859133197
YEAR_2035,DEC_BOILER_OIL,,,10000.0,
YEAR_2035,DEC_BOILER_WOOD,0.8939286443703787,,10000.0,3402.943856406566
YEAR_2035,DEC_BOILER_BIOGAS,,,10000.0,
YEAR_2035,DEC_BOILER_BIOOIL,,,10000.0,
YEAR_2035,DEC_COGEN_GAS,,,10000.0,
YEAR_2035,DEC_COGEN_OIL,,,10000.0,
YEAR_2035,DEC_COGEN_WOOD,,,10000.0,
YEAR_2035,DEC_COGEN_BIOGAS,,,10000.0,
YEAR_2035,DEC_COGEN_BIOOIL,,,10000.0,
YEAR_2035,DEC_DIRECT_ELEC,9.766857895694788,,10000.0,37115.33956339247
YEAR_2035,DEC_HP_ELEC,1.792102101676083,,10000.0,6815.5236424655905
YEAR_2035,DEC_RENOVATION,,,10000.0,
YEAR_2035,DEC_SOLAR,0.0213585723043419,,10000.0,24.60763832327839
YEAR_2035,PAFC,,,10000.0,
YEAR_2035,PEMFC,,,10000.0,
YEAR_2035,SOFC,,,10000.0,
YEAR_2035,COMMUTER_RAIL_DIESEL_SD,,,10000.0,
YEAR_2035,COMMUTER_RAIL_ELEC_SD,0.6577419942774595,,10000.0,1970.5423954957264
YEAR_2035,TRAMWAY_SD,,,10000.0,
YEAR_2035,BUS_BIODIESEL_B100_SD,,,10000.0,
YEAR_2035,BUS_BIODIESEL_B20_SD,,,10000.0,
YEAR_2035,BUS_CNG_SD,0.3169611878344902,,10000.0,824.6442616127497
YEAR_2035,BUS_CSNG_SD,,,10000.0,
YEAR_2035,BUS_DIESEL_SD,0.1824781120571271,,10000.0,474.7569537012688
YEAR_2035,BUS_GASOLINE_SD,0.006684017891190239,,10000.0,17.389943027867467
YEAR_2035,BUS_EV_SD,,,10000.0,
YEAR_2035,BUS_FC_H2_SD,,,10000.0,
YEAR_2035,BUS_HY_DIESEL_SD,0.0782049051673403,,10000.0,203.4672658719726
YEAR_2035,BUS_PROPANE_SD,,,10000.0,
YEAR_2035,SCHOOLBUS_BIODIESEL_B100_SD,,,10000.0,
YEAR_2035,SCHOOLBUS_BIODIESEL_B20_SD,,,10000.0,
YEAR_2035,SCHOOLBUS_CNG_SD,0.2547519559843632,,10000.0,662.7932589236377
YEAR_2035,SCHOOLBUS_CSNG_SD,,,10000.0,
YEAR_2035,SCHOOLBUS_DIESEL_SD,0.1466653509599912,,10000.0,381.5821768996278
YEAR_2035,SCHOOLBUS_ETOH_E10_SD,,,10000.0,
YEAR_2035,SCHOOLBUS_BIOETOH_E10_SD,,,10000.0,
YEAR_2035,SCHOOLBUS_EV_SD,,,10000.0,
YEAR_2035,SCHOOLBUS_GASOLINE_SD,1.075611100319889,,10000.0,2798.438911924262
YEAR_2035,SCHOOLBUS_HY_DIESEL_SD,,,10000.0,
YEAR_2035,SCHOOLBUS_PROPANE_SD,,,10000.0,
YEAR_2035,CAR_GASOLINE_SD,20.12298742627928,,10000.0,8990.145862564537
YEAR_2035,CAR_EV_SD,46.79864557909598,,10000.0,20907.762898916917
YEAR_2035,SUV_GASOLINE_SD,23.03343418388589,,10000.0,10290.417055992866
YEAR_2035,CAR_MEOH_SD,,,10000.0,
YEAR_2035,CAR_ETOH_E10_SD,,,10000.0,
YEAR_2035,SUV_CNG_SD,,,10000.0,
YEAR_2035,CAR_BIODIESEL_B100_SD,,,10000.0,
YEAR_2035,SUV_BIODIESEL_B100_SD,,,10000.0,
YEAR_2035,SUV_DIESEL_SD,0.1350434744144515,,10000.0,60.33202262940034
YEAR_2035,SUV_HY_GASOLINE_SD,0.7535335509639778,,10000.0,336.6486492286666
YEAR_2035,CAR_PROPANE_SD,,,10000.0,
YEAR_2035,CAR_PHEV_SD,0.4246372509020507,,10000.0,189.7109382130002
YEAR_2035,SUV_BIODIESEL_B20_SD,,,10000.0,
YEAR_2035,CAR_CNG_SD,,,10000.0,
YEAR_2035,SUV_PHEV_GASOLINE_SD,0.6569913925945325,,10000.0,293.51747455553334
YEAR_2035,CAR_DIESEL_SD,0.1659088406259895,,10000.0,74.12143363806709
YEAR_2035,CAR_HEV_SD,0.5157896442256849,,10000.0,230.43418145426693
YEAR_2035,SUV_PROPANE_SD,,,10000.0,
YEAR_2035,CAR_BIODIESEL_B20_SD,,,10000.0,
YEAR_2035,CAR_FC_H2_SD,,,10000.0,
YEAR_2035,CAR_ETOH_E85_SD,,,10000.0,
YEAR_2035,SUV_ETOH_E10_SD,,,10000.0,
YEAR_2035,SUV_EV_SD,34.21623660095128,,10000.0,15286.445863841009
YEAR_2035,SUV_ETOH_E85_SD,,,10000.0,
YEAR_2035,SUV_FC_H2_SD,,,10000.0,
YEAR_2035,CAR_CSNG_SD,,,10000.0,
YEAR_2035,CAR_BIOETOH_E10_SD,,,10000.0,
YEAR_2035,CAR_BIOETOH_E85_SD,,,10000.0,
YEAR_2035,CAR_BIOMEOH_SD,,,10000.0,
YEAR_2035,SUV_CSNG_SD,,,10000.0,
YEAR_2035,SUV_BIOETOH_E10_SD,,,10000.0,
YEAR_2035,SUV_BIOETOH_E85_SD,,,10000.0,
YEAR_2035,COMMUTER_RAIL_DIESEL_MD,0.01593386631679083,,10000.0,47.73658877579998
YEAR_2035,COMMUTER_RAIL_ELEC_MD,0.00152525634882189,,10000.0,4.569546000562476
YEAR_2035,COACH_BIODIESEL_B100_MD,,,10000.0,
YEAR_2035,COACH_BIODIESEL_B20_MD,,,10000.0,
YEAR_2035,COACH_CNG_MD,0.04247438640709642,,10000.0,110.50646060307085
YEAR_2035,COACH_CSNG_MD,,,10000.0,
YEAR_2035,COACH_DIESEL_MD,0.02098078810437026,,10000.0,54.58613602690219
YEAR_2035,COACH_ETOH_E10_MD,,,10000.0,
YEAR_2035,COACH_BIOETOH_E10_MD,,,10000.0,
YEAR_2035,COACH_EV_MD,,,10000.0,
YEAR_2035,COACH_GASOLINE_MD,,,10000.0,
YEAR_2035,COACH_HY_DIESEL_MD,,,10000.0,
YEAR_2035,COACH_PROPANE_MD,,,10000.0,
YEAR_2035,SUV_PHEV_GASOLINE_MD,0.6439758143972899,,10000.0,287.70263484013327
YEAR_2035,SUV_ETOH_E10_MD,,,10000.0,
YEAR_2035,SUV_ETOH_E85_MD,,,10000.0,
YEAR_2035,SUV_HY_GASOLINE_MD,0.7387161264111974,,10000.0,330.0288166354667
YEAR_2035,CAR_BIODIESEL_B100_MD,,,10000.0,
YEAR_2035,CAR_DIESEL_MD,0.1628349789190319,,10000.0,72.74815518186668
YEAR_2035,SUV_DIESEL_MD,0.1325083654928821,,10000.0,59.199437367599984
YEAR_2035,SUV_EV_MD,33.51234922365386,,10000.0,14971.977139159595
YEAR_2035,CAR_MEOH_MD,,,10000.0,
YEAR_2035,CAR_HEV_MD,0.505867575332353,,10000.0,226.00139795548208
YEAR_2035,CAR_ETOH_E10_MD,,,10000.0,
YEAR_2035,SUV_CNG_MD,,,10000.0,
YEAR_2035,SUV_GASOLINE_MD,22.59128687715702,,10000.0,10092.883325238672
YEAR_2035,SUV_BIODIESEL_B20_MD,,,10000.0,
YEAR_2035,CAR_EV_MD,45.83581327023202,,10000.0,20477.607936608874
YEAR_2035,SUV_PROPANE_MD,,,10000.0,
YEAR_2035,CAR_ETOH_E85_MD,,,10000.0,
YEAR_2035,SUV_BIODIESEL_B100_MD,,,10000.0,
YEAR_2035,CAR_PHEV_MD,0.4164886266362212,,10000.0,186.07045883599812
YEAR_2035,CAR_PROPANE_MD,,,10000.0,
YEAR_2035,SUV_FC_H2_MD,,,10000.0,
YEAR_2035,CAR_GASOLINE_MD,19.74582869981859,,10000.0,8821.646429930955
YEAR_2035,CAR_FC_H2_MD,,,10000.0,
YEAR_2035,CAR_BIODIESEL_B20_MD,,,10000.0,
YEAR_2035,CAR_CNG_MD,,,10000.0,
YEAR_2035,CAR_CSNG_MD,,,10000.0,
YEAR_2035,CAR_BIOETOH_E10_MD,,,10000.0,
YEAR_2035,CAR_BIOETOH_E85_MD,,,10000.0,
YEAR_2035,CAR_BIOMEOH_MD,,,10000.0,
YEAR_2035,SUV_CSNG_MD,,,10000.0,
YEAR_2035,SUV_BIOETOH_E10_MD,,,10000.0,
YEAR_2035,SUV_BIOETOH_E85_MD,,,10000.0,
YEAR_2035,TRAIN_DIESEL_LD,0.02092084554445468,,10000.0,
YEAR_2035,TRAIN_BIODIESEL_LD,,,10000.0,
YEAR_2035,TRAIN_ELEC_LD,0.02299081296721158,,10000.0,55.38486843801269
YEAR_2035,TRAIN_H2_LD,,,10000.0,
YEAR_2035,TRAIN_NG_LD,,,10000.0,
YEAR_2035,TRAIN_SNG_LD,,,10000.0,
YEAR_2035,COACH_BIODIESEL_B100_LD,,,10000.0,
YEAR_2035,COACH_BIODIESEL_B20_LD,,,10000.0,
YEAR_2035,COACH_CNG_LD,0.07528167542867983,,10000.0,195.86184059630483
YEAR_2035,COACH_CSNG_LD,,,10000.0,
YEAR_2035,COACH_DIESEL_LD,0.03967238940737392,,10000.0,103.21644896895285
YEAR_2035,COACH_ETOH_E10_LD,,,10000.0,
YEAR_2035,COACH_BIOETOH_E10_LD,,,10000.0,
YEAR_2035,COACH_EV_LD,,,10000.0,
YEAR_2035,COACH_GASOLINE_LD,,,10000.0,
YEAR_2035,COACH_HY_DIESEL_LD,,,10000.0,
YEAR_2035,COACH_PROPANE_LD,,,10000.0,
YEAR_2035,PLANE_SH_LD,16.23070116674355,,10000.0,49621.14883501503
YEAR_2035,PLANE_SH_BIO_LD,1.769326727699404,,10000.0,5409.256444991737
YEAR_2035,SUV_GASOLINE_LD,2.886072608349347,,10000.0,1289.381798506154
YEAR_2035,CAR_CNG_LD,,,10000.0,
YEAR_2035,CAR_GASOLINE_LD,2.523056961693693,,10000.0,1127.200928206268
YEAR_2035,CAR_ETOH_E85_LD,,,10000.0,
YEAR_2035,CAR_FC_H2_LD,,,10000.0,
YEAR_2035,CAR_HEV_LD,0.06462363645391189,,10000.0,28.871255822149678
YEAR_2035,SUV_DIESEL_LD,0.01693126329438627,,10000.0,7.5642111894000115
YEAR_2035,CAR_ETOH_E10_LD,,,10000.0,
YEAR_2035,SUV_PROPANE_LD,,,10000.0,
YEAR_2035,CAR_BIODIESEL_B100_LD,,,10000.0,
YEAR_2035,CAR_MEOH_LD,,,10000.0,
YEAR_2035,SUV_FC_H2_LD,,,10000.0,
YEAR_2035,CAR_BIODIESEL_B20_LD,,,10000.0,
YEAR_2035,CAR_DIESEL_LD,0.02080845934849437,,10000.0,9.296387298533347
YEAR_2035,CAR_EV_LD,5.852089859080539,,10000.0,2614.4796654428224
YEAR_2035,CAR_PROPANE_LD,,,10000.0,
YEAR_2035,SUV_EV_LD,4.278694601654562,,10000.0,1911.549600235192
YEAR_2035,SUV_HY_GASOLINE_LD,0.09435296695705464,,10000.0,42.15313151773373
YEAR_2035,SUV_ETOH_E10_LD,,,10000.0,
YEAR_2035,CAR_PHEV_LD,0.05320722544541923,,10000.0,23.77086003999935
YEAR_2035,SUV_PHEV_GASOLINE_LD,0.08224694796505212,,10000.0,36.74464647286668
YEAR_2035,SUV_BIODIESEL_B100_LD,,,10000.0,
YEAR_2035,SUV_ETOH_E85_LD,,,10000.0,
YEAR_2035,SUV_BIODIESEL_B20_LD,,,10000.0,
YEAR_2035,SUV_CNG_LD,,,10000.0,
YEAR_2035,CAR_CSNG_LD,,,10000.0,
YEAR_2035,CAR_BIOETOH_E10_LD,,,10000.0,
YEAR_2035,CAR_BIOETOH_E85_LD,,,10000.0,
YEAR_2035,CAR_BIOMEOH_LD,,,10000.0,
YEAR_2035,SUV_CSNG_LD,,,10000.0,
YEAR_2035,SUV_BIOETOH_E10_LD,,,10000.0,
YEAR_2035,SUV_BIOETOH_E85_LD,,,10000.0,
YEAR_2035,TRAIN_DIESEL_ELD,,,10000.0,
YEAR_2035,TRAIN_BIODIESEL_ELD,,,10000.0,
YEAR_2035,TRAIN_ELEC_ELD,,,10000.0,
YEAR_2035,TRAIN_H2_ELD,,,10000.0,
YEAR_2035,TRAIN_NG_ELD,,,10000.0,
YEAR_2035,TRAIN_SNG_ELD,,,10000.0,
YEAR_2035,COACH_BIODIESEL_B100_ELD,,,10000.0,
YEAR_2035,COACH_BIODIESEL_B20_ELD,,,10000.0,
YEAR_2035,COACH_CNG_ELD,,,10000.0,
YEAR_2035,COACH_CSNG_ELD,,,10000.0,
YEAR_2035,COACH_DIESEL_ELD,,,10000.0,
YEAR_2035,COACH_ETOH_E10_ELD,,,10000.0,
YEAR_2035,COACH_BIOETOH_E10_ELD,,,10000.0,
YEAR_2035,COACH_EV_ELD,,,10000.0,
YEAR_2035,COACH_GASOLINE_ELD,,,10000.0,
YEAR_2035,COACH_HY_DIESEL_ELD,,,10000.0,
YEAR_2035,COACH_PROPANE_ELD,,,10000.0,
YEAR_2035,PLANE_LH_ELD,,,10000.0,
YEAR_2035,PLANE_LH_BIO_ELD,,,10000.0,
YEAR_2035,CAR_CNG_ELD,,,10000.0,
YEAR_2035,SUV_BIODIESEL_B100_ELD,,,10000.0,
YEAR_2035,CAR_HEV_ELD,,,10000.0,
YEAR_2035,SUV_BIODIESEL_B20_ELD,,,10000.0,
YEAR_2035,CAR_GASOLINE_ELD,,,10000.0,
YEAR_2035,CAR_ETOH_E85_ELD,,,10000.0,
YEAR_2035,SUV_PROPANE_ELD,,,10000.0,
YEAR_2035,CAR_PROPANE_ELD,,,10000.0,
YEAR_2035,CAR_BIODIESEL_B100_ELD,,,10000.0,
YEAR_2035,CAR_ETOH_E10_ELD,,,10000.0,
YEAR_2035,SUV_PHEV_GASOLINE_ELD,,,10000.0,
YEAR_2035,CAR_FC_H2_ELD,,,10000.0,
YEAR_2035,CAR_MEOH_ELD,,,10000.0,
YEAR_2035,SUV_EV_ELD,,,10000.0,
YEAR_2035,CAR_DIESEL_ELD,,,10000.0,
YEAR_2035,CAR_BIODIESEL_B20_ELD,,,10000.0,
YEAR_2035,SUV_ETOH_E10_ELD,,,10000.0,
YEAR_2035,CAR_PHEV_ELD,,,10000.0,
YEAR_2035,CAR_EV_ELD,,,10000.0,
YEAR_2035,SUV_HY_GASOLINE_ELD,,,10000.0,
YEAR_2035,SUV_GASOLINE_ELD,,,10000.0,
YEAR_2035,SUV_FC_H2_ELD,,,10000.0,
YEAR_2035,SUV_CNG_ELD,,,10000.0,
YEAR_2035,SUV_DIESEL_ELD,,,10000.0,
YEAR_2035,SUV_ETOH_E85_ELD,,,10000.0,
YEAR_2035,CAR_CSNG_ELD,,,10000.0,
YEAR_2035,CAR_BIOETOH_E10_ELD,,,10000.0,
YEAR_2035,CAR_BIOETOH_E85_ELD,,,10000.0,
YEAR_2035,CAR_BIOMEOH_ELD,,,10000.0,
YEAR_2035,SUV_CSNG_ELD,,,10000.0,
YEAR_2035,SUV_BIOETOH_E10_ELD,,,10000.0,
YEAR_2035,SUV_BIOETOH_E85_ELD,,,10000.0,
YEAR_2035,LCV_BIODIESEL_B100_SD,,,10000.0,
YEAR_2035,LCV_BIODIESEL_B20_SD,,,10000.0,
YEAR_2035,LCV_CNG_SD,,,10000.0,
YEAR_2035,LCV_CSNG_SD,,,10000.0,
YEAR_2035,LCV_DIESEL_SD,,,10000.0,
YEAR_2035,LCV_GASOLINE_SD,,,10000.0,
YEAR_2035,LCV_ETOH_E10_SD,,,10000.0,
YEAR_2035,LCV_ETOH_E85_SD,,,10000.0,
YEAR_2035,LCV_EV_SD,,,10000.0,
YEAR_2035,LCV_FC_H2_SD,13.06851337647095,,10000.0,10646.65647754335
YEAR_2035,LCV_PHEV_DIESEL_SD,,,10000.0,
YEAR_2035,LCV_PROPANE_SD,,,10000.0,
YEAR_2035,TRUCK_SH_BIODIESEL_B100_SD,,,10000.0,
YEAR_2035,TRUCK_SH_BIODIESEL_B20_SD,,,10000.0,
YEAR_2035,TRUCK_SH_CNG_SD,,,10000.0,
YEAR_2035,TRUCK_SH_CSNG_SD,,,10000.0,
YEAR_2035,TRUCK_SH_DIESEL_SD,0.6666811451858481,,10000.0,543.1317953600065
YEAR_2035,TRUCK_SH_GASOLINE_SD,0.9122777887759606,,10000.0,743.2144689599982
YEAR_2035,TRUCK_SH_EV_SD,,,10000.0,
YEAR_2035,TRUCK_SH_HY_DIESEL_SD,,,10000.0,
YEAR_2035,TRUCK_SH_PROPANE_SD,,,10000.0,
YEAR_2035,LCV_BIODIESEL_B100_MD,,,10000.0,
YEAR_2035,LCV_BIODIESEL_B20_MD,,,10000.0,
YEAR_2035,LCV_CNG_MD,,,10000.0,
YEAR_2035,LCV_CSNG_MD,,,10000.0,
YEAR_2035,LCV_DIESEL_MD,,,10000.0,
YEAR_2035,LCV_GASOLINE_MD,,,10000.0,
YEAR_2035,LCV_ETOH_E10_MD,,,10000.0,
YEAR_2035,LCV_ETOH_E85_MD,,,10000.0,
YEAR_2035,LCV_EV_MD,,,10000.0,
YEAR_2035,LCV_FC_H2_MD,,,10000.0,
YEAR_2035,LCV_PHEV_DIESEL_MD,,,10000.0,
YEAR_2035,LCV_PROPANE_MD,,,10000.0,
YEAR_2035,SEMI_SH_BIODIESEL_B100_MD,,,10000.0,
YEAR_2035,SEMI_SH_BIODIESEL_B20_MD,,,10000.0,
YEAR_2035,SEMI_SH_CNG_MD,,,10000.0,
YEAR_2035,SEMI_SH_CSNG_MD,,,10000.0,
YEAR_2035,SEMI_SH_DIESEL_MD,9.985932022389163,,10000.0,8135.339100000004
YEAR_2035,SEMI_SH_EV_MD,,,10000.0,
YEAR_2035,SEMI_SH_FC_H2_MD,,,10000.0,
YEAR_2035,SEMI_SH_HY_DIESEL_MD,23.81993295309664,,10000.0,19405.622978228766
YEAR_2035,SEMI_SH_PROPANE_MD,,,10000.0,
YEAR_2035,TRUCK_SH_BIODIESEL_B100_MD,,,10000.0,
YEAR_2035,TRUCK_SH_BIODIESEL_B20_MD,,,10000.0,
YEAR_2035,TRUCK_SH_CNG_MD,,,10000.0,
YEAR_2035,TRUCK_SH_CSNG_MD,,,10000.0,
YEAR_2035,TRUCK_SH_DIESEL_MD,,,10000.0,
YEAR_2035,TRUCK_SH_GASOLINE_MD,,,10000.0,
YEAR_2035,TRUCK_SH_EV_MD,,,10000.0,
YEAR_2035,TRUCK_SH_HY_DIESEL_MD,,,10000.0,
YEAR_2035,TRUCK_SH_PROPANE_MD,,,10000.0,
YEAR_2035,TRAIN_FREIGHT_DIESEL_LD,2.045026438956985,,10000.0,6126.7356090000085
YEAR_2035,TRAIN_FREIGHT_BIODIESEL_LD,,,10000.0,
YEAR_2035,TRAIN_FREIGHT_ELEC_LD,0.5843106093267454,,10000.0,1750.5478406941832
YEAR_2035,TRAIN_FREIGHT_H2_LD,,,10000.0,
YEAR_2035,TRAIN_FREIGHT_NG_LD,,,10000.0,
YEAR_2035,TRAIN_FREIGHT_SNG_LD,,,10000.0,
YEAR_2035,SEMI_LH_BIODIESEL_B100_LD,,,10000.0,
YEAR_2035,SEMI_LH_BIODIESEL_B20_LD,,,10000.0,
YEAR_2035,SEMI_LH_CNG_LD,5.07611844819359,,10000.0,4135.412177374354
YEAR_2035,SEMI_LH_CSNG_LD,,,10000.0,
YEAR_2035,SEMI_LH_DIESEL_LD,5.997160828356396,,10000.0,4885.766983645391
YEAR_2035,SEMI_LH_EV_LD,,,10000.0,
YEAR_2035,SEMI_LH_FC_H2_LD,,,10000.0,
YEAR_2035,SEMI_LH_HY_DIESEL_LD,5.229006829320013,,10000.0,4259.967283710432
YEAR_2035,SEMI_LH_PROPANE_LD,,,10000.0,
YEAR_2035,TRUCK_LH_BIODIESEL_B100_LD,,,10000.0,
YEAR_2035,TRUCK_LH_BIODIESEL_B20_LD,,,10000.0,
YEAR_2035,TRUCK_LH_CNG_LD,,,10000.0,
YEAR_2035,TRUCK_LH_CSNG_LD,,,10000.0,
YEAR_2035,TRUCK_LH_DIESEL_LD,,,10000.0,
YEAR_2035,TRUCK_LH_GASOLINE_LD,,,10000.0,
YEAR_2035,TRUCK_LH_EV_LD,,,10000.0,
YEAR_2035,TRUCK_LH_HY_DIESEL_LD,,,10000.0,
YEAR_2035,TRUCK_LH_PROPANE_LD,,,10000.0,
YEAR_2035,TRAIN_FREIGHT_DIESEL_ELD,6.13399171506582,,10000.0,18376.948459
YEAR_2035,TRAIN_FREIGHT_BIODIESEL_ELD,,,10000.0,
YEAR_2035,TRAIN_FREIGHT_ELEC_ELD,1.752576611048082,,10000.0,5250.579320571169
YEAR_2035,TRAIN_FREIGHT_H2_ELD,,,10000.0,
YEAR_2035,TRAIN_FREIGHT_NG_ELD,,,10000.0,
YEAR_2035,TRAIN_FREIGHT_SNG_ELD,,,10000.0,
YEAR_2035,SEMI_LH_BIODIESEL_B100_ELD,,,10000.0,
YEAR_2035,SEMI_LH_BIODIESEL_B20_ELD,,,10000.0,
YEAR_2035,SEMI_LH_CNG_ELD,7.304471310051762,,10000.0,5950.806686872969
YEAR_2035,SEMI_LH_CSNG_ELD,,,10000.0,
YEAR_2035,SEMI_LH_DIESEL_ELD,9.108480208589022,,10000.0,7420.496656333308
YEAR_2035,SEMI_LH_EV_ELD,,,10000.0,
YEAR_2035,SEMI_LH_FC_H2_ELD,,,10000.0,
YEAR_2035,SEMI_LH_HY_DIESEL_ELD,7.862785439963287,,10000.0,6405.654042229289
YEAR_2035,SEMI_LH_PROPANE_ELD,,,10000.0,
YEAR_2035,PLANE_FREIGHT_ELD,0.1122638289929871,,10000.0,590.0586851871401
YEAR_2035,PLANE_FREIGHT_BIO_ELD,0.01594199653474072,,10000.0,83.79113378659724
YEAR_2035,BULK_CARRIER_ELD,3.397510559471975,,10000.0,7864.372881916161
YEAR_2035,CONTAINER_ELD,0.9951981118754087,,10000.0,
YEAR_2035,OIL_TANKER_ELD,2.525962089077563,,10000.0,10621.165392153345
YEAR_2035,BULK_CARRIER_BIO_ELD,,,10000.0,
YEAR_2035,CONTAINER_BIO_ELD,,,10000.0,
YEAR_2035,OIL_TANKER_BIO_ELD,,,10000.0,
YEAR_2035,BULK_CARRIER_MEOH_ELD,5.799034018704519,,10000.0,27939.745902118368
YEAR_2035,CONTAINER_MEOH_ELD,1.749596703367994,,10000.0,10728.52698505254
YEAR_2035,OIL_TANKER_MEOH_ELD,1.362286572671505,,10000.0,5728.142580769146
YEAR_2035,BULK_CARRIER_BIOMEOH_ELD,,,10000.0,
YEAR_2035,CONTAINER_BIOMEOH_ELD,,,10000.0,
YEAR_2035,OIL_TANKER_BIOMEOH_ELD,,,10000.0,
YEAR_2035,ETHANE_OXIDATION,,,10000.0,
YEAR_2035,METHANOL_CARBONYLATION,,,10000.0,
YEAR_2035,BIOMETHANOL_CARBONYLATION,,,10000.0,
YEAR_2035,CUMENE_PROCESS,,,10000.0,
YEAR_2035,CO2_METHANOL,,,10000.0,
YEAR_2035,METHANE_TO_METHANOL,,,10000.0,
YEAR_2035,METHANOL_FT,0.4714574254648648,,10000.0,3510.4719900113823
YEAR_2035,BIOMETHANE_TO_BIOMETHANOL,,,10000.0,
YEAR_2035,BIOMETHANOL_FT,,,10000.0,
YEAR_2035,WOOD_METHANOL,,,10000.0,
YEAR_2035,ETHYLENE_POLYMERIZATION,,,10000.0,
YEAR_2035,STYRENE_POLYMERIZATION,,,10000.0,
YEAR_2035,DHN_TH_STORAGE,,,10000.0,
YEAR_2035,DEC_TH_STORAGE,,,10000.0,
YEAR_2035,DHN,0.539492458849945,,10000.0,
YEAR_2035,BATTERY,,,10000.0,
YEAR_2035,EHV_GRID,35.52171058676679,,10000.0,253663.7936066698
YEAR_2035,HV_GRID,30.68054054995747,,10000.0,202289.29260437022
YEAR_2035,MV_GRID,23.89525283716175,,10000.0,134637.8078684399
YEAR_2035,LV_GRID,21.79448334469969,,10000.0,99844.04099157381
YEAR_2035,EHP_H2_GRID,0.6765996468051888,,10000.0,99.68121529169514
YEAR_2035,HP_H2_GRID,5.353670955350069,,10000.0,39747.13474393061
YEAR_2035,MP_H2_GRID,4.795067076366845,,10000.0,33557.19751854494
YEAR_2035,LP_H2_GRID,,,10000.0,
YEAR_2035,EHP_NG_GRID,29.27657758287895,,10000.0,148971.46514491475
YEAR_2035,HP_NG_GRID,29.27657758287895,,10000.0,148971.46514491475
YEAR_2035,MP_NG_GRID,24.24561490931101,,10000.0,105567.79029458814
YEAR_2035,LP_NG_GRID,17.21504958994874,,10000.0,59106.626034790694
YEAR_2035,ALKALINE_ELECTROLYSIS,,,10000.0,
YEAR_2035,AN_DIG,,,10000.0,
YEAR_2035,ATR,,,10000.0,
YEAR_2035,BIOGAS_BIOMETHANE,,,10000.0,
YEAR_2035,BIOMASS_GAS_EF_H2,,,10000.0,
YEAR_2035,BIOMASS_GAS_FB_H2,,,10000.0,
YEAR_2035,CO2_TO_DIESEL,2.317978503089664,,10000.0,20305.491687065456
YEAR_2035,CO2_STO,921.5107388312005,,10000.0,1039.5087055169597
YEAR_2035,CO2_TO_JETFUELS,0.2232599769615757,,10000.0,1955.757398183416
YEAR_2035,COAL_GAS_H2,,,10000.0,
YEAR_2035,COAL_GAS_H2_ADV,,,10000.0,
YEAR_2035,CROPS_TO_ETHANOL,,,10000.0,
YEAR_2035,CROPS_TO_JETFUELS,,,10000.0,
YEAR_2035,DIE_STO,,,10000.0,
YEAR_2035,ELEC_STO,,,10000.0,
YEAR_2035,ETHANE_CRACKING,,,10000.0,
YEAR_2035,ETHANE_TO_ETHYLENE,,,10000.0,
YEAR_2035,ETHANOL_TO_JETFUELS,,,10000.0,
YEAR_2035,FT,,,10000.0,
YEAR_2035,GASIFICATION_H2,,,10000.0,
YEAR_2035,GASIFICATION_SNG,,,10000.0,
YEAR_2035,GASO_STO,,,10000.0,
YEAR_2035,BIOETHANOL_TO_BIOJETFUELS,,,10000.0,
YEAR_2035,H2_COMP_HE,0.0692230661747883,,10000.0,49.84060764584757
YEAR_2035,H2_COMP_LM,,,10000.0,
YEAR_2035,H2_COMP_MH,,,10000.0,
YEAR_2035,H2_EXP_EH,0.5159235667434379,,10000.0,49.84060764584757
YEAR_2035,H2_EXP_EH_COGEN,,,10000.0,
YEAR_2035,H2_EXP_HM,3.83073031033618,,10000.0,33557.19751854494
YEAR_2035,H2_EXP_HM_COGEN,,,10000.0,
YEAR_2035,H2_EXP_ML,,,10000.0,
YEAR_2035,H2_EXP_ML_COGEN,,,10000.0,
YEAR_2035,H2_STO,503.3901372230604,,10000.0,49.84060764584757
YEAR_2035,HYDRO_GAS,,,10000.0,
YEAR_2035,LT_DEC_WH,0.1,,0.1,0.42460079456854405
YEAR_2035,LT_DHN_WH,0.1,,0.1,
YEAR_2035,METATHESIS_PROPYLENE,,,10000.0,
YEAR_2035,METHANATION,,,10000.0,
YEAR_2035,METHANOL_TO_AROMATICS,,,10000.0,
YEAR_2035,METHANOL_TO_OLEFINS,,,10000.0,
YEAR_2035,BIOMETHANOL_TO_AROMATICS,,,10000.0,
YEAR_2035,BIOMETHANOL_TO_OLEFINS,,,10000.0,
YEAR_2035,NG_COMP_HE,,,10000.0,
YEAR_2035,NG_COMP_LM,,,10000.0,
YEAR_2035,NG_COMP_MH,,,10000.0,
YEAR_2035,NG_EXP_EH,29.27220110067162,,10000.0,148971.46514491475
YEAR_2035,NG_EXP_EH_COGEN,,,10000.0,
YEAR_2035,NG_EXP_HM,24.24561490931101,,10000.0,105567.79029458814
YEAR_2035,NG_EXP_HM_COGEN,,,10000.0,
YEAR_2035,NG_EXP_ML,17.21504958994874,,10000.0,59106.626034790694
YEAR_2035,SNG_COMP_HE,,,10000.0,
YEAR_2035,SNG_COMP_LM,,,10000.0,
YEAR_2035,SNG_COMP_MH,,,10000.0,
YEAR_2035,SNG_EXP_EH,,,10000.0,
YEAR_2035,SNG_EXP_EH_COGEN,,,10000.0,
YEAR_2035,SNG_EXP_HM,,,10000.0,
YEAR_2035,SNG_EXP_HM_COGEN,,,10000.0,
YEAR_2035,SNG_EXP_ML,,,10000.0,
YEAR_2035,NG_EXP_ML_COGEN,,,10000.0,
YEAR_2035,NG_PYROLYSIS_PLASMA,,,10000.0,
YEAR_2035,NG_PYROLYSIS_THERMAL,,,10000.0,
YEAR_2035,NG_REFORMING,,,10000.0,
YEAR_2035,NG_STO,,,10000.0,
YEAR_2035,PEM_ELECTROLYSIS,,,10000.0,
YEAR_2035,PYROLYSIS,,,10000.0,
YEAR_2035,SNG_EXP_ML_COGEN,,,10000.0,
YEAR_2035,SNG_PYROLYSIS_PLASMA,,,10000.0,
YEAR_2035,SNG_PYROLYSIS_THERMAL,,,10000.0,
YEAR_2035,SNG_REFORMING,,,10000.0,
YEAR_2035,SNG_STO,,,10000.0,
YEAR_2035,SMART_PROCESS,,,10000.0,
YEAR_2035,SMR,5.331358331491373,,10000.0,39697.29413628476
YEAR_2035,SOEC_ELECTROLYSIS,,,10000.0,
YEAR_2035,STO_CO2,921.5107388312005,,10000.0,1039.50870551696
YEAR_2035,STO_DIE,,,10000.0,
YEAR_2035,STO_ELEC,,,10000.0,
YEAR_2035,STO_GASO,,,10000.0,
YEAR_2035,STO_H2,503.3901372230604,,10000.0,49.84060764584757
YEAR_2035,STO_NG,,,10000.0,
YEAR_2035,STO_SNG,,,10000.0,
YEAR_2035,DAC_HT,,,10000.0,
YEAR_2035,DAC_LT,,,10000.0,
YEAR_2035,CARBON_CAPTURE,,,10000.0,
YEAR_2035,CARBON_CAPTURE_AMINES,,,10000.0,
YEAR_2035,CARBON_CAPTURE_MEMBRANES,1.384525599054859,,10000.0,10309.17761056248
YEAR_2035,CARBON_CAPTURE_MOF,,,10000.0,
YEAR_2035,CARBON_MINERALIZATION,,,10000.0,
YEAR_2035,CARBON_TRANSPORT_INJECTION,0.2139108501881973,,10000.0,1592.780190501317
YEAR_2035,CAR_BIODIESEL_B100,,,10000.0,
YEAR_2035,CAR_BIODIESEL_B20,,,10000.0,
YEAR_2035,CAR_CNG,,,10000.0,
YEAR_2035,CAR_CSNG,,,10000.0,
YEAR_2035,CAR_DIESEL,0.3495522788935158,,10000.0,156.16597611846709
YEAR_2035,CAR_ETOH_E10,,,10000.0,
YEAR_2035,CAR_ETOH_E85,,,10000.0,
YEAR_2035,CAR_BIOETOH_E10,,,10000.0,
YEAR_2035,CAR_BIOETOH_E85,,,10000.0,
YEAR_2035,CAR_EV,98.48654870840855,,10000.0,43999.85050096862
YEAR_2035,CAR_FC_H2,,,10000.0,
YEAR_2035,CAR_GASOLINE,42.39187308779157,,10000.0,18938.993220701763
YEAR_2035,CAR_HEV,1.08628085601195,,10000.0,485.30683523189873
YEAR_2035,CAR_MEOH,,,10000.0,
YEAR_2035,CAR_BIOMEOH,,,10000.0,
YEAR_2035,CAR_PHEV,0.8943331029836912,,10000.0,399.55225708899764
YEAR_2035,CAR_PROPANE,,,10000.0,
YEAR_2035,SUV_BIODIESEL_B100,,,10000.0,
YEAR_2035,SUV_BIODIESEL_B20,,,10000.0,
YEAR_2035,SUV_CNG,,,10000.0,
YEAR_2035,SUV_CSNG,,,10000.0,
YEAR_2035,SUV_DIESEL,0.2844831032017198,,10000.0,127.09567118640034
YEAR_2035,SUV_ETOH_E10,,,10000.0,
YEAR_2035,SUV_ETOH_E85,,,10000.0,
YEAR_2035,SUV_BIOETOH_E10,,,10000.0,
YEAR_2035,SUV_BIOETOH_E85,,,10000.0,
YEAR_2035,SUV_EV,72.0072804262597,,10000.0,32169.972603235794
YEAR_2035,SUV_FC_H2,,,10000.0,
YEAR_2035,SUV_GASOLINE,48.51079366939226,,10000.0,21672.682179737683
YEAR_2035,SUV_HY_GASOLINE,1.58660264433223,,10000.0,708.830597381867
YEAR_2035,SUV_PHEV_GASOLINE,1.383214154956875,,10000.0,617.9647558685334
YEAR_2035,SUV_PROPANE,,,10000.0,
YEAR_2035,BUS_BIODIESEL_B100,,,10000.0,
YEAR_2035,BUS_BIODIESEL_B20,,,10000.0,
YEAR_2035,BUS_CNG,0.3169611878344902,,10000.0,824.6442616127497
YEAR_2035,BUS_CSNG,,,10000.0,
YEAR_2035,BUS_DIESEL,0.1824781120571271,,10000.0,474.7569537012688
YEAR_2035,BUS_GASOLINE,0.006684017891190239,,10000.0,17.389943027867467
YEAR_2035,BUS_EV,,,10000.0,
YEAR_2035,BUS_FC_H2,,,10000.0,
YEAR_2035,BUS_HY_DIESEL,0.0782049051673403,,10000.0,203.4672658719726
YEAR_2035,BUS_PROPANE,,,10000.0,
YEAR_2035,SCHOOLBUS_BIODIESEL_B100,,,10000.0,
YEAR_2035,SCHOOLBUS_BIODIESEL_B20,,,10000.0,
YEAR_2035,SCHOOLBUS_CNG,0.2547519559843632,,10000.0,662.7932589236377
YEAR_2035,SCHOOLBUS_CSNG,,,10000.0,
YEAR_2035,SCHOOLBUS_DIESEL,0.1466653509599912,,10000.0,381.5821768996278
YEAR_2035,SCHOOLBUS_ETOH_E10,,,10000.0,
YEAR_2035,SCHOOLBUS_BIOETOH_E10,,,10000.0,
YEAR_2035,SCHOOLBUS_EV,,,10000.0,
YEAR_2035,SCHOOLBUS_GASOLINE,1.075611100319889,,10000.0,2798.438911924262
YEAR_2035,SCHOOLBUS_HY_DIESEL,,,10000.0,
YEAR_2035,SCHOOLBUS_PROPANE,,,10000.0,
YEAR_2035,COACH_BIODIESEL_B100,,,10000.0,
YEAR_2035,COACH_BIODIESEL_B20,,,10000.0,
YEAR_2035,COACH_CNG,0.1177560618357762,,10000.0,306.3683011993757
YEAR_2035,COACH_CSNG,,,10000.0,
YEAR_2035,COACH_DIESEL,0.06065317751174418,,10000.0,157.802584995855
YEAR_2035,COACH_ETOH_E10,,,10000.0,
YEAR_2035,COACH_BIOETOH_E10,,,10000.0,
YEAR_2035,COACH_EV,,,10000.0,
YEAR_2035,COACH_GASOLINE,,,10000.0,
YEAR_2035,COACH_HY_DIESEL,,,10000.0,
YEAR_2035,COACH_PROPANE,,,10000.0,
YEAR_2035,COMMUTER_RAIL_DIESEL,0.01593386631679083,,10000.0,47.73658877579998
YEAR_2035,COMMUTER_RAIL_ELEC,0.6592672506262813,,10000.0,1975.1119414962889
YEAR_2035,TRAIN_DIESEL,0.02092084554445468,,10000.0,
YEAR_2035,TRAIN_BIODIESEL,,,10000.0,
YEAR_2035,TRAIN_ELEC,0.02299081296721158,,10000.0,55.38486843801269
YEAR_2035,TRAIN_H2,,,10000.0,
YEAR_2035,TRAIN_NG,,,10000.0,
YEAR_2035,TRAIN_SNG,,,10000.0,
YEAR_2035,PLANE_SH,16.23070116674355,,10000.0,49621.14883501503
YEAR_2035,PLANE_LH,,,10000.0,
YEAR_2035,PLANE_SH_BIO,1.769326727699404,,10000.0,5409.256444991737
YEAR_2035,PLANE_LH_BIO,,,10000.0,
YEAR_2035,LCV_BIODIESEL_B100,,,10000.0,
YEAR_2035,LCV_BIODIESEL_B20,,,10000.0,
YEAR_2035,LCV_CNG,,,10000.0,
YEAR_2035,LCV_CSNG,,,10000.0,
YEAR_2035,LCV_DIESEL,,,10000.0,
YEAR_2035,LCV_GASOLINE,,,10000.0,
YEAR_2035,LCV_ETOH_E10,,,10000.0,
YEAR_2035,LCV_ETOH_E85,,,10000.0,
YEAR_2035,LCV_EV,,,10000.0,
YEAR_2035,LCV_FC_H2,13.06851337647095,,10000.0,10646.65647754335
YEAR_2035,LCV_PHEV_DIESEL,,,10000.0,
YEAR_2035,LCV_PROPANE,,,10000.0,
YEAR_2035,TRUCK_SH_BIODIESEL_B100,,,10000.0,
YEAR_2035,TRUCK_SH_BIODIESEL_B20,,,10000.0,
YEAR_2035,TRUCK_SH_CNG,,,10000.0,
YEAR_2035,TRUCK_SH_CSNG,,,10000.0,
YEAR_2035,TRUCK_SH_DIESEL,0.6666811451858481,,10000.0,543.1317953600065
YEAR_2035,TRUCK_SH_GASOLINE,0.9122777887759606,,10000.0,743.2144689599982
YEAR_2035,TRUCK_SH_EV,,,10000.0,
YEAR_2035,TRUCK_SH_HY_DIESEL,,,10000.0,
YEAR_2035,TRUCK_SH_PROPANE,,,10000.0,
YEAR_2035,SEMI_SH_BIODIESEL_B100,,,10000.0,
YEAR_2035,SEMI_SH_BIODIESEL_B20,,,10000.0,
YEAR_2035,SEMI_SH_CNG,,,10000.0,
YEAR_2035,SEMI_SH_CSNG,,,10000.0,
YEAR_2035,SEMI_SH_DIESEL,9.985932022389163,,10000.0,8135.339100000004
YEAR_2035,SEMI_SH_EV,,,10000.0,
YEAR_2035,SEMI_SH_FC_H2,,,10000.0,
YEAR_2035,SEMI_SH_HY_DIESEL,23.81993295309664,,10000.0,19405.622978228766
YEAR_2035,SEMI_SH_PROPANE,,,10000.0,
YEAR_2035,SEMI_LH_BIODIESEL_B100,,,10000.0,
YEAR_2035,SEMI_LH_BIODIESEL_B20,,,10000.0,
YEAR_2035,SEMI_LH_CNG,12.38058975824535,,10000.0,10086.218864247325
YEAR_2035,SEMI_LH_CSNG,,,10000.0,
YEAR_2035,SEMI_LH_DIESEL,15.10564103694542,,10000.0,12306.263639978702
YEAR_2035,SEMI_LH_EV,,,10000.0,
YEAR_2035,SEMI_LH_FC_H2,,,10000.0,
YEAR_2035,SEMI_LH_HY_DIESEL,13.0917922692833,,10000.0,10665.62132593972
YEAR_2035,SEMI_LH_PROPANE,,,10000.0,
YEAR_2035,TRAIN_FREIGHT_DIESEL,8.179018154022804,,10000.0,24503.684068
YEAR_2035,TRAIN_FREIGHT_BIODIESEL,,,10000.0,
YEAR_2035,TRAIN_FREIGHT_ELEC,2.336887220374827,,10000.0,7001.127161265352
YEAR_2035,TRAIN_FREIGHT_H2,,,10000.0,
YEAR_2035,TRAIN_FREIGHT_NG,,,10000.0,
YEAR_2035,TRAIN_FREIGHT_SNG,,,10000.0,
YEAR_2035,TRUCK_LH_BIODIESEL_B100,,,10000.0,
YEAR_2035,TRUCK_LH_BIODIESEL_B20,,,10000.0,
YEAR_2035,TRUCK_LH_CNG,,,10000.0,
YEAR_2035,TRUCK_LH_CSNG,,,10000.0,
YEAR_2035,TRUCK_LH_DIESEL,,,10000.0,
YEAR_2035,TRUCK_LH_GASOLINE,,,10000.0,
YEAR_2035,TRUCK_LH_EV,,,10000.0,
YEAR_2035,TRUCK_LH_HY_DIESEL,,,10000.0,
YEAR_2035,TRUCK_LH_PROPANE,,,10000.0,
YEAR_2035,PLANE_FREIGHT,0.1122638289929871,,10000.0,590.0586851871401
YEAR_2035,PLANE_FREIGHT_BIO,0.01594199653474072,,10000.0,83.79113378659724
YEAR_2035,BULK_CARRIER,3.397510559471975,,10000.0,7864.372881916161
YEAR_2035,CONTAINER,0.9951981118754087,,10000.0,
YEAR_2035,OIL_TANKER,2.525962089077563,,10000.0,10621.165392153345
YEAR_2035,BULK_CARRIER_BIO,,,10000.0,
YEAR_2035,CONTAINER_BIO,,,10000.0,
YEAR_2035,OIL_TANKER_BIO,,,10000.0,
YEAR_2035,BULK_CARRIER_MEOH,5.799034018704519,,10000.0,27939.745902118368
YEAR_2035,CONTAINER_MEOH,1.749596703367994,,10000.0,10728.52698505254
YEAR_2035,OIL_TANKER_MEOH,1.362286572671505,,10000.0,5728.142580769146
YEAR_2035,BULK_CARRIER_BIOMEOH,,,10000.0,
YEAR_2035,CONTAINER_BIOMEOH,,,10000.0,
YEAR_2035,OIL_TANKER_BIOMEOH,,,10000.0,
YEAR_2040,PV_ROOF,0.3,,10000.0,345.63599999999997
YEAR_2040,PV_GROUND,,,10000.0,
YEAR_2040,TRAFO_ML,21.79353934469968,,10000.0,97055.40238604807
YEAR_2040,AN_DIG_SI,,,10000.0,
YEAR_2040,HYDRO_GAS_CHP,,,10000.0,
YEAR_2040,TIDAL,,,10000.0,
YEAR_2040,TRAFO_HM,22.32240483716175,,10000.0,108476.15073767843
YEAR_2040,TRAFO_LM,,,10000.0,
YEAR_2040,WIND_OFFSHORE,,,2179.0,
YEAR_2040,WIND_ONSHORE,10.0,,3984.322,29025.84
YEAR_2040,NEW_WIND_ONSHORE,,,3984.322,
YEAR_2040,CCGT,,,10000.0,
YEAR_2040,COAL_IGCC,,,10000.0,
YEAR_2040,COAL_US,,,10000.0,
YEAR_2040,H2_CCGT,,,10000.0,
YEAR_2040,H2_NG_CCGT,,,10000.0,
YEAR_2040,OCGT_LARGE,,,10000.0,
YEAR_2040,OCGT_SMALL,,,10000.0,
YEAR_2040,TRAFO_EH,29.5076640645893,,10000.0,202325.87171646033
YEAR_2040,TRAFO_MH,,,10000.0,
YEAR_2040,CCGT_BIOGAS,,,10000.0,
YEAR_2040,H2_SNG_CCGT,,,10000.0,
YEAR_2040,OCGT_BIOGAS_SMALL,,,10000.0,
YEAR_2040,OCGT_BIOGAS_LARGE,,,10000.0,
YEAR_2040,NUCLEAR,,,12.0,
YEAR_2040,TRAFO_HE,,,10000.0,
YEAR_2040,HYDRO_RIVER,15.13,15.13,15.13,73573.19568
YEAR_2040,NEW_HYDRO_DAM,4.0,,15.11,18800.832
YEAR_2040,NEW_HYDRO_RIVER,,,25.33,
YEAR_2040,HYDRO_DAM,26.357,26.357,26.357,127918.533528
YEAR_2040,IND_BOILER_COAL,,,10000.0,
YEAR_2040,IND_BOILER_GAS,6.067808847435178,,10000.0,50496.30522835555
YEAR_2040,IND_BOILER_OIL,,,10000.0,
YEAR_2040,IND_BOILER_WASTE,0.4039439718836954,,10000.0,2943.6059456110306
YEAR_2040,IND_BOILER_WOOD,5.334673687762304,,10000.0,39609.42640298675
YEAR_2040,IND_BOILER_BIOGAS,,,10000.0,
YEAR_2040,IND_BOILER_BIOOIL,,,10000.0,
YEAR_2040,IND_COGEN_GAS,,,10000.0,
YEAR_2040,IND_COGEN_WASTE,,,10000.0,
YEAR_2040,IND_COGEN_WOOD,,,10000.0,
YEAR_2040,IND_DIRECT_ELEC,2.015593838088754,,10000.0,10599.67596061974
YEAR_2040,IND_COGEN_BIOGAS,,,10000.0,
YEAR_2040,DHN_BOILER_GAS,0.1769076870717513,,10000.0,557.3254930937596
YEAR_2040,DHN_BOILER_OIL,,,10000.0,
YEAR_2040,DHN_BOILER_WOOD,0.1175305031251381,,10000.0,162.95666709593038
YEAR_2040,DHN_BOILER_BIOGAS,,,10000.0,
YEAR_2040,DHN_BOILER_BIOOIL,,,10000.0,
YEAR_2040,DHN_COGEN_GAS,,,10000.0,
YEAR_2040,DHN_COGEN_WASTE,,,10000.0,
YEAR_2040,DHN_COGEN_WOOD,,,10000.0,
YEAR_2040,DHN_COGEN_BIOGAS,,,10000.0,
YEAR_2040,DHN_DEEP_GEO,,,10000.0,
YEAR_2040,DHN_HP_ELEC,0.2450542686530556,,10000.0,1328.7366882295005
YEAR_2040,AFC,0.0002460268311654801,,10000.0,0.18304396238711718
YEAR_2040,DEC_ADVCOGEN_H2,,,10000.0,
YEAR_2040,DEC_BOILER_GAS,17.0336226526731,,10000.0,64701.02487804029
YEAR_2040,DEC_BOILER_OIL,,,10000.0,
YEAR_2040,DEC_BOILER_WOOD,0.6286891149586142,,10000.0,2394.2818004868673
YEAR_2040,DEC_BOILER_BIOGAS,,,10000.0,
YEAR_2040,DEC_BOILER_BIOOIL,,,10000.0,
YEAR_2040,DEC_COGEN_GAS,,,10000.0,
YEAR_2040,DEC_COGEN_OIL,,,10000.0,
YEAR_2040,DEC_COGEN_WOOD,,,10000.0,
YEAR_2040,DEC_COGEN_BIOGAS,,,10000.0,
YEAR_2040,DEC_COGEN_BIOOIL,,,10000.0,
YEAR_2040,DEC_DIRECT_ELEC,8.473427077648337,,10000.0,32188.98176853896
YEAR_2040,DEC_HP_ELEC,1.447904435009416,,10000.0,5505.701810464681
YEAR_2040,DEC_RENOVATION,,,10000.0,
YEAR_2040,DEC_SOLAR,0.0213585723043419,,10000.0,24.60763832327839
YEAR_2040,PAFC,,,10000.0,
YEAR_2040,PEMFC,,,10000.0,
YEAR_2040,SOFC,,,10000.0,
YEAR_2040,COMMUTER_RAIL_DIESEL_SD,,,10000.0,
YEAR_2040,COMMUTER_RAIL_ELEC_SD,0.6537336007140515,,10000.0,1958.5335690512409
YEAR_2040,TRAMWAY_SD,,,10000.0,
YEAR_2040,BUS_BIODIESEL_B100_SD,,,10000.0,
YEAR_2040,BUS_BIODIESEL_B20_SD,,,10000.0,
YEAR_2040,BUS_CNG_SD,0.5807672256165894,,10000.0,1510.9937062311928
YEAR_2040,BUS_CSNG_SD,,,10000.0,
YEAR_2040,BUS_DIESEL_SD,,,10000.0,
YEAR_2040,BUS_GASOLINE_SD,,,10000.0,
YEAR_2040,BUS_EV_SD,,,10000.0,
YEAR_2040,BUS_FC_H2_SD,,,10000.0,
YEAR_2040,BUS_HY_DIESEL_SD,,,10000.0,
YEAR_2040,BUS_PROPANE_SD,,,10000.0,
YEAR_2040,SCHOOLBUS_BIODIESEL_B100_SD,,,10000.0,
YEAR_2040,SCHOOLBUS_BIODIESEL_B20_SD,,,10000.0,
YEAR_2040,SCHOOLBUS_CNG_SD,,,10000.0,
YEAR_2040,SCHOOLBUS_CSNG_SD,,,10000.0,
YEAR_2040,SCHOOLBUS_DIESEL_SD,,,10000.0,
YEAR_2040,SCHOOLBUS_ETOH_E10_SD,,,10000.0,
YEAR_2040,SCHOOLBUS_BIOETOH_E10_SD,,,10000.0,
YEAR_2040,SCHOOLBUS_EV_SD,,,10000.0,
YEAR_2040,SCHOOLBUS_GASOLINE_SD,1.468027140487667,,10000.0,3819.395571949575
YEAR_2040,SCHOOLBUS_HY_DIESEL_SD,,,10000.0,
YEAR_2040,SCHOOLBUS_PROPANE_SD,,,10000.0,
YEAR_2040,CAR_GASOLINE_SD,,,10000.0,
YEAR_2040,CAR_EV_SD,45.7235301110259,,10000.0,20427.444312401938
YEAR_2040,SUV_GASOLINE_SD,,,10000.0,
YEAR_2040,CAR_MEOH_SD,,,10000.0,
YEAR_2040,CAR_ETOH_E10_SD,,,10000.0,
YEAR_2040,SUV_CNG_SD,,,10000.0,
YEAR_2040,CAR_BIODIESEL_B100_SD,,,10000.0,
YEAR_2040,SUV_BIODIESEL_B100_SD,,,10000.0,
YEAR_2040,SUV_DIESEL_SD,,,10000.0,
YEAR_2040,SUV_HY_GASOLINE_SD,,,10000.0,
YEAR_2040,CAR_PROPANE_SD,,,10000.0,
YEAR_2040,CAR_PHEV_SD,,,10000.0,
YEAR_2040,SUV_BIODIESEL_B20_SD,,,10000.0,
YEAR_2040,CAR_CNG_SD,,,10000.0,
YEAR_2040,SUV_PHEV_GASOLINE_SD,,,10000.0,
YEAR_2040,CAR_DIESEL_SD,,,10000.0,
YEAR_2040,CAR_HEV_SD,21.88986441345572,,10000.0,9779.515825355473
YEAR_2040,SUV_PROPANE_SD,,,10000.0,
YEAR_2040,CAR_BIODIESEL_B20_SD,,,10000.0,
YEAR_2040,CAR_FC_H2_SD,,,10000.0,
YEAR_2040,CAR_ETOH_E85_SD,,,10000.0,
YEAR_2040,SUV_ETOH_E10_SD,,,10000.0,
YEAR_2040,SUV_EV_SD,58.43693083808667,,10000.0,26107.283221223595
YEAR_2040,SUV_ETOH_E85_SD,,,10000.0,
YEAR_2040,SUV_FC_H2_SD,,,10000.0,
YEAR_2040,CAR_CSNG_SD,,,10000.0,
YEAR_2040,CAR_BIOETOH_E10_SD,,,10000.0,
YEAR_2040,CAR_BIOETOH_E85_SD,,,10000.0,
YEAR_2040,CAR_BIOMEOH_SD,,,10000.0,
YEAR_2040,SUV_CSNG_SD,,,10000.0,
YEAR_2040,SUV_BIOETOH_E10_SD,,,10000.0,
YEAR_2040,SUV_BIOETOH_E85_SD,,,10000.0,
YEAR_2040,COMMUTER_RAIL_DIESEL_MD,0.01513326888278054,,10000.0,45.338062911299886
YEAR_2040,COMMUTER_RAIL_ELEC_MD,0.002219454867262755,,10000.0,6.649309225929834
YEAR_2040,COACH_BIODIESEL_B100_MD,,,10000.0,
YEAR_2040,COACH_BIODIESEL_B20_MD,,,10000.0,
YEAR_2040,COACH_CNG_MD,0.04247438640709642,,10000.0,110.5064606030709
YEAR_2040,COACH_CSNG_MD,,,10000.0,
YEAR_2040,COACH_DIESEL_MD,,,10000.0,
YEAR_2040,COACH_ETOH_E10_MD,,,10000.0,
YEAR_2040,COACH_BIOETOH_E10_MD,,,10000.0,
YEAR_2040,COACH_EV_MD,,,10000.0,
YEAR_2040,COACH_GASOLINE_MD,0.0205940812872724,,10000.0,53.58003316672233
YEAR_2040,COACH_HY_DIESEL_MD,,,10000.0,
YEAR_2040,COACH_PROPANE_MD,,,10000.0,
YEAR_2040,SUV_PHEV_GASOLINE_MD,,,10000.0,
YEAR_2040,SUV_ETOH_E10_MD,,,10000.0,
YEAR_2040,SUV_ETOH_E85_MD,,,10000.0,
YEAR_2040,SUV_HY_GASOLINE_MD,,,10000.0,
YEAR_2040,CAR_BIODIESEL_B100_MD,,,10000.0,
YEAR_2040,CAR_DIESEL_MD,,,10000.0,
YEAR_2040,SUV_DIESEL_MD,,,10000.0,
YEAR_2040,SUV_EV_MD,57.26769724465227,,10000.0,25584.916421020847
YEAR_2040,CAR_MEOH_MD,,,10000.0,
YEAR_2040,CAR_HEV_MD,20.13880733438297,,10000.0,8997.213564708933
YEAR_2040,CAR_ETOH_E10_MD,,,10000.0,
YEAR_2040,SUV_CNG_MD,,,10000.0,
YEAR_2040,SUV_GASOLINE_MD,,,10000.0,
YEAR_2040,SUV_BIODIESEL_B20_MD,,,10000.0,
YEAR_2040,CAR_EV_MD,46.12174659579708,,10000.0,20605.3515091383
YEAR_2040,SUV_PROPANE_MD,,,10000.0,
YEAR_2040,CAR_ETOH_E85_MD,,,10000.0,
YEAR_2040,SUV_BIODIESEL_B100_MD,,,10000.0,
YEAR_2040,CAR_PHEV_MD,,,10000.0,
YEAR_2040,CAR_PROPANE_MD,,,10000.0,
YEAR_2040,SUV_FC_H2_MD,,,10000.0,
YEAR_2040,CAR_GASOLINE_MD,,,10000.0,
YEAR_2040,CAR_FC_H2_MD,,,10000.0,
YEAR_2040,CAR_BIODIESEL_B20_MD,,,10000.0,
YEAR_2040,CAR_CNG_MD,,,10000.0,
YEAR_2040,CAR_CSNG_MD,,,10000.0,
YEAR_2040,CAR_BIOETOH_E10_MD,,,10000.0,
YEAR_2040,CAR_BIOETOH_E85_MD,,,10000.0,
YEAR_2040,CAR_BIOMEOH_MD,,,10000.0,
YEAR_2040,SUV_CSNG_MD,,,10000.0,
YEAR_2040,SUV_BIOETOH_E10_MD,,,10000.0,
YEAR_2040,SUV_BIOETOH_E85_MD,,,10000.0,
YEAR_2040,TRAIN_DIESEL_LD,0.01983586251967268,,10000.0,
YEAR_2040,TRAIN_BIODIESEL_LD,,,10000.0,
YEAR_2040,TRAIN_ELEC_LD,0.02299081296721158,,10000.0,55.04734346304048
YEAR_2040,TRAIN_H2_LD,,,10000.0,
YEAR_2040,TRAIN_NG_LD,,,10000.0,
YEAR_2040,TRAIN_SNG_LD,,,10000.0,
YEAR_2040,COACH_BIODIESEL_B100_LD,,,10000.0,
YEAR_2040,COACH_BIODIESEL_B20_LD,,,10000.0,
YEAR_2040,COACH_CNG_LD,0.07528167542867983,,10000.0,195.8618405963019
YEAR_2040,COACH_CSNG_LD,,,10000.0,
YEAR_2040,COACH_DIESEL_LD,,,10000.0,
YEAR_2040,COACH_ETOH_E10_LD,,,10000.0,
YEAR_2040,COACH_BIOETOH_E10_LD,,,10000.0,
YEAR_2040,COACH_EV_LD,,,10000.0,
YEAR_2040,COACH_GASOLINE_LD,0.03897183943855768,,10000.0,101.3938141040843
YEAR_2040,COACH_HY_DIESEL_LD,,,10000.0,
YEAR_2040,COACH_PROPANE_LD,,,10000.0,
YEAR_2040,PLANE_SH_LD,16.12100588108294,,10000.0,49285.784019882
YEAR_2040,PLANE_SH_BIO_LD,1.769326727699404,,10000.0,5409.256444991742
YEAR_2040,SUV_GASOLINE_LD,,,10000.0,
YEAR_2040,CAR_CNG_LD,,,10000.0,
YEAR_2040,CAR_GASOLINE_LD,,,10000.0,
YEAR_2040,CAR_ETOH_E85_LD,,,10000.0,
YEAR_2040,CAR_FC_H2_LD,,,10000.0,
YEAR_2040,CAR_HEV_LD,,,10000.0,
YEAR_2040,SUV_DIESEL_LD,,,10000.0,
YEAR_2040,CAR_ETOH_E10_LD,,,10000.0,
YEAR_2040,SUV_PROPANE_LD,,,10000.0,
YEAR_2040,CAR_BIODIESEL_B100_LD,,,10000.0,
YEAR_2040,CAR_MEOH_LD,,,10000.0,
YEAR_2040,SUV_FC_H2_LD,,,10000.0,
YEAR_2040,CAR_BIODIESEL_B20_LD,,,10000.0,
YEAR_2040,CAR_DIESEL_LD,,,10000.0,
YEAR_2040,CAR_EV_LD,8.461901655599076,,10000.0,3780.4391836554432
YEAR_2040,CAR_PROPANE_LD,,,10000.0,
YEAR_2040,SUV_EV_LD,7.313455644175495,,10000.0,3267.359443591844
YEAR_2040,SUV_HY_GASOLINE_LD,,,10000.0,
YEAR_2040,SUV_ETOH_E10_LD,,,10000.0,
YEAR_2040,CAR_PHEV_LD,,,10000.0,
YEAR_2040,SUV_PHEV_GASOLINE_LD,,,10000.0,
YEAR_2040,SUV_BIODIESEL_B100_LD,,,10000.0,
YEAR_2040,SUV_ETOH_E85_LD,,,10000.0,
YEAR_2040,SUV_BIODIESEL_B20_LD,,,10000.0,
YEAR_2040,SUV_CNG_LD,,,10000.0,
YEAR_2040,CAR_CSNG_LD,,,10000.0,
YEAR_2040,CAR_BIOETOH_E10_LD,,,10000.0,
YEAR_2040,CAR_BIOETOH_E85_LD,,,10000.0,
YEAR_2040,CAR_BIOMEOH_LD,,,10000.0,
YEAR_2040,SUV_CSNG_LD,,,10000.0,
YEAR_2040,SUV_BIOETOH_E10_LD,,,10000.0,
YEAR_2040,SUV_BIOETOH_E85_LD,,,10000.0,
YEAR_2040,TRAIN_DIESEL_ELD,,,10000.0,
YEAR_2040,TRAIN_BIODIESEL_ELD,,,10000.0,
YEAR_2040,TRAIN_ELEC_ELD,,,10000.0,
YEAR_2040,TRAIN_H2_ELD,,,10000.0,
YEAR_2040,TRAIN_NG_ELD,,,10000.0,
YEAR_2040,TRAIN_SNG_ELD,,,10000.0,
YEAR_2040,COACH_BIODIESEL_B100_ELD,,,10000.0,
YEAR_2040,COACH_BIODIESEL_B20_ELD,,,10000.0,
YEAR_2040,COACH_CNG_ELD,,,10000.0,
YEAR_2040,COACH_CSNG_ELD,,,10000.0,
YEAR_2040,COACH_DIESEL_ELD,,,10000.0,
YEAR_2040,COACH_ETOH_E10_ELD,,,10000.0,
YEAR_2040,COACH_BIOETOH_E10_ELD,,,10000.0,
YEAR_2040,COACH_EV_ELD,,,10000.0,
YEAR_2040,COACH_GASOLINE_ELD,,,10000.0,
YEAR_2040,COACH_HY_DIESEL_ELD,,,10000.0,
YEAR_2040,COACH_PROPANE_ELD,,,10000.0,
YEAR_2040,PLANE_LH_ELD,,,10000.0,
YEAR_2040,PLANE_LH_BIO_ELD,,,10000.0,
YEAR_2040,CAR_CNG_ELD,,,10000.0,
YEAR_2040,SUV_BIODIESEL_B100_ELD,,,10000.0,
YEAR_2040,CAR_HEV_ELD,,,10000.0,
YEAR_2040,SUV_BIODIESEL_B20_ELD,,,10000.0,
YEAR_2040,CAR_GASOLINE_ELD,,,10000.0,
YEAR_2040,CAR_ETOH_E85_ELD,,,10000.0,
YEAR_2040,SUV_PROPANE_ELD,,,10000.0,
YEAR_2040,CAR_PROPANE_ELD,,,10000.0,
YEAR_2040,CAR_BIODIESEL_B100_ELD,,,10000.0,
YEAR_2040,CAR_ETOH_E10_ELD,,,10000.0,
YEAR_2040,SUV_PHEV_GASOLINE_ELD,,,10000.0,
YEAR_2040,CAR_FC_H2_ELD,,,10000.0,
YEAR_2040,CAR_MEOH_ELD,,,10000.0,
YEAR_2040,SUV_EV_ELD,,,10000.0,
YEAR_2040,CAR_DIESEL_ELD,,,10000.0,
YEAR_2040,CAR_BIODIESEL_B20_ELD,,,10000.0,
YEAR_2040,SUV_ETOH_E10_ELD,,,10000.0,
YEAR_2040,CAR_PHEV_ELD,,,10000.0,
YEAR_2040,CAR_EV_ELD,,,10000.0,
YEAR_2040,SUV_HY_GASOLINE_ELD,,,10000.0,
YEAR_2040,SUV_GASOLINE_ELD,,,10000.0,
YEAR_2040,SUV_FC_H2_ELD,,,10000.0,
YEAR_2040,SUV_CNG_ELD,,,10000.0,
YEAR_2040,SUV_DIESEL_ELD,,,10000.0,
YEAR_2040,SUV_ETOH_E85_ELD,,,10000.0,
YEAR_2040,CAR_CSNG_ELD,,,10000.0,
YEAR_2040,CAR_BIOETOH_E10_ELD,,,10000.0,
YEAR_2040,CAR_BIOETOH_E85_ELD,,,10000.0,
YEAR_2040,CAR_BIOMEOH_ELD,,,10000.0,
YEAR_2040,SUV_CSNG_ELD,,,10000.0,
YEAR_2040,SUV_BIOETOH_E10_ELD,,,10000.0,
YEAR_2040,SUV_BIOETOH_E85_ELD,,,10000.0,
YEAR_2040,LCV_BIODIESEL_B100_SD,,,10000.0,
YEAR_2040,LCV_BIODIESEL_B20_SD,,,10000.0,
YEAR_2040,LCV_CNG_SD,,,10000.0,
YEAR_2040,LCV_CSNG_SD,,,10000.0,
YEAR_2040,LCV_DIESEL_SD,,,10000.0,
YEAR_2040,LCV_GASOLINE_SD,,,10000.0,
YEAR_2040,LCV_ETOH_E10_SD,,,10000.0,
YEAR_2040,LCV_ETOH_E85_SD,,,10000.0,
YEAR_2040,LCV_EV_SD,,,10000.0,
YEAR_2040,LCV_FC_H2_SD,14.73135331457563,,10000.0,12001.338918318472
YEAR_2040,LCV_PHEV_DIESEL_SD,,,10000.0,
YEAR_2040,LCV_PROPANE_SD,,,10000.0,
YEAR_2040,TRUCK_SH_BIODIESEL_B100_SD,,,10000.0,
YEAR_2040,TRUCK_SH_BIODIESEL_B20_SD,,,10000.0,
YEAR_2040,TRUCK_SH_CNG_SD,,,10000.0,
YEAR_2040,TRUCK_SH_CSNG_SD,,,10000.0,
YEAR_2040,TRUCK_SH_DIESEL_SD,,,10000.0,
YEAR_2040,TRUCK_SH_GASOLINE_SD,,,10000.0,
YEAR_2040,TRUCK_SH_EV_SD,,,10000.0,
YEAR_2040,TRUCK_SH_HY_DIESEL_SD,,,10000.0,
YEAR_2040,TRUCK_SH_PROPANE_SD,,,10000.0,
YEAR_2040,LCV_BIODIESEL_B100_MD,,,10000.0,
YEAR_2040,LCV_BIODIESEL_B20_MD,,,10000.0,
YEAR_2040,LCV_CNG_MD,,,10000.0,
YEAR_2040,LCV_CSNG_MD,,,10000.0,
YEAR_2040,LCV_DIESEL_MD,,,10000.0,
YEAR_2040,LCV_GASOLINE_MD,,,10000.0,
YEAR_2040,LCV_ETOH_E10_MD,,,10000.0,
YEAR_2040,LCV_ETOH_E85_MD,,,10000.0,
YEAR_2040,LCV_EV_MD,,,10000.0,
YEAR_2040,LCV_FC_H2_MD,,,10000.0,
YEAR_2040,LCV_PHEV_DIESEL_MD,,,10000.0,
YEAR_2040,LCV_PROPANE_MD,,,10000.0,
YEAR_2040,SEMI_SH_BIODIESEL_B100_MD,,,10000.0,
YEAR_2040,SEMI_SH_BIODIESEL_B20_MD,,,10000.0,
YEAR_2040,SEMI_SH_CNG_MD,,,10000.0,
YEAR_2040,SEMI_SH_CSNG_MD,,,10000.0,
YEAR_2040,SEMI_SH_DIESEL_MD,,,10000.0,
YEAR_2040,SEMI_SH_EV_MD,,,10000.0,
YEAR_2040,SEMI_SH_FC_H2_MD,,,10000.0,
YEAR_2040,SEMI_SH_HY_DIESEL_MD,34.07149558246746,,10000.0,27757.366021124588
YEAR_2040,SEMI_SH_PROPANE_MD,,,10000.0,
YEAR_2040,TRUCK_SH_BIODIESEL_B100_MD,,,10000.0,
YEAR_2040,TRUCK_SH_BIODIESEL_B20_MD,,,10000.0,
YEAR_2040,TRUCK_SH_CNG_MD,,,10000.0,
YEAR_2040,TRUCK_SH_CSNG_MD,,,10000.0,
YEAR_2040,TRUCK_SH_DIESEL_MD,,,10000.0,
YEAR_2040,TRUCK_SH_GASOLINE_MD,,,10000.0,
YEAR_2040,TRUCK_SH_EV_MD,,,10000.0,
YEAR_2040,TRUCK_SH_HY_DIESEL_MD,,,10000.0,
YEAR_2040,TRUCK_SH_PROPANE_MD,,,10000.0,
YEAR_2040,TRAIN_FREIGHT_DIESEL_LD,1.713142326564132,,10000.0,5132.437359000011
YEAR_2040,TRAIN_FREIGHT_BIODIESEL_LD,,,10000.0,
YEAR_2040,TRAIN_FREIGHT_ELEC_LD,0.9368548171379413,,10000.0,2806.7420837599016
YEAR_2040,TRAIN_FREIGHT_H2_LD,,,10000.0,
YEAR_2040,TRAIN_FREIGHT_NG_LD,,,10000.0,
YEAR_2040,TRAIN_FREIGHT_SNG_LD,,,10000.0,
YEAR_2040,SEMI_LH_BIODIESEL_B100_LD,,,10000.0,
YEAR_2040,SEMI_LH_BIODIESEL_B20_LD,,,10000.0,
YEAR_2040,SEMI_LH_CNG_LD,5.076118448193593,,10000.0,4135.412177374355
YEAR_2040,SEMI_LH_CSNG_LD,,,10000.0,
YEAR_2040,SEMI_LH_DIESEL_LD,,,10000.0,
YEAR_2040,SEMI_LH_EV_LD,,,10000.0,
YEAR_2040,SEMI_LH_FC_H2_LD,,,10000.0,
YEAR_2040,SEMI_LH_HY_DIESEL_LD,11.35426336404662,,10000.0,9250.091277421503
YEAR_2040,SEMI_LH_PROPANE_LD,,,10000.0,
YEAR_2040,TRUCK_LH_BIODIESEL_B100_LD,,,10000.0,
YEAR_2040,TRUCK_LH_BIODIESEL_B20_LD,,,10000.0,
YEAR_2040,TRUCK_LH_CNG_LD,,,10000.0,
YEAR_2040,TRUCK_LH_CSNG_LD,,,10000.0,
YEAR_2040,TRUCK_LH_DIESEL_LD,,,10000.0,
YEAR_2040,TRUCK_LH_GASOLINE_LD,,,10000.0,
YEAR_2040,TRUCK_LH_EV_LD,,,10000.0,
YEAR_2040,TRUCK_LH_HY_DIESEL_LD,,,10000.0,
YEAR_2040,TRUCK_LH_PROPANE_LD,,,10000.0,
YEAR_2040,TRAIN_FREIGHT_DIESEL_ELD,5.138538787083765,,10000.0,15394.651122999996
YEAR_2040,TRAIN_FREIGHT_BIODIESEL_ELD,,,10000.0,
YEAR_2040,TRAIN_FREIGHT_ELEC_ELD,2.809998488293453,,10000.0,8418.53067104812
YEAR_2040,TRAIN_FREIGHT_H2_ELD,,,10000.0,
YEAR_2040,TRAIN_FREIGHT_NG_ELD,,,10000.0,
YEAR_2040,TRAIN_FREIGHT_SNG_ELD,,,10000.0,
YEAR_2040,SEMI_LH_BIODIESEL_B100_ELD,,,10000.0,
YEAR_2040,SEMI_LH_BIODIESEL_B20_ELD,,,10000.0,
YEAR_2040,SEMI_LH_CNG_ELD,7.304471310051762,,10000.0,5950.80668687297
YEAR_2040,SEMI_LH_CSNG_ELD,,,10000.0,
YEAR_2040,SEMI_LH_DIESEL_ELD,,,10000.0,
YEAR_2040,SEMI_LH_EV_ELD,,,10000.0,
YEAR_2040,SEMI_LH_FC_H2_ELD,,,10000.0,
YEAR_2040,SEMI_LH_HY_DIESEL_ELD,17.16201298626774,,10000.0,13981.548739652599
YEAR_2040,SEMI_LH_PROPANE_ELD,,,10000.0,
YEAR_2040,PLANE_FREIGHT_ELD,0.1132712101464706,,10000.0,595.3534805298495
YEAR_2040,PLANE_FREIGHT_BIO_ELD,0.01594199653474072,,10000.0,83.79113378659726
YEAR_2040,BULK_CARRIER_ELD,1.69875527973599,,10000.0,8184.602937767996
YEAR_2040,CONTAINER_ELD,0.6634654079169391,,10000.0,
YEAR_2040,OIL_TANKER_ELD,1.786068067993723,,10000.0,7510.059012300011
YEAR_2040,BULK_CARRIER_BIO_ELD,,,10000.0,
YEAR_2040,CONTAINER_BIO_ELD,,,10000.0,
YEAR_2040,OIL_TANKER_BIO_ELD,,,10000.0,
YEAR_2040,BULK_CARRIER_MEOH_ELD,5.799034018704519,,10000.0,27939.74590211837
YEAR_2040,CONTAINER_MEOH_ELD,1.757000750386436,,10000.0,10773.92860136963
YEAR_2040,OIL_TANKER_MEOH_ELD,2.13273262527014,,10000.0,8967.714142735884
YEAR_2040,BULK_CARRIER_BIOMEOH_ELD,,,10000.0,
YEAR_2040,CONTAINER_BIOMEOH_ELD,,,10000.0,
YEAR_2040,OIL_TANKER_BIOMEOH_ELD,,,10000.0,
YEAR_2040,ETHANE_OXIDATION,,,10000.0,
YEAR_2040,METHANOL_CARBONYLATION,,,10000.0,
YEAR_2040,BIOMETHANOL_CARBONYLATION,,,10000.0,
YEAR_2040,CUMENE_PROCESS,,,10000.0,
YEAR_2040,CO2_METHANOL,,,10000.0,
YEAR_2040,METHANE_TO_METHANOL,,,10000.0,
YEAR_2040,METHANOL_FT,0.5156722715150199,,10000.0,3839.695733700839
YEAR_2040,BIOMETHANE_TO_BIOMETHANOL,,,10000.0,
YEAR_2040,BIOMETHANOL_FT,,,10000.0,
YEAR_2040,WOOD_METHANOL,,,10000.0,
YEAR_2040,ETHYLENE_POLYMERIZATION,,,10000.0,
YEAR_2040,STYRENE_POLYMERIZATION,,,10000.0,
YEAR_2040,DHN_TH_STORAGE,,,10000.0,
YEAR_2040,DEC_TH_STORAGE,,,10000.0,
YEAR_2040,DHN,0.539492458849945,,10000.0,
YEAR_2040,BATTERY,,,10000.0,
YEAR_2040,EHV_GRID,35.52171058676679,,10000.0,254181.56120799997
YEAR_2040,HV_GRID,30.68054054995747,,10000.0,202325.87171646033
YEAR_2040,MV_GRID,23.89525283716175,,10000.0,137501.99073767842
YEAR_2040,LV_GRID,21.79448334469969,,10000.0,97401.57195919842
YEAR_2040,EHP_H2_GRID,0.6765996468051888,,10000.0,894.1766425087465
YEAR_2040,HP_H2_GRID,5.353670955350069,,10000.0,35343.892212460385
YEAR_2040,MP_H2_GRID,4.795067076366845,,10000.0,28366.12324415572
YEAR_2040,LP_H2_GRID,,,10000.0,
YEAR_2040,EHP_NG_GRID,29.27657758287895,,10000.0,166260.84758740244
YEAR_2040,HP_NG_GRID,29.27657758287895,,10000.0,166260.84758740244
YEAR_2040,MP_NG_GRID,25.35338501416742,,10000.0,127488.59395093759
YEAR_2040,LP_NG_GRID,18.81813566361581,,10000.0,71479.37280029345
YEAR_2040,ALKALINE_ELECTROLYSIS,,,10000.0,
YEAR_2040,AN_DIG,,,10000.0,
YEAR_2040,ATR,,,10000.0,
YEAR_2040,BIOGAS_BIOMETHANE,,,10000.0,
YEAR_2040,BIOMASS_GAS_EF_H2,,,10000.0,
YEAR_2040,BIOMASS_GAS_FB_H2,,,10000.0,
YEAR_2040,CO2_TO_DIESEL,1.9326804618105,,10000.0,16930.28084545998
YEAR_2040,CO2_STO,921.5107388312005,,10000.0,1376.3454007090534
YEAR_2040,CO2_TO_JETFUELS,0.223259976961577,,10000.0,1955.7573981834164
YEAR_2040,COAL_GAS_H2,,,10000.0,
YEAR_2040,COAL_GAS_H2_ADV,,,10000.0,
YEAR_2040,CROPS_TO_ETHANOL,,,10000.0,
YEAR_2040,CROPS_TO_JETFUELS,,,10000.0,
YEAR_2040,DIE_STO,,,10000.0,
YEAR_2040,ELEC_STO,,,10000.0,
YEAR_2040,ETHANE_CRACKING,,,10000.0,
YEAR_2040,ETHANE_TO_ETHYLENE,,,10000.0,
YEAR_2040,ETHANOL_TO_JETFUELS,,,10000.0,
YEAR_2040,FT,,,10000.0,
YEAR_2040,GASIFICATION_H2,,,10000.0,
YEAR_2040,GASIFICATION_SNG,,,10000.0,
YEAR_2040,GASO_STO,,,10000.0,
YEAR_2040,BIOETHANOL_TO_BIOJETFUELS,,,10000.0,
YEAR_2040,H2_COMP_HE,0.0692230661747883,,10000.0,447.0883212543733
YEAR_2040,H2_COMP_LM,,,10000.0,
YEAR_2040,H2_COMP_MH,,,10000.0,
YEAR_2040,H2_EXP_EH,0.5159235667434379,,10000.0,447.0883212543732
YEAR_2040,H2_EXP_EH_COGEN,,,10000.0,
YEAR_2040,H2_EXP_HM,3.238141922848827,,10000.0,28366.12324415572
YEAR_2040,H2_EXP_HM_COGEN,,,10000.0,
YEAR_2040,H2_EXP_ML,,,10000.0,
YEAR_2040,H2_EXP_ML_COGEN,,,10000.0,
YEAR_2040,H2_STO,503.3901372230604,,10000.0,447.0883212543733
YEAR_2040,HYDRO_GAS,,,10000.0,
YEAR_2040,LT_DEC_WH,0.1,,0.1,2.636818994749269
YEAR_2040,LT_DHN_WH,0.1,,0.1,
YEAR_2040,METATHESIS_PROPYLENE,,,10000.0,
YEAR_2040,METHANATION,,,10000.0,
YEAR_2040,METHANOL_TO_AROMATICS,,,10000.0,
YEAR_2040,METHANOL_TO_OLEFINS,,,10000.0,
YEAR_2040,BIOMETHANOL_TO_AROMATICS,,,10000.0,
YEAR_2040,BIOMETHANOL_TO_OLEFINS,,,10000.0,
YEAR_2040,NG_COMP_HE,,,10000.0,
YEAR_2040,NG_COMP_LM,,,10000.0,
YEAR_2040,NG_COMP_MH,,,10000.0,
YEAR_2040,NG_EXP_EH,29.27220110067162,,10000.0,166260.84758740244
YEAR_2040,NG_EXP_EH_COGEN,,,10000.0,
YEAR_2040,NG_EXP_HM,25.35338501416742,,10000.0,127488.59395093759
YEAR_2040,NG_EXP_HM_COGEN,,,10000.0,
YEAR_2040,NG_EXP_ML,18.81813566361581,,10000.0,71479.37280029345
YEAR_2040,SNG_COMP_HE,,,10000.0,
YEAR_2040,SNG_COMP_LM,,,10000.0,
YEAR_2040,SNG_COMP_MH,,,10000.0,
YEAR_2040,SNG_EXP_EH,,,10000.0,
YEAR_2040,SNG_EXP_EH_COGEN,,,10000.0,
YEAR_2040,SNG_EXP_HM,,,10000.0,
YEAR_2040,SNG_EXP_HM_COGEN,,,10000.0,
YEAR_2040,SNG_EXP_ML,,,10000.0,
YEAR_2040,NG_EXP_ML_COGEN,,,10000.0,
YEAR_2040,NG_PYROLYSIS_PLASMA,,,10000.0,
YEAR_2040,NG_PYROLYSIS_THERMAL,,,10000.0,
YEAR_2040,NG_REFORMING,,,10000.0,
YEAR_2040,NG_STO,,,10000.0,
YEAR_2040,PEM_ELECTROLYSIS,,,10000.0,
YEAR_2040,PYROLYSIS,,,10000.0,
YEAR_2040,SNG_EXP_ML_COGEN,,,10000.0,
YEAR_2040,SNG_PYROLYSIS_PLASMA,,,10000.0,
YEAR_2040,SNG_PYROLYSIS_THERMAL,,,10000.0,
YEAR_2040,SNG_REFORMING,,,10000.0,
YEAR_2040,SNG_STO,,,10000.0,
YEAR_2040,SMART_PROCESS,,,10000.0,
YEAR_2040,SMR,4.686651073221329,,10000.0,34896.803891206015
YEAR_2040,SOEC_ELECTROLYSIS,,,10000.0,
YEAR_2040,STO_CO2,921.5107388312005,,10000.0,1376.3454007090531
YEAR_2040,STO_DIE,,,10000.0,
YEAR_2040,STO_ELEC,,,10000.0,
YEAR_2040,STO_GASO,,,10000.0,
YEAR_2040,STO_H2,503.3901372230604,,10000.0,447.0883212543732
YEAR_2040,STO_NG,,,10000.0,
YEAR_2040,STO_SNG,,,10000.0,
YEAR_2040,DAC_HT,,,10000.0,
YEAR_2040,DAC_LT,,,10000.0,
YEAR_2040,CARBON_CAPTURE,,,10000.0,
YEAR_2040,CARBON_CAPTURE_AMINES,,,10000.0,
YEAR_2040,CARBON_CAPTURE_MEMBRANES,1.186536517825806,,10000.0,8187.211714906311
YEAR_2040,CARBON_CAPTURE_MOF,,,10000.0,
YEAR_2040,CARBON_MINERALIZATION,,,10000.0,
YEAR_2040,CARBON_TRANSPORT_INJECTION,0.2139108501881973,,10000.0,606.9594727423575
YEAR_2040,CAR_BIODIESEL_B100,,,10000.0,
YEAR_2040,CAR_BIODIESEL_B20,,,10000.0,
YEAR_2040,CAR_CNG,,,10000.0,
YEAR_2040,CAR_CSNG,,,10000.0,
YEAR_2040,CAR_DIESEL,,,10000.0,
YEAR_2040,CAR_ETOH_E10,,,10000.0,
YEAR_2040,CAR_ETOH_E85,,,10000.0,
YEAR_2040,CAR_BIOETOH_E10,,,10000.0,
YEAR_2040,CAR_BIOETOH_E85,,,10000.0,
YEAR_2040,CAR_EV,100.3071783624221,,10000.0,44813.23500519568
YEAR_2040,CAR_FC_H2,,,10000.0,
YEAR_2040,CAR_GASOLINE,,,10000.0,
YEAR_2040,CAR_HEV,42.02867174783869,,10000.0,18776.72939006441
YEAR_2040,CAR_MEOH,,,10000.0,
YEAR_2040,CAR_BIOMEOH,,,10000.0,
YEAR_2040,CAR_PHEV,,,10000.0,
YEAR_2040,CAR_PROPANE,,,10000.0,
YEAR_2040,SUV_BIODIESEL_B100,,,10000.0,
YEAR_2040,SUV_BIODIESEL_B20,,,10000.0,
YEAR_2040,SUV_CNG,,,10000.0,
YEAR_2040,SUV_CSNG,,,10000.0,
YEAR_2040,SUV_DIESEL,,,10000.0,
YEAR_2040,SUV_ETOH_E10,,,10000.0,
YEAR_2040,SUV_ETOH_E85,,,10000.0,
YEAR_2040,SUV_BIOETOH_E10,,,10000.0,
YEAR_2040,SUV_BIOETOH_E85,,,10000.0,
YEAR_2040,SUV_EV,123.0180837269144,,10000.0,54959.559085836285
YEAR_2040,SUV_FC_H2,,,10000.0,
YEAR_2040,SUV_GASOLINE,,,10000.0,
YEAR_2040,SUV_HY_GASOLINE,,,10000.0,
YEAR_2040,SUV_PHEV_GASOLINE,,,10000.0,
YEAR_2040,SUV_PROPANE,,,10000.0,
YEAR_2040,BUS_BIODIESEL_B100,,,10000.0,
YEAR_2040,BUS_BIODIESEL_B20,,,10000.0,
YEAR_2040,BUS_CNG,0.5807672256165894,,10000.0,1510.9937062311928
YEAR_2040,BUS_CSNG,,,10000.0,
YEAR_2040,BUS_DIESEL,,,10000.0,
YEAR_2040,BUS_GASOLINE,,,10000.0,
YEAR_2040,BUS_EV,,,10000.0,
YEAR_2040,BUS_FC_H2,,,10000.0,
YEAR_2040,BUS_HY_DIESEL,,,10000.0,
YEAR_2040,BUS_PROPANE,,,10000.0,
YEAR_2040,SCHOOLBUS_BIODIESEL_B100,,,10000.0,
YEAR_2040,SCHOOLBUS_BIODIESEL_B20,,,10000.0,
YEAR_2040,SCHOOLBUS_CNG,,,10000.0,
YEAR_2040,SCHOOLBUS_CSNG,,,10000.0,
YEAR_2040,SCHOOLBUS_DIESEL,,,10000.0,
YEAR_2040,SCHOOLBUS_ETOH_E10,,,10000.0,
YEAR_2040,SCHOOLBUS_BIOETOH_E10,,,10000.0,
YEAR_2040,SCHOOLBUS_EV,,,10000.0,
YEAR_2040,SCHOOLBUS_GASOLINE,1.468027140487667,,10000.0,3819.395571949575
YEAR_2040,SCHOOLBUS_HY_DIESEL,,,10000.0,
YEAR_2040,SCHOOLBUS_PROPANE,,,10000.0,
YEAR_2040,COACH_BIODIESEL_B100,,,10000.0,
YEAR_2040,COACH_BIODIESEL_B20,,,10000.0,
YEAR_2040,COACH_CNG,0.1177560618357762,,10000.0,306.3683011993728
YEAR_2040,COACH_CSNG,,,10000.0,
YEAR_2040,COACH_DIESEL,,,10000.0,
YEAR_2040,COACH_ETOH_E10,,,10000.0,
YEAR_2040,COACH_BIOETOH_E10,,,10000.0,
YEAR_2040,COACH_EV,,,10000.0,
YEAR_2040,COACH_GASOLINE,0.05956592072583008,,10000.0,154.97384727080663
YEAR_2040,COACH_HY_DIESEL,,,10000.0,
YEAR_2040,COACH_PROPANE,,,10000.0,
YEAR_2040,COMMUTER_RAIL_DIESEL,0.01513326888278057,,10000.0,45.338062911299886
YEAR_2040,COMMUTER_RAIL_ELEC,0.6559530555813142,,10000.0,1965.1828782771709
YEAR_2040,TRAIN_DIESEL,0.01983586251967268,,10000.0,
YEAR_2040,TRAIN_BIODIESEL,,,10000.0,
YEAR_2040,TRAIN_ELEC,0.02299081296721158,,10000.0,55.04734346304048
YEAR_2040,TRAIN_H2,,,10000.0,
YEAR_2040,TRAIN_NG,,,10000.0,
YEAR_2040,TRAIN_SNG,,,10000.0,
YEAR_2040,PLANE_SH,16.12100588108294,,10000.0,49285.784019882
YEAR_2040,PLANE_LH,,,10000.0,
YEAR_2040,PLANE_SH_BIO,1.769326727699404,,10000.0,5409.256444991742
YEAR_2040,PLANE_LH_BIO,,,10000.0,
YEAR_2040,LCV_BIODIESEL_B100,,,10000.0,
YEAR_2040,LCV_BIODIESEL_B20,,,10000.0,
YEAR_2040,LCV_CNG,,,10000.0,
YEAR_2040,LCV_CSNG,,,10000.0,
YEAR_2040,LCV_DIESEL,,,10000.0,
YEAR_2040,LCV_GASOLINE,,,10000.0,
YEAR_2040,LCV_ETOH_E10,,,10000.0,
YEAR_2040,LCV_ETOH_E85,,,10000.0,
YEAR_2040,LCV_EV,,,10000.0,
YEAR_2040,LCV_FC_H2,14.73135331457563,,10000.0,12001.338918318472
YEAR_2040,LCV_PHEV_DIESEL,,,10000.0,
YEAR_2040,LCV_PROPANE,,,10000.0,
YEAR_2040,TRUCK_SH_BIODIESEL_B100,,,10000.0,
YEAR_2040,TRUCK_SH_BIODIESEL_B20,,,10000.0,
YEAR_2040,TRUCK_SH_CNG,,,10000.0,
YEAR_2040,TRUCK_SH_CSNG,,,10000.0,
YEAR_2040,TRUCK_SH_DIESEL,,,10000.0,
YEAR_2040,TRUCK_SH_GASOLINE,,,10000.0,
YEAR_2040,TRUCK_SH_EV,,,10000.0,
YEAR_2040,TRUCK_SH_HY_DIESEL,,,10000.0,
YEAR_2040,TRUCK_SH_PROPANE,,,10000.0,
YEAR_2040,SEMI_SH_BIODIESEL_B100,,,10000.0,
YEAR_2040,SEMI_SH_BIODIESEL_B20,,,10000.0,
YEAR_2040,SEMI_SH_CNG,,,10000.0,
YEAR_2040,SEMI_SH_CSNG,,,10000.0,
YEAR_2040,SEMI_SH_DIESEL,,,10000.0,
YEAR_2040,SEMI_SH_EV,,,10000.0,
YEAR_2040,SEMI_SH_FC_H2,,,10000.0,
YEAR_2040,SEMI_SH_HY_DIESEL,34.07149558246746,,10000.0,27757.366021124588
YEAR_2040,SEMI_SH_PROPANE,,,10000.0,
YEAR_2040,SEMI_LH_BIODIESEL_B100,,,10000.0,
YEAR_2040,SEMI_LH_BIODIESEL_B20,,,10000.0,
YEAR_2040,SEMI_LH_CNG,12.38058975824535,,10000.0,10086.218864247327
YEAR_2040,SEMI_LH_CSNG,,,10000.0,
YEAR_2040,SEMI_LH_DIESEL,,,10000.0,
YEAR_2040,SEMI_LH_EV,,,10000.0,
YEAR_2040,SEMI_LH_FC_H2,,,10000.0,
YEAR_2040,SEMI_LH_HY_DIESEL,28.51627635031435,,10000.0,23231.6400170741
YEAR_2040,SEMI_LH_PROPANE,,,10000.0,
YEAR_2040,TRAIN_FREIGHT_DIESEL,6.851681113647897,,10000.0,20527.088482
YEAR_2040,TRAIN_FREIGHT_BIODIESEL,,,10000.0,
YEAR_2040,TRAIN_FREIGHT_ELEC,3.746853305431394,,10000.0,11225.272754808022
YEAR_2040,TRAIN_FREIGHT_H2,,,10000.0,
YEAR_2040,TRAIN_FREIGHT_NG,,,10000.0,
YEAR_2040,TRAIN_FREIGHT_SNG,,,10000.0,
YEAR_2040,TRUCK_LH_BIODIESEL_B100,,,10000.0,
YEAR_2040,TRUCK_LH_BIODIESEL_B20,,,10000.0,
YEAR_2040,TRUCK_LH_CNG,,,10000.0,
YEAR_2040,TRUCK_LH_CSNG,,,10000.0,
YEAR_2040,TRUCK_LH_DIESEL,,,10000.0,
YEAR_2040,TRUCK_LH_GASOLINE,,,10000.0,
YEAR_2040,TRUCK_LH_EV,,,10000.0,
YEAR_2040,TRUCK_LH_HY_DIESEL,,,10000.0,
YEAR_2040,TRUCK_LH_PROPANE,,,10000.0,
YEAR_2040,PLANE_FREIGHT,0.1132712101464706,,10000.0,595.3534805298495
YEAR_2040,PLANE_FREIGHT_BIO,0.01594199653474072,,10000.0,83.79113378659726
YEAR_2040,BULK_CARRIER,1.69875527973599,,10000.0,8184.602937767996
YEAR_2040,CONTAINER,0.6634654079169391,,10000.0,
YEAR_2040,OIL_TANKER,1.786068067993723,,10000.0,7510.059012300011
YEAR_2040,BULK_CARRIER_BIO,,,10000.0,
YEAR_2040,CONTAINER_BIO,,,10000.0,
YEAR_2040,OIL_TANKER_BIO,,,10000.0,
YEAR_2040,BULK_CARRIER_MEOH,5.799034018704519,,10000.0,27939.74590211837
YEAR_2040,CONTAINER_MEOH,1.757000750386436,,10000.0,10773.92860136963
YEAR_2040,OIL_TANKER_MEOH,2.13273262527014,,10000.0,8967.714142735884
YEAR_2040,BULK_CARRIER_BIOMEOH,,,10000.0,
YEAR_2040,CONTAINER_BIOMEOH,,,10000.0,
YEAR_2040,OIL_TANKER_BIOMEOH,,,10000.0,
YEAR_2045,PV_ROOF,0.3,,10000.0,345.63599999999997
YEAR_2045,PV_GROUND,,,10000.0,
YEAR_2045,TRAFO_ML,21.79353934469968,,10000.0,95159.73772581425
YEAR_2045,AN_DIG_SI,,,10000.0,
YEAR_2045,HYDRO_GAS_CHP,,,10000.0,
YEAR_2045,TIDAL,,,10000.0,
YEAR_2045,TRAFO_HM,22.32240483716175,,10000.0,108747.80590503637
YEAR_2045,TRAFO_LM,,,10000.0,
YEAR_2045,WIND_OFFSHORE,,,2179.0,
YEAR_2045,WIND_ONSHORE,10.0,,3984.322,29025.84
YEAR_2045,NEW_WIND_ONSHORE,,,3984.322,
YEAR_2045,CCGT,,,10000.0,
YEAR_2045,COAL_IGCC,,,10000.0,
YEAR_2045,COAL_US,,,10000.0,
YEAR_2045,H2_CCGT,,,10000.0,
YEAR_2045,H2_NG_CCGT,,,10000.0,
YEAR_2045,OCGT_LARGE,,,10000.0,
YEAR_2045,OCGT_SMALL,,,10000.0,
YEAR_2045,TRAFO_EH,29.5076640645893,,10000.0,201896.22965507273
YEAR_2045,TRAFO_MH,,,10000.0,
YEAR_2045,CCGT_BIOGAS,,,10000.0,
YEAR_2045,H2_SNG_CCGT,,,10000.0,
YEAR_2045,OCGT_BIOGAS_SMALL,,,10000.0,
YEAR_2045,OCGT_BIOGAS_LARGE,,,10000.0,
YEAR_2045,NUCLEAR,,,12.0,
YEAR_2045,TRAFO_HE,,,10000.0,
YEAR_2045,HYDRO_RIVER,15.13,15.13,15.13,73573.19568
YEAR_2045,NEW_HYDRO_DAM,4.0,,15.11,18800.832
YEAR_2045,NEW_HYDRO_RIVER,,,25.33,
YEAR_2045,HYDRO_DAM,26.357,26.357,26.357,127918.533528
YEAR_2045,IND_BOILER_COAL,,,10000.0,
YEAR_2045,IND_BOILER_GAS,6.312145463026652,,10000.0,52529.674543307796
YEAR_2045,IND_BOILER_OIL,,,10000.0,
YEAR_2045,IND_BOILER_WASTE,0.4039439718836954,,10000.0,3184.694274331056
YEAR_2045,IND_BOILER_WOOD,5.334673687762304,,10000.0,42027.24877762179
YEAR_2045,IND_BOILER_BIOGAS,,,10000.0,
YEAR_2045,IND_BOILER_BIOOIL,,,10000.0,
YEAR_2045,IND_COGEN_GAS,,,10000.0,
YEAR_2045,IND_COGEN_WASTE,,,10000.0,
YEAR_2045,IND_COGEN_WOOD,,,10000.0,
YEAR_2045,IND_DIRECT_ELEC,1.569793684124596,,10000.0,7742.136060569819
YEAR_2045,IND_COGEN_BIOGAS,,,10000.0,
YEAR_2045,DHN_BOILER_GAS,1.481674858928417,,10000.0,2463.865523629313
YEAR_2045,DHN_BOILER_OIL,,,10000.0,
YEAR_2045,DHN_BOILER_WOOD,0.1175305031251381,,10000.0,174.8853886502055
YEAR_2045,DHN_BOILER_BIOGAS,,,10000.0,
YEAR_2045,DHN_BOILER_BIOOIL,,,10000.0,
YEAR_2045,DHN_COGEN_GAS,,,10000.0,
YEAR_2045,DHN_COGEN_WASTE,,,10000.0,
YEAR_2045,DHN_COGEN_WOOD,,,10000.0,
YEAR_2045,DHN_COGEN_BIOGAS,,,10000.0,
YEAR_2045,DHN_DEEP_GEO,,,10000.0,
YEAR_2045,DHN_HP_ELEC,3.310300275409541,,10000.0,15998.863090282557
YEAR_2045,AFC,0.004359250489308322,,10000.0,6.486564728090783
YEAR_2045,DEC_ADVCOGEN_H2,,,10000.0,
YEAR_2045,DEC_BOILER_GAS,16.90107047333997,,10000.0,64166.8422039118
YEAR_2045,DEC_BOILER_OIL,,,10000.0,
YEAR_2045,DEC_BOILER_WOOD,0.001415448223294008,,10000.0,11.859932145181219
YEAR_2045,DEC_BOILER_BIOGAS,,,10000.0,
YEAR_2045,DEC_BOILER_BIOOIL,,,10000.0,
YEAR_2045,DEC_COGEN_GAS,,,10000.0,
YEAR_2045,DEC_COGEN_OIL,,,10000.0,
YEAR_2045,DEC_COGEN_WOOD,,,10000.0,
YEAR_2045,DEC_COGEN_BIOGAS,,,10000.0,
YEAR_2045,DEC_COGEN_BIOOIL,,,10000.0,
YEAR_2045,DEC_DIRECT_ELEC,7.596589081155782,,10000.0,28844.8881239978
YEAR_2045,DEC_HP_ELEC,0.001668965529419573,,10000.0,12.822342221357276
YEAR_2045,DEC_RENOVATION,,,10000.0,
YEAR_2045,DEC_SOLAR,0.0213585723043419,,10000.0,24.60763832327839
YEAR_2045,PAFC,,,10000.0,
YEAR_2045,PEMFC,,,10000.0,
YEAR_2045,SOFC,,,10000.0,
YEAR_2045,COMMUTER_RAIL_DIESEL_SD,,,10000.0,
YEAR_2045,COMMUTER_RAIL_ELEC_SD,0.6494563249003715,,10000.0,1945.7191928955203
YEAR_2045,TRAMWAY_SD,,,10000.0,
YEAR_2045,BUS_BIODIESEL_B100_SD,,,10000.0,
YEAR_2045,BUS_BIODIESEL_B20_SD,,,10000.0,
YEAR_2045,BUS_CNG_SD,0.5769673572836219,,10000.0,1501.1075127919446
YEAR_2045,BUS_CSNG_SD,,,10000.0,
YEAR_2045,BUS_DIESEL_SD,,,10000.0,
YEAR_2045,BUS_GASOLINE_SD,,,10000.0,
YEAR_2045,BUS_EV_SD,,,10000.0,
YEAR_2045,BUS_FC_H2_SD,,,10000.0,
YEAR_2045,BUS_HY_DIESEL_SD,,,10000.0,
YEAR_2045,BUS_PROPANE_SD,,,10000.0,
YEAR_2045,SCHOOLBUS_BIODIESEL_B100_SD,,,10000.0,
YEAR_2045,SCHOOLBUS_BIODIESEL_B20_SD,,,10000.0,
YEAR_2045,SCHOOLBUS_CNG_SD,,,10000.0,
YEAR_2045,SCHOOLBUS_CSNG_SD,,,10000.0,
YEAR_2045,SCHOOLBUS_DIESEL_SD,,,10000.0,
YEAR_2045,SCHOOLBUS_ETOH_E10_SD,,,10000.0,
YEAR_2045,SCHOOLBUS_BIOETOH_E10_SD,,,10000.0,
YEAR_2045,SCHOOLBUS_EV_SD,,,10000.0,
YEAR_2045,SCHOOLBUS_GASOLINE_SD,1.458422070509661,,10000.0,3794.405869286395
YEAR_2045,SCHOOLBUS_HY_DIESEL_SD,,,10000.0,
YEAR_2045,SCHOOLBUS_PROPANE_SD,,,10000.0,
YEAR_2045,CAR_GASOLINE_SD,,,10000.0,
YEAR_2045,CAR_EV_SD,43.73550132408669,,10000.0,19539.27257154897
YEAR_2045,SUV_GASOLINE_SD,,,10000.0,
YEAR_2045,CAR_MEOH_SD,,,10000.0,
YEAR_2045,CAR_ETOH_E10_SD,,,10000.0,
YEAR_2045,SUV_CNG_SD,,,10000.0,
YEAR_2045,CAR_BIODIESEL_B100_SD,,,10000.0,
YEAR_2045,SUV_BIODIESEL_B100_SD,,,10000.0,
YEAR_2045,SUV_DIESEL_SD,,,10000.0,
YEAR_2045,SUV_HY_GASOLINE_SD,,,10000.0,
YEAR_2045,CAR_PROPANE_SD,,,10000.0,
YEAR_2045,CAR_PHEV_SD,,,10000.0,
YEAR_2045,SUV_BIODIESEL_B20_SD,,,10000.0,
YEAR_2045,CAR_CNG_SD,,,10000.0,
YEAR_2045,SUV_PHEV_GASOLINE_SD,,,10000.0,
YEAR_2045,CAR_DIESEL_SD,,,10000.0,
YEAR_2045,CAR_HEV_SD,23.4355094269998,,10000.0,10470.048191606433
YEAR_2045,SUV_PROPANE_SD,,,10000.0,
YEAR_2045,CAR_BIODIESEL_B20_SD,,,10000.0,
YEAR_2045,CAR_FC_H2_SD,,,10000.0,
YEAR_2045,CAR_ETOH_E85_SD,,,10000.0,
YEAR_2045,SUV_ETOH_E10_SD,,,10000.0,
YEAR_2045,SUV_EV_SD,58.05458721887161,,10000.0,25936.467385903088
YEAR_2045,SUV_ETOH_E85_SD,,,10000.0,
YEAR_2045,SUV_FC_H2_SD,,,10000.0,
YEAR_2045,CAR_CSNG_SD,,,10000.0,
YEAR_2045,CAR_BIOETOH_E10_SD,,,10000.0,
YEAR_2045,CAR_BIOETOH_E85_SD,,,10000.0,
YEAR_2045,CAR_BIOMEOH_SD,,,10000.0,
YEAR_2045,SUV_CSNG_SD,,,10000.0,
YEAR_2045,SUV_BIOETOH_E10_SD,,,10000.0,
YEAR_2045,SUV_BIOETOH_E85_SD,,,10000.0,
YEAR_2045,COMMUTER_RAIL_DIESEL_MD,0.01433267144877029,,10000.0,42.939537046799884
YEAR_2045,COMMUTER_RAIL_ELEC_MD,0.00290651616741595,,10000.0,8.70768991628479
YEAR_2045,COACH_BIODIESEL_B100_MD,,,10000.0,
YEAR_2045,COACH_BIODIESEL_B20_MD,,,10000.0,
YEAR_2045,COACH_CNG_MD,0.01749317831276869,,10000.0,45.512351879896535
YEAR_2045,COACH_CSNG_MD,,,10000.0,
YEAR_2045,COACH_DIESEL_MD,,,10000.0,
YEAR_2045,COACH_ETOH_E10_MD,,,10000.0,
YEAR_2045,COACH_BIOETOH_E10_MD,,,10000.0,
YEAR_2045,COACH_EV_MD,,,10000.0,
YEAR_2045,COACH_GASOLINE_MD,0.04516264234742546,,10000.0,117.50054984814373
YEAR_2045,COACH_HY_DIESEL_MD,,,10000.0,
YEAR_2045,COACH_PROPANE_MD,,,10000.0,
YEAR_2045,SUV_PHEV_GASOLINE_MD,,,10000.0,
YEAR_2045,SUV_ETOH_E10_MD,,,10000.0,
YEAR_2045,SUV_ETOH_E85_MD,,,10000.0,
YEAR_2045,SUV_HY_GASOLINE_MD,,,10000.0,
YEAR_2045,CAR_BIODIESEL_B100_MD,,,10000.0,
YEAR_2045,CAR_DIESEL_MD,,,10000.0,
YEAR_2045,SUV_DIESEL_MD,,,10000.0,
YEAR_2045,SUV_EV_MD,56.8930037363759,,10000.0,25417.5183492633
YEAR_2045,CAR_MEOH_MD,,,10000.0,
YEAR_2045,CAR_HEV_MD,20.13880733438296,,10000.0,8997.21356470893
YEAR_2045,CAR_ETOH_E10_MD,,,10000.0,
YEAR_2045,SUV_CNG_MD,,,10000.0,
YEAR_2045,SUV_GASOLINE_MD,,,10000.0,
YEAR_2045,SUV_BIODIESEL_B20_MD,,,10000.0,
YEAR_2045,CAR_EV_MD,45.68821424497862,,10000.0,20411.66659608665
YEAR_2045,SUV_PROPANE_MD,,,10000.0,
YEAR_2045,CAR_ETOH_E85_MD,,,10000.0,
YEAR_2045,SUV_BIODIESEL_B100_MD,,,10000.0,
YEAR_2045,CAR_PHEV_MD,,,10000.0,
YEAR_2045,CAR_PROPANE_MD,,,10000.0,
YEAR_2045,SUV_FC_H2_MD,,,10000.0,
YEAR_2045,CAR_GASOLINE_MD,,,10000.0,
YEAR_2045,CAR_FC_H2_MD,,,10000.0,
YEAR_2045,CAR_BIODIESEL_B20_MD,,,10000.0,
YEAR_2045,CAR_CNG_MD,,,10000.0,
YEAR_2045,CAR_CSNG_MD,,,10000.0,
YEAR_2045,CAR_BIOETOH_E10_MD,,,10000.0,
YEAR_2045,CAR_BIOETOH_E85_MD,,,10000.0,
YEAR_2045,CAR_BIOMEOH_MD,,,10000.0,
YEAR_2045,SUV_CSNG_MD,,,10000.0,
YEAR_2045,SUV_BIOETOH_E10_MD,,,10000.0,
YEAR_2045,SUV_BIOETOH_E85_MD,,,10000.0,
YEAR_2045,TRAIN_DIESEL_LD,0.01875087949489067,,10000.0,
YEAR_2045,TRAIN_BIODIESEL_LD,,,10000.0,
YEAR_2045,TRAIN_ELEC_LD,0.02299081296721158,,10000.0,54.687177379279085
YEAR_2045,TRAIN_H2_LD,,,10000.0,
YEAR_2045,TRAIN_NG_LD,,,10000.0,
YEAR_2045,TRAIN_SNG_LD,,,10000.0,
YEAR_2045,COACH_BIODIESEL_B100_LD,,,10000.0,
YEAR_2045,COACH_BIODIESEL_B20_LD,,,10000.0,
YEAR_2045,COACH_CNG_LD,0.03068965408399171,,10000.0,79.8458868234029
YEAR_2045,COACH_CSNG_LD,,,10000.0,
YEAR_2045,COACH_DIESEL_LD,,,10000.0,
YEAR_2045,COACH_ETOH_E10_LD,,,10000.0,
YEAR_2045,COACH_BIOETOH_E10_LD,,,10000.0,
YEAR_2045,COACH_EV_LD,,,10000.0,
YEAR_2045,COACH_GASOLINE_LD,0.0828163180605925,,10000.0,215.46487102460472
YEAR_2045,COACH_HY_DIESEL_LD,,,10000.0,
YEAR_2045,COACH_PROPANE_LD,,,10000.0,
YEAR_2045,PLANE_SH_LD,16.00395225727861,,10000.0,48927.92299904244
YEAR_2045,PLANE_SH_BIO_LD,1.769326727699406,,10000.0,5409.256444991733
YEAR_2045,SUV_GASOLINE_LD,,,10000.0,
YEAR_2045,CAR_CNG_LD,,,10000.0,
YEAR_2045,CAR_GASOLINE_LD,,,10000.0,
YEAR_2045,CAR_ETOH_E85_LD,,,10000.0,
YEAR_2045,CAR_FC_H2_LD,,,10000.0,
YEAR_2045,CAR_HEV_LD,,,10000.0,
YEAR_2045,SUV_DIESEL_LD,,,10000.0,
YEAR_2045,CAR_ETOH_E10_LD,,,10000.0,
YEAR_2045,SUV_PROPANE_LD,,,10000.0,
YEAR_2045,CAR_BIODIESEL_B100_LD,,,10000.0,
YEAR_2045,CAR_MEOH_LD,,,10000.0,
YEAR_2045,SUV_FC_H2_LD,,,10000.0,
YEAR_2045,CAR_BIODIESEL_B20_LD,,,10000.0,
YEAR_2045,CAR_DIESEL_LD,,,10000.0,
YEAR_2045,CAR_EV_LD,8.406536768052073,,10000.0,3755.7043664949433
YEAR_2045,CAR_PROPANE_LD,,,10000.0,
YEAR_2045,SUV_EV_LD,7.2656048576975,,10000.0,3245.9816262249365
YEAR_2045,SUV_HY_GASOLINE_LD,,,10000.0,
YEAR_2045,SUV_ETOH_E10_LD,,,10000.0,
YEAR_2045,CAR_PHEV_LD,,,10000.0,
YEAR_2045,SUV_PHEV_GASOLINE_LD,,,10000.0,
YEAR_2045,SUV_BIODIESEL_B100_LD,,,10000.0,
YEAR_2045,SUV_ETOH_E85_LD,,,10000.0,
YEAR_2045,SUV_BIODIESEL_B20_LD,,,10000.0,
YEAR_2045,SUV_CNG_LD,,,10000.0,
YEAR_2045,CAR_CSNG_LD,,,10000.0,
YEAR_2045,CAR_BIOETOH_E10_LD,,,10000.0,
YEAR_2045,CAR_BIOETOH_E85_LD,,,10000.0,
YEAR_2045,CAR_BIOMEOH_LD,,,10000.0,
YEAR_2045,SUV_CSNG_LD,,,10000.0,
YEAR_2045,SUV_BIOETOH_E10_LD,,,10000.0,
YEAR_2045,SUV_BIOETOH_E85_LD,,,10000.0,
YEAR_2045,TRAIN_DIESEL_ELD,,,10000.0,
YEAR_2045,TRAIN_BIODIESEL_ELD,,,10000.0,
YEAR_2045,TRAIN_ELEC_ELD,,,10000.0,
YEAR_2045,TRAIN_H2_ELD,,,10000.0,
YEAR_2045,TRAIN_NG_ELD,,,10000.0,
YEAR_2045,TRAIN_SNG_ELD,,,10000.0,
YEAR_2045,COACH_BIODIESEL_B100_ELD,,,10000.0,
YEAR_2045,COACH_BIODIESEL_B20_ELD,,,10000.0,
YEAR_2045,COACH_CNG_ELD,,,10000.0,
YEAR_2045,COACH_CSNG_ELD,,,10000.0,
YEAR_2045,COACH_DIESEL_ELD,,,10000.0,
YEAR_2045,COACH_ETOH_E10_ELD,,,10000.0,
YEAR_2045,COACH_BIOETOH_E10_ELD,,,10000.0,
YEAR_2045,COACH_EV_ELD,,,10000.0,
YEAR_2045,COACH_GASOLINE_ELD,,,10000.0,
YEAR_2045,COACH_HY_DIESEL_ELD,,,10000.0,
YEAR_2045,COACH_PROPANE_ELD,,,10000.0,
YEAR_2045,PLANE_LH_ELD,,,10000.0,
YEAR_2045,PLANE_LH_BIO_ELD,,,10000.0,
YEAR_2045,CAR_CNG_ELD,,,10000.0,
YEAR_2045,SUV_BIODIESEL_B100_ELD,,,10000.0,
YEAR_2045,CAR_HEV_ELD,,,10000.0,
YEAR_2045,SUV_BIODIESEL_B20_ELD,,,10000.0,
YEAR_2045,CAR_GASOLINE_ELD,,,10000.0,
YEAR_2045,CAR_ETOH_E85_ELD,,,10000.0,
YEAR_2045,SUV_PROPANE_ELD,,,10000.0,
YEAR_2045,CAR_PROPANE_ELD,,,10000.0,
YEAR_2045,CAR_BIODIESEL_B100_ELD,,,10000.0,
YEAR_2045,CAR_ETOH_E10_ELD,,,10000.0,
YEAR_2045,SUV_PHEV_GASOLINE_ELD,,,10000.0,
YEAR_2045,CAR_FC_H2_ELD,,,10000.0,
YEAR_2045,CAR_MEOH_ELD,,,10000.0,
YEAR_2045,SUV_EV_ELD,,,10000.0,
YEAR_2045,CAR_DIESEL_ELD,,,10000.0,
YEAR_2045,CAR_BIODIESEL_B20_ELD,,,10000.0,
YEAR_2045,SUV_ETOH_E10_ELD,,,10000.0,
YEAR_2045,CAR_PHEV_ELD,,,10000.0,
YEAR_2045,CAR_EV_ELD,,,10000.0,
YEAR_2045,SUV_HY_GASOLINE_ELD,,,10000.0,
YEAR_2045,SUV_GASOLINE_ELD,,,10000.0,
YEAR_2045,SUV_FC_H2_ELD,,,10000.0,
YEAR_2045,SUV_CNG_ELD,,,10000.0,
YEAR_2045,SUV_DIESEL_ELD,,,10000.0,
YEAR_2045,SUV_ETOH_E85_ELD,,,10000.0,
YEAR_2045,CAR_CSNG_ELD,,,10000.0,
YEAR_2045,CAR_BIOETOH_E10_ELD,,,10000.0,
YEAR_2045,CAR_BIOETOH_E85_ELD,,,10000.0,
YEAR_2045,CAR_BIOMEOH_ELD,,,10000.0,
YEAR_2045,SUV_CSNG_ELD,,,10000.0,
YEAR_2045,SUV_BIOETOH_E10_ELD,,,10000.0,
YEAR_2045,SUV_BIOETOH_E85_ELD,,,10000.0,
YEAR_2045,LCV_BIODIESEL_B100_SD,,,10000.0,
YEAR_2045,LCV_BIODIESEL_B20_SD,,,10000.0,
YEAR_2045,LCV_CNG_SD,,,10000.0,
YEAR_2045,LCV_CSNG_SD,,,10000.0,
YEAR_2045,LCV_DIESEL_SD,,,10000.0,
YEAR_2045,LCV_GASOLINE_SD,,,10000.0,
YEAR_2045,LCV_ETOH_E10_SD,,,10000.0,
YEAR_2045,LCV_ETOH_E85_SD,,,10000.0,
YEAR_2045,LCV_EV_SD,,,10000.0,
YEAR_2045,LCV_FC_H2_SD,14.97406232912171,,10000.0,12199.069098288874
YEAR_2045,LCV_PHEV_DIESEL_SD,,,10000.0,
YEAR_2045,LCV_PROPANE_SD,,,10000.0,
YEAR_2045,TRUCK_SH_BIODIESEL_B100_SD,,,10000.0,
YEAR_2045,TRUCK_SH_BIODIESEL_B20_SD,,,10000.0,
YEAR_2045,TRUCK_SH_CNG_SD,,,10000.0,
YEAR_2045,TRUCK_SH_CSNG_SD,,,10000.0,
YEAR_2045,TRUCK_SH_DIESEL_SD,,,10000.0,
YEAR_2045,TRUCK_SH_GASOLINE_SD,,,10000.0,
YEAR_2045,TRUCK_SH_EV_SD,,,10000.0,
YEAR_2045,TRUCK_SH_HY_DIESEL_SD,,,10000.0,
YEAR_2045,TRUCK_SH_PROPANE_SD,,,10000.0,
YEAR_2045,LCV_BIODIESEL_B100_MD,,,10000.0,
YEAR_2045,LCV_BIODIESEL_B20_MD,,,10000.0,
YEAR_2045,LCV_CNG_MD,,,10000.0,
YEAR_2045,LCV_CSNG_MD,,,10000.0,
YEAR_2045,LCV_DIESEL_MD,,,10000.0,
YEAR_2045,LCV_GASOLINE_MD,,,10000.0,
YEAR_2045,LCV_ETOH_E10_MD,,,10000.0,
YEAR_2045,LCV_ETOH_E85_MD,,,10000.0,
YEAR_2045,LCV_EV_MD,,,10000.0,
YEAR_2045,LCV_FC_H2_MD,,,10000.0,
YEAR_2045,LCV_PHEV_DIESEL_MD,,,10000.0,
YEAR_2045,LCV_PROPANE_MD,,,10000.0,
YEAR_2045,SEMI_SH_BIODIESEL_B100_MD,,,10000.0,
YEAR_2045,SEMI_SH_BIODIESEL_B20_MD,,,10000.0,
YEAR_2045,SEMI_SH_CNG_MD,,,10000.0,
YEAR_2045,SEMI_SH_CSNG_MD,,,10000.0,
YEAR_2045,SEMI_SH_DIESEL_MD,,,10000.0,
YEAR_2045,SEMI_SH_EV_MD,,,10000.0,
YEAR_2045,SEMI_SH_FC_H2_MD,,,10000.0,
YEAR_2045,SEMI_SH_HY_DIESEL_MD,34.8400956190623,,10000.0,28383.52909893768
YEAR_2045,SEMI_SH_PROPANE_MD,,,10000.0,
YEAR_2045,TRUCK_SH_BIODIESEL_B100_MD,,,10000.0,
YEAR_2045,TRUCK_SH_BIODIESEL_B20_MD,,,10000.0,
YEAR_2045,TRUCK_SH_CNG_MD,,,10000.0,
YEAR_2045,TRUCK_SH_CSNG_MD,,,10000.0,
YEAR_2045,TRUCK_SH_DIESEL_MD,,,10000.0,
YEAR_2045,TRUCK_SH_GASOLINE_MD,,,10000.0,
YEAR_2045,TRUCK_SH_EV_MD,,,10000.0,
YEAR_2045,TRUCK_SH_HY_DIESEL_MD,,,10000.0,
YEAR_2045,TRUCK_SH_PROPANE_MD,,,10000.0,
YEAR_2045,TRAIN_FREIGHT_DIESEL_LD,1.381258214171279,,10000.0,4138.139109000017
YEAR_2045,TRAIN_FREIGHT_BIODIESEL_LD,,,10000.0,
YEAR_2045,TRAIN_FREIGHT_ELEC_LD,1.328518750369523,,10000.0,3980.1358946070613
YEAR_2045,TRAIN_FREIGHT_H2_LD,,,10000.0,
YEAR_2045,TRAIN_FREIGHT_NG_LD,,,10000.0,
YEAR_2045,TRAIN_FREIGHT_SNG_LD,,,10000.0,
YEAR_2045,SEMI_LH_BIODIESEL_B100_LD,,,10000.0,
YEAR_2045,SEMI_LH_BIODIESEL_B20_LD,,,10000.0,
YEAR_2045,SEMI_LH_CNG_LD,5.44676234997328,,10000.0,4437.368351276232
YEAR_2045,SEMI_LH_CSNG_LD,,,10000.0,
YEAR_2045,SEMI_LH_DIESEL_LD,,,10000.0,
YEAR_2045,SEMI_LH_EV_LD,,,10000.0,
YEAR_2045,SEMI_LH_FC_H2_LD,,,10000.0,
YEAR_2045,SEMI_LH_HY_DIESEL_LD,11.35426336404662,,10000.0,9250.091277421501
YEAR_2045,SEMI_LH_PROPANE_LD,,,10000.0,
YEAR_2045,TRUCK_LH_BIODIESEL_B100_LD,,,10000.0,
YEAR_2045,TRUCK_LH_BIODIESEL_B20_LD,,,10000.0,
YEAR_2045,TRUCK_LH_CNG_LD,,,10000.0,
YEAR_2045,TRUCK_LH_CSNG_LD,,,10000.0,
YEAR_2045,TRUCK_LH_DIESEL_LD,,,10000.0,
YEAR_2045,TRUCK_LH_GASOLINE_LD,,,10000.0,
YEAR_2045,TRUCK_LH_EV_LD,,,10000.0,
YEAR_2045,TRUCK_LH_HY_DIESEL_LD,,,10000.0,
YEAR_2045,TRUCK_LH_PROPANE_LD,,,10000.0,
YEAR_2045,TRAIN_FREIGHT_DIESEL_ELD,4.14308585910171,,10000.0,12412.353786999998
YEAR_2045,TRAIN_FREIGHT_BIODIESEL_ELD,,,10000.0,
YEAR_2045,TRAIN_FREIGHT_ELEC_ELD,3.984758075296197,,10000.0,11938.016412941382
YEAR_2045,TRAIN_FREIGHT_H2_ELD,,,10000.0,
YEAR_2045,TRAIN_FREIGHT_NG_ELD,,,10000.0,
YEAR_2045,TRAIN_FREIGHT_SNG_ELD,,,10000.0,
YEAR_2045,SEMI_LH_BIODIESEL_B100_ELD,,,10000.0,
YEAR_2045,SEMI_LH_BIODIESEL_B20_ELD,,,10000.0,
YEAR_2045,SEMI_LH_CNG_ELD,7.856397205995555,,10000.0,6400.449675780457
YEAR_2045,SEMI_LH_CSNG_ELD,,,10000.0,
YEAR_2045,SEMI_LH_DIESEL_ELD,,,10000.0,
YEAR_2045,SEMI_LH_EV_ELD,,,10000.0,
YEAR_2045,SEMI_LH_FC_H2_ELD,,,10000.0,
YEAR_2045,SEMI_LH_HY_DIESEL_ELD,17.16201298626773,,10000.0,13981.548739652591
YEAR_2045,SEMI_LH_PROPANE_ELD,,,10000.0,
YEAR_2045,PLANE_FREIGHT_ELD,0.1161860594563102,,10000.0,610.6739285023663
YEAR_2045,PLANE_FREIGHT_BIO_ELD,0.01594199653473954,,10000.0,83.7911337865911
YEAR_2045,BULK_CARRIER_ELD,,,10000.0,
YEAR_2045,CONTAINER_ELD,0.3317327039584695,,10000.0,
YEAR_2045,OIL_TANKER_ELD,1.046174046909883,,10000.0,4398.952632446677
YEAR_2045,BULK_CARRIER_BIO_ELD,,,10000.0,
YEAR_2045,CONTAINER_BIO_ELD,,,10000.0,
YEAR_2045,OIL_TANKER_BIO_ELD,,,10000.0,
YEAR_2045,BULK_CARRIER_MEOH_ELD,7.666927782990257,,10000.0,36939.258058447056
YEAR_2045,CONTAINER_MEOH_ELD,1.796635959171901,,10000.0,11016.971701642098
YEAR_2045,OIL_TANKER_MEOH_ELD,2.961028705164702,,10000.0,12450.533499476538
YEAR_2045,BULK_CARRIER_BIOMEOH_ELD,,,10000.0,
YEAR_2045,CONTAINER_BIOMEOH_ELD,,,10000.0,
YEAR_2045,OIL_TANKER_BIOMEOH_ELD,,,10000.0,
YEAR_2045,ETHANE_OXIDATION,,,10000.0,
YEAR_2045,METHANOL_CARBONYLATION,,,10000.0,
YEAR_2045,BIOMETHANOL_CARBONYLATION,,,10000.0,
YEAR_2045,CUMENE_PROCESS,,,10000.0,
YEAR_2045,CO2_METHANOL,,,10000.0,
YEAR_2045,METHANE_TO_METHANOL,,,10000.0,
YEAR_2045,METHANOL_FT,0.639476377340858,,10000.0,4761.541105680029
YEAR_2045,BIOMETHANE_TO_BIOMETHANOL,,,10000.0,
YEAR_2045,BIOMETHANOL_FT,,,10000.0,
YEAR_2045,WOOD_METHANOL,,,10000.0,
YEAR_2045,ETHYLENE_POLYMERIZATION,,,10000.0,
YEAR_2045,STYRENE_POLYMERIZATION,,,10000.0,
YEAR_2045,DHN_TH_STORAGE,,,10000.0,
YEAR_2045,DEC_TH_STORAGE,,,10000.0,
YEAR_2045,DHN,4.909505637463097,,10000.0,
YEAR_2045,BATTERY,,,10000.0,
YEAR_2045,EHV_GRID,35.52171058676679,,10000.0,254181.5612080011
YEAR_2045,HV_GRID,30.68054054995747,,10000.0,201896.22965507273
YEAR_2045,MV_GRID,23.89525283716175,,10000.0,137773.6459050364
YEAR_2045,LV_GRID,21.79448334469969,,10000.0,95524.28206199664
YEAR_2045,EHP_H2_GRID,0.6765996468051888,,10000.0,1006.7802744461209
YEAR_2045,HP_H2_GRID,5.353670955350069,,10000.0,35169.483425543345
YEAR_2045,MP_H2_GRID,4.795067076366845,,10000.0,28355.60521522515
YEAR_2045,LP_H2_GRID,,,10000.0,
YEAR_2045,EHP_NG_GRID,29.27657758287895,,10000.0,170658.55196577936
YEAR_2045,HP_NG_GRID,29.27657758287895,,10000.0,170658.55196577936
YEAR_2045,MP_NG_GRID,25.35338501416742,,10000.0,132007.64526573085
YEAR_2045,LP_NG_GRID,18.81813566361581,,10000.0,70889.22693197896
YEAR_2045,ALKALINE_ELECTROLYSIS,,,10000.0,
YEAR_2045,AN_DIG,,,10000.0,
YEAR_2045,ATR,,,10000.0,
YEAR_2045,BIOGAS_BIOMETHANE,,,10000.0,
YEAR_2045,BIOMASS_GAS_EF_H2,,,10000.0,
YEAR_2045,BIOMASS_GAS_FB_H2,,,10000.0,
YEAR_2045,CO2_TO_DIESEL,1.931899780253879,,10000.0,16923.44207502398
YEAR_2045,CO2_STO,921.5107388312005,,10000.0,1119.8746374597915
YEAR_2045,CO2_TO_JETFUELS,0.2232599769615772,,10000.0,1955.7573981834166
YEAR_2045,COAL_GAS_H2,,,10000.0,
YEAR_2045,COAL_GAS_H2_ADV,,,10000.0,
YEAR_2045,CROPS_TO_ETHANOL,,,10000.0,
YEAR_2045,CROPS_TO_JETFUELS,,,10000.0,
YEAR_2045,DIE_STO,,,10000.0,
YEAR_2045,ELEC_STO,,,10000.0,
YEAR_2045,ETHANE_CRACKING,,,10000.0,
YEAR_2045,ETHANE_TO_ETHYLENE,,,10000.0,
YEAR_2045,ETHANOL_TO_JETFUELS,,,10000.0,
YEAR_2045,FT,,,10000.0,
YEAR_2045,GASIFICATION_H2,,,10000.0,
YEAR_2045,GASIFICATION_SNG,,,10000.0,
YEAR_2045,GASO_STO,,,10000.0,
YEAR_2045,BIOETHANOL_TO_BIOJETFUELS,,,10000.0,
YEAR_2045,H2_COMP_HE,0.08437244101652783,,10000.0,503.39013722306044
YEAR_2045,H2_COMP_LM,,,10000.0,
YEAR_2045,H2_COMP_MH,,,10000.0,
YEAR_2045,H2_EXP_EH,0.5159235667434379,,10000.0,503.39013722306044
YEAR_2045,H2_EXP_EH_COGEN,,,10000.0,
YEAR_2045,H2_EXP_HM,3.238141922848827,,10000.0,28355.60521522515
YEAR_2045,H2_EXP_HM_COGEN,,,10000.0,
YEAR_2045,H2_EXP_ML,,,10000.0,
YEAR_2045,H2_EXP_ML_COGEN,,,10000.0,
YEAR_2045,H2_STO,503.3901372230604,,10000.0,503.39013722306044
YEAR_2045,HYDRO_GAS,,,10000.0,
YEAR_2045,LT_DEC_WH,0.1,,0.1,5.333267872672306
YEAR_2045,LT_DHN_WH,0.1,,0.1,
YEAR_2045,METATHESIS_PROPYLENE,,,10000.0,
YEAR_2045,METHANATION,,,10000.0,
YEAR_2045,METHANOL_TO_AROMATICS,,,10000.0,
YEAR_2045,METHANOL_TO_OLEFINS,,,10000.0,
YEAR_2045,BIOMETHANOL_TO_AROMATICS,,,10000.0,
YEAR_2045,BIOMETHANOL_TO_OLEFINS,,,10000.0,
YEAR_2045,NG_COMP_HE,,,10000.0,
YEAR_2045,NG_COMP_LM,,,10000.0,
YEAR_2045,NG_COMP_MH,,,10000.0,
YEAR_2045,NG_EXP_EH,29.27657758287895,,10000.0,170658.55196577936
YEAR_2045,NG_EXP_EH_COGEN,,,10000.0,
YEAR_2045,NG_EXP_HM,25.35338501416742,,10000.0,132007.64526573085
YEAR_2045,NG_EXP_HM_COGEN,,,10000.0,
YEAR_2045,NG_EXP_ML,18.67169676778837,,10000.0,70889.22693197896
YEAR_2045,SNG_COMP_HE,,,10000.0,
YEAR_2045,SNG_COMP_LM,,,10000.0,
YEAR_2045,SNG_COMP_MH,,,10000.0,
YEAR_2045,SNG_EXP_EH,,,10000.0,
YEAR_2045,SNG_EXP_EH_COGEN,,,10000.0,
YEAR_2045,SNG_EXP_HM,,,10000.0,
YEAR_2045,SNG_EXP_HM_COGEN,,,10000.0,
YEAR_2045,SNG_EXP_ML,,,10000.0,
YEAR_2045,NG_EXP_ML_COGEN,,,10000.0,
YEAR_2045,NG_PYROLYSIS_PLASMA,,,10000.0,
YEAR_2045,NG_PYROLYSIS_THERMAL,,,10000.0,
YEAR_2045,NG_REFORMING,,,10000.0,
YEAR_2045,NG_STO,,,10000.0,
YEAR_2045,PEM_ELECTROLYSIS,,,10000.0,
YEAR_2045,PYROLYSIS,,,10000.0,
YEAR_2045,SNG_EXP_ML_COGEN,,,10000.0,
YEAR_2045,SNG_PYROLYSIS_PLASMA,,,10000.0,
YEAR_2045,SNG_PYROLYSIS_THERMAL,,,10000.0,
YEAR_2045,SNG_REFORMING,,,10000.0,
YEAR_2045,SNG_STO,,,10000.0,
YEAR_2045,SMART_PROCESS,,,10000.0,
YEAR_2045,SMR,4.686651073221329,,10000.0,34666.093288320284
YEAR_2045,SOEC_ELECTROLYSIS,,,10000.0,
YEAR_2045,STO_CO2,921.5107388312005,,10000.0,1119.8746374597918
YEAR_2045,STO_DIE,,,10000.0,
YEAR_2045,STO_ELEC,,,10000.0,
YEAR_2045,STO_GASO,,,10000.0,
YEAR_2045,STO_H2,503.3901372230604,,10000.0,503.39013722306044
YEAR_2045,STO_NG,,,10000.0,
YEAR_2045,STO_SNG,,,10000.0,
YEAR_2045,DAC_HT,,,10000.0,
YEAR_2045,DAC_LT,,,10000.0,
YEAR_2045,CARBON_CAPTURE,,,10000.0,
YEAR_2045,CARBON_CAPTURE_AMINES,,,10000.0,
YEAR_2045,CARBON_CAPTURE_MEMBRANES,1.186536517825806,,10000.0,8834.950911730952
YEAR_2045,CARBON_CAPTURE_MOF,,,10000.0,
YEAR_2045,CARBON_MINERALIZATION,,,10000.0,
YEAR_2045,CARBON_TRANSPORT_INJECTION,0.2139108501881973,,10000.0,1026.706122699599
YEAR_2045,CAR_BIODIESEL_B100,,,10000.0,
YEAR_2045,CAR_BIODIESEL_B20,,,10000.0,
YEAR_2045,CAR_CNG,,,10000.0,
YEAR_2045,CAR_CSNG,,,10000.0,
YEAR_2045,CAR_DIESEL,,,10000.0,
YEAR_2045,CAR_ETOH_E10,,,10000.0,
YEAR_2045,CAR_ETOH_E85,,,10000.0,
YEAR_2045,CAR_BIOETOH_E10,,,10000.0,
YEAR_2045,CAR_BIOETOH_E85,,,10000.0,
YEAR_2045,CAR_EV,97.83025233711739,,10000.0,43706.64353413056
YEAR_2045,CAR_FC_H2,,,10000.0,
YEAR_2045,CAR_GASOLINE,,,10000.0,
YEAR_2045,CAR_HEV,43.57431676138278,,10000.0,19467.261756315365
YEAR_2045,CAR_MEOH,,,10000.0,
YEAR_2045,CAR_BIOMEOH,,,10000.0,
YEAR_2045,CAR_PHEV,,,10000.0,
YEAR_2045,CAR_PROPANE,,,10000.0,
YEAR_2045,SUV_BIODIESEL_B100,,,10000.0,
YEAR_2045,SUV_BIODIESEL_B20,,,10000.0,
YEAR_2045,SUV_CNG,,,10000.0,
YEAR_2045,SUV_CSNG,,,10000.0,
YEAR_2045,SUV_DIESEL,,,10000.0,
YEAR_2045,SUV_ETOH_E10,,,10000.0,
YEAR_2045,SUV_ETOH_E85,,,10000.0,
YEAR_2045,SUV_BIOETOH_E10,,,10000.0,
YEAR_2045,SUV_BIOETOH_E85,,,10000.0,
YEAR_2045,SUV_EV,122.2131958129451,,10000.0,54599.96736139132
YEAR_2045,SUV_FC_H2,,,10000.0,
YEAR_2045,SUV_GASOLINE,,,10000.0,
YEAR_2045,SUV_HY_GASOLINE,,,10000.0,
YEAR_2045,SUV_PHEV_GASOLINE,,,10000.0,
YEAR_2045,SUV_PROPANE,,,10000.0,
YEAR_2045,BUS_BIODIESEL_B100,,,10000.0,
YEAR_2045,BUS_BIODIESEL_B20,,,10000.0,
YEAR_2045,BUS_CNG,0.5769673572836219,,10000.0,1501.1075127919446
YEAR_2045,BUS_CSNG,,,10000.0,
YEAR_2045,BUS_DIESEL,,,10000.0,
YEAR_2045,BUS_GASOLINE,,,10000.0,
YEAR_2045,BUS_EV,,,10000.0,
YEAR_2045,BUS_FC_H2,,,10000.0,
YEAR_2045,BUS_HY_DIESEL,,,10000.0,
YEAR_2045,BUS_PROPANE,,,10000.0,
YEAR_2045,SCHOOLBUS_BIODIESEL_B100,,,10000.0,
YEAR_2045,SCHOOLBUS_BIODIESEL_B20,,,10000.0,
YEAR_2045,SCHOOLBUS_CNG,,,10000.0,
YEAR_2045,SCHOOLBUS_CSNG,,,10000.0,
YEAR_2045,SCHOOLBUS_DIESEL,,,10000.0,
YEAR_2045,SCHOOLBUS_ETOH_E10,,,10000.0,
YEAR_2045,SCHOOLBUS_BIOETOH_E10,,,10000.0,
YEAR_2045,SCHOOLBUS_EV,,,10000.0,
YEAR_2045,SCHOOLBUS_GASOLINE,1.458422070509661,,10000.0,3794.405869286395
YEAR_2045,SCHOOLBUS_HY_DIESEL,,,10000.0,
YEAR_2045,SCHOOLBUS_PROPANE,,,10000.0,
YEAR_2045,COACH_BIODIESEL_B100,,,10000.0,
YEAR_2045,COACH_BIODIESEL_B20,,,10000.0,
YEAR_2045,COACH_CNG,0.0481828323967604,,10000.0,125.35823870329948
YEAR_2045,COACH_CSNG,,,10000.0,
YEAR_2045,COACH_DIESEL,,,10000.0,
YEAR_2045,COACH_ETOH_E10,,,10000.0,
YEAR_2045,COACH_BIOETOH_E10,,,10000.0,
YEAR_2045,COACH_EV,,,10000.0,
YEAR_2045,COACH_GASOLINE,0.127978960408018,,10000.0,332.9654208727485
YEAR_2045,COACH_HY_DIESEL,,,10000.0,
YEAR_2045,COACH_PROPANE,,,10000.0,
YEAR_2045,COMMUTER_RAIL_DIESEL,0.01433267144877028,,10000.0,42.939537046799884
YEAR_2045,COMMUTER_RAIL_ELEC,0.6523628410677875,,10000.0,1954.4268828118056
YEAR_2045,TRAIN_DIESEL,0.01875087949489067,,10000.0,
YEAR_2045,TRAIN_BIODIESEL,,,10000.0,
YEAR_2045,TRAIN_ELEC,0.02299081296721158,,10000.0,54.687177379279085
YEAR_2045,TRAIN_H2,,,10000.0,
YEAR_2045,TRAIN_NG,,,10000.0,
YEAR_2045,TRAIN_SNG,,,10000.0,
YEAR_2045,PLANE_SH,16.00395225727861,,10000.0,48927.92299904244
YEAR_2045,PLANE_LH,,,10000.0,
YEAR_2045,PLANE_SH_BIO,1.769326727699406,,10000.0,5409.256444991733
YEAR_2045,PLANE_LH_BIO,,,10000.0,
YEAR_2045,LCV_BIODIESEL_B100,,,10000.0,
YEAR_2045,LCV_BIODIESEL_B20,,,10000.0,
YEAR_2045,LCV_CNG,,,10000.0,
YEAR_2045,LCV_CSNG,,,10000.0,
YEAR_2045,LCV_DIESEL,,,10000.0,
YEAR_2045,LCV_GASOLINE,,,10000.0,
YEAR_2045,LCV_ETOH_E10,,,10000.0,
YEAR_2045,LCV_ETOH_E85,,,10000.0,
YEAR_2045,LCV_EV,,,10000.0,
YEAR_2045,LCV_FC_H2,14.97406232912171,,10000.0,12199.069098288874
YEAR_2045,LCV_PHEV_DIESEL,,,10000.0,
YEAR_2045,LCV_PROPANE,,,10000.0,
YEAR_2045,TRUCK_SH_BIODIESEL_B100,,,10000.0,
YEAR_2045,TRUCK_SH_BIODIESEL_B20,,,10000.0,
YEAR_2045,TRUCK_SH_CNG,,,10000.0,
YEAR_2045,TRUCK_SH_CSNG,,,10000.0,
YEAR_2045,TRUCK_SH_DIESEL,,,10000.0,
YEAR_2045,TRUCK_SH_GASOLINE,,,10000.0,
YEAR_2045,TRUCK_SH_EV,,,10000.0,
YEAR_2045,TRUCK_SH_HY_DIESEL,,,10000.0,
YEAR_2045,TRUCK_SH_PROPANE,,,10000.0,
YEAR_2045,SEMI_SH_BIODIESEL_B100,,,10000.0,
YEAR_2045,SEMI_SH_BIODIESEL_B20,,,10000.0,
YEAR_2045,SEMI_SH_CNG,,,10000.0,
YEAR_2045,SEMI_SH_CSNG,,,10000.0,
YEAR_2045,SEMI_SH_DIESEL,,,10000.0,
YEAR_2045,SEMI_SH_EV,,,10000.0,
YEAR_2045,SEMI_SH_FC_H2,,,10000.0,
YEAR_2045,SEMI_SH_HY_DIESEL,34.8400956190623,,10000.0,28383.52909893768
YEAR_2045,SEMI_SH_PROPANE,,,10000.0,
YEAR_2045,SEMI_LH_BIODIESEL_B100,,,10000.0,
YEAR_2045,SEMI_LH_BIODIESEL_B20,,,10000.0,
YEAR_2045,SEMI_LH_CNG,13.30315955596884,,10000.0,10837.818027056686
YEAR_2045,SEMI_LH_CSNG,,,10000.0,
YEAR_2045,SEMI_LH_DIESEL,,,10000.0,
YEAR_2045,SEMI_LH_EV,,,10000.0,
YEAR_2045,SEMI_LH_FC_H2,,,10000.0,
YEAR_2045,SEMI_LH_HY_DIESEL,28.51627635031435,,10000.0,23231.640017074085
YEAR_2045,SEMI_LH_PROPANE,,,10000.0,
YEAR_2045,TRAIN_FREIGHT_DIESEL,5.524344073272989,,10000.0,16550.49289600001
YEAR_2045,TRAIN_FREIGHT_BIODIESEL,,,10000.0,
YEAR_2045,TRAIN_FREIGHT_ELEC,5.31327682566572,,10000.0,15918.152307548447
YEAR_2045,TRAIN_FREIGHT_H2,,,10000.0,
YEAR_2045,TRAIN_FREIGHT_NG,,,10000.0,
YEAR_2045,TRAIN_FREIGHT_SNG,,,10000.0,
YEAR_2045,TRUCK_LH_BIODIESEL_B100,,,10000.0,
YEAR_2045,TRUCK_LH_BIODIESEL_B20,,,10000.0,
YEAR_2045,TRUCK_LH_CNG,,,10000.0,
YEAR_2045,TRUCK_LH_CSNG,,,10000.0,
YEAR_2045,TRUCK_LH_DIESEL,,,10000.0,
YEAR_2045,TRUCK_LH_GASOLINE,,,10000.0,
YEAR_2045,TRUCK_LH_EV,,,10000.0,
YEAR_2045,TRUCK_LH_HY_DIESEL,,,10000.0,
YEAR_2045,TRUCK_LH_PROPANE,,,10000.0,
YEAR_2045,PLANE_FREIGHT,0.1161860594563102,,10000.0,610.6739285023663
YEAR_2045,PLANE_FREIGHT_BIO,0.01594199653473954,,10000.0,83.7911337865911
YEAR_2045,BULK_CARRIER,,,10000.0,
YEAR_2045,CONTAINER,0.3317327039584695,,10000.0,
YEAR_2045,OIL_TANKER,1.046174046909883,,10000.0,4398.952632446677
YEAR_2045,BULK_CARRIER_BIO,,,10000.0,
YEAR_2045,CONTAINER_BIO,,,10000.0,
YEAR_2045,OIL_TANKER_BIO,,,10000.0,
YEAR_2045,BULK_CARRIER_MEOH,7.666927782990257,,10000.0,36939.258058447056
YEAR_2045,CONTAINER_MEOH,1.796635959171901,,10000.0,11016.971701642098
YEAR_2045,OIL_TANKER_MEOH,2.961028705164702,,10000.0,12450.533499476538
YEAR_2045,BULK_CARRIER_BIOMEOH,,,10000.0,
YEAR_2045,CONTAINER_BIOMEOH,,,10000.0,
YEAR_2045,OIL_TANKER_BIOMEOH,,,10000.0,
YEAR_2050,PV_ROOF,0.3,,10000.0,345.63599999999997
YEAR_2050,PV_GROUND,,,10000.0,
YEAR_2050,TRAFO_ML,21.79353934469968,,10000.0,83863.1141840572
YEAR_2050,AN_DIG_SI,,,10000.0,
YEAR_2050,HYDRO_GAS_CHP,,,10000.0,
YEAR_2050,TIDAL,,,10000.0,
YEAR_2050,TRAFO_HM,22.32240483716175,,10000.0,104182.52892599892
YEAR_2050,TRAFO_LM,,,10000.0,
YEAR_2050,WIND_OFFSHORE,,,2179.0,
YEAR_2050,WIND_ONSHORE,10.0,,3984.322,29025.84
YEAR_2050,NEW_WIND_ONSHORE,,,3984.322,
YEAR_2050,CCGT,,,10000.0,
YEAR_2050,COAL_IGCC,,,10000.0,
YEAR_2050,COAL_US,,,10000.0,
YEAR_2050,H2_CCGT,,,10000.0,
YEAR_2050,H2_NG_CCGT,,,10000.0,
YEAR_2050,OCGT_LARGE,,,10000.0,
YEAR_2050,OCGT_SMALL,,,10000.0,
YEAR_2050,TRAFO_EH,29.5076640645893,,10000.0,201419.04906282
YEAR_2050,TRAFO_MH,,,10000.0,
YEAR_2050,CCGT_BIOGAS,,,10000.0,
YEAR_2050,H2_SNG_CCGT,,,10000.0,
YEAR_2050,OCGT_BIOGAS_SMALL,,,10000.0,
YEAR_2050,OCGT_BIOGAS_LARGE,,,10000.0,
YEAR_2050,NUCLEAR,,,12.0,
YEAR_2050,TRAFO_HE,,,10000.0,
YEAR_2050,HYDRO_RIVER,15.13,15.13,15.13,73573.19568
YEAR_2050,NEW_HYDRO_DAM,4.0,,15.11,18800.832
YEAR_2050,NEW_HYDRO_RIVER,,,25.33,
YEAR_2050,HYDRO_DAM,26.357,26.357,26.357,127918.533528
YEAR_2050,IND_BOILER_COAL,,,10000.0,
YEAR_2050,IND_BOILER_GAS,4.604534525484781,,10000.0,38318.936321084344
YEAR_2050,IND_BOILER_OIL,,,10000.0,
YEAR_2050,IND_BOILER_WASTE,0.4039439718836955,,10000.0,3184.6942743310556
YEAR_2050,IND_BOILER_WOOD,7.291808058004237,,10000.0,57488.61472930542
YEAR_2050,IND_BOILER_BIOGAS,,,10000.0,
YEAR_2050,IND_BOILER_BIOOIL,,,10000.0,
YEAR_2050,IND_COGEN_GAS,,,10000.0,
YEAR_2050,IND_COGEN_WASTE,,,10000.0,
YEAR_2050,IND_COGEN_WOOD,,,10000.0,
YEAR_2050,IND_DIRECT_ELEC,,,10000.0,
YEAR_2050,IND_COGEN_BIOGAS,,,10000.0,
YEAR_2050,DHN_BOILER_GAS,2.443840761061455,,10000.0,2583.952373366042
YEAR_2050,DHN_BOILER_OIL,0.983046852158644,,10000.0,
YEAR_2050,DHN_BOILER_WOOD,,,10000.0,
YEAR_2050,DHN_BOILER_BIOGAS,,,10000.0,
YEAR_2050,DHN_BOILER_BIOOIL,,,10000.0,
YEAR_2050,DHN_COGEN_GAS,,,10000.0,
YEAR_2050,DHN_COGEN_WASTE,,,10000.0,
YEAR_2050,DHN_COGEN_WOOD,,,10000.0,
YEAR_2050,DHN_COGEN_BIOGAS,,,10000.0,
YEAR_2050,DHN_DEEP_GEO,,,10000.0,
YEAR_2050,DHN_HP_ELEC,12.55159158087155,,10000.0,49856.52901377609
YEAR_2050,AFC,0.004359250489308322,,10000.0,
YEAR_2050,DEC_ADVCOGEN_H2,,,10000.0,
YEAR_2050,DEC_BOILER_GAS,4.308108832901388,,10000.0,16351.807357387814
YEAR_2050,DEC_BOILER_OIL,,,10000.0,
YEAR_2050,DEC_BOILER_WOOD,0.001415448223294008,,10000.0,11.426405671563618
YEAR_2050,DEC_BOILER_BIOGAS,,,10000.0,
YEAR_2050,DEC_BOILER_BIOOIL,,,10000.0,
YEAR_2050,DEC_COGEN_GAS,,,10000.0,
YEAR_2050,DEC_COGEN_OIL,,,10000.0,
YEAR_2050,DEC_COGEN_WOOD,,,10000.0,
YEAR_2050,DEC_COGEN_BIOGAS,,,10000.0,
YEAR_2050,DEC_COGEN_BIOOIL,,,10000.0,
YEAR_2050,DEC_DIRECT_ELEC,2.91568813697388,,10000.0,2050.1293580723504
YEAR_2050,DEC_HP_ELEC,10.35288418499166,,10000.0,39285.32460277355
YEAR_2050,DEC_RENOVATION,,,10000.0,
YEAR_2050,DEC_SOLAR,0.02339036205411821,,10000.0,26.94850392979068
YEAR_2050,PAFC,,,10000.0,
YEAR_2050,PEMFC,,,10000.0,
YEAR_2050,SOFC,,,10000.0,
YEAR_2050,COMMUTER_RAIL_DIESEL_SD,,,10000.0,
YEAR_2050,COMMUTER_RAIL_ELEC_SD,0.6469075464362484,,10000.0,1938.083256519286
YEAR_2050,TRAMWAY_SD,,,10000.0,
YEAR_2050,BUS_BIODIESEL_B100_SD,,,10000.0,
YEAR_2050,BUS_BIODIESEL_B20_SD,,,10000.0,
YEAR_2050,BUS_CNG_SD,0.574703060335048,,10000.0,1495.2164461349005
YEAR_2050,BUS_CSNG_SD,,,10000.0,
YEAR_2050,BUS_DIESEL_SD,,,10000.0,
YEAR_2050,BUS_GASOLINE_SD,,,10000.0,
YEAR_2050,BUS_EV_SD,,,10000.0,
YEAR_2050,BUS_FC_H2_SD,,,10000.0,
YEAR_2050,BUS_HY_DIESEL_SD,,,10000.0,
YEAR_2050,BUS_PROPANE_SD,,,10000.0,
YEAR_2050,SCHOOLBUS_BIODIESEL_B100_SD,,,10000.0,
YEAR_2050,SCHOOLBUS_BIODIESEL_B20_SD,,,10000.0,
YEAR_2050,SCHOOLBUS_CNG_SD,,,10000.0,
YEAR_2050,SCHOOLBUS_CSNG_SD,,,10000.0,
YEAR_2050,SCHOOLBUS_DIESEL_SD,,,10000.0,
YEAR_2050,SCHOOLBUS_ETOH_E10_SD,,,10000.0,
YEAR_2050,SCHOOLBUS_BIOETOH_E10_SD,,,10000.0,
YEAR_2050,SCHOOLBUS_EV_SD,,,10000.0,
YEAR_2050,SCHOOLBUS_GASOLINE_SD,1.452698522023951,,10000.0,3779.514798720154
YEAR_2050,SCHOOLBUS_HY_DIESEL_SD,,,10000.0,
YEAR_2050,SCHOOLBUS_PROPANE_SD,,,10000.0,
YEAR_2050,CAR_GASOLINE_SD,,,10000.0,
YEAR_2050,CAR_EV_SD,43.47189002483066,,10000.0,19421.50158749335
YEAR_2050,SUV_GASOLINE_SD,,,10000.0,
YEAR_2050,CAR_MEOH_SD,,,10000.0,
YEAR_2050,CAR_ETOH_E10_SD,,,10000.0,
YEAR_2050,SUV_CNG_SD,,,10000.0,
YEAR_2050,CAR_BIODIESEL_B100_SD,,,10000.0,
YEAR_2050,SUV_BIODIESEL_B100_SD,,,10000.0,
YEAR_2050,SUV_DIESEL_SD,,,10000.0,
YEAR_2050,SUV_HY_GASOLINE_SD,,,10000.0,
YEAR_2050,CAR_PROPANE_SD,,,10000.0,
YEAR_2050,CAR_PHEV_SD,,,10000.0,
YEAR_2050,SUV_BIODIESEL_B20_SD,,,10000.0,
YEAR_2050,CAR_CNG_SD,,,10000.0,
YEAR_2050,SUV_PHEV_GASOLINE_SD,,,10000.0,
YEAR_2050,CAR_DIESEL_SD,,,10000.0,
YEAR_2050,CAR_HEV_SD,23.4355094269998,,10000.0,10470.048191606433
YEAR_2050,SUV_PROPANE_SD,,,10000.0,
YEAR_2050,CAR_BIODIESEL_B20_SD,,,10000.0,
YEAR_2050,CAR_FC_H2_SD,,,10000.0,
YEAR_2050,CAR_ETOH_E85_SD,,,10000.0,
YEAR_2050,SUV_ETOH_E10_SD,,,10000.0,
YEAR_2050,SUV_EV_SD,57.82675314293177,,10000.0,25834.680234136187
YEAR_2050,SUV_ETOH_E85_SD,,,10000.0,
YEAR_2050,SUV_FC_H2_SD,,,10000.0,
YEAR_2050,CAR_CSNG_SD,,,10000.0,
YEAR_2050,CAR_BIOETOH_E10_SD,,,10000.0,
YEAR_2050,CAR_BIOETOH_E85_SD,,,10000.0,
YEAR_2050,CAR_BIOMEOH_SD,,,10000.0,
YEAR_2050,SUV_CSNG_SD,,,10000.0,
YEAR_2050,SUV_BIOETOH_E10_SD,,,10000.0,
YEAR_2050,SUV_BIOETOH_E85_SD,,,10000.0,
YEAR_2050,COMMUTER_RAIL_DIESEL_MD,0.01353207401476003,,10000.0,40.541011182299876
YEAR_2050,COMMUTER_RAIL_ELEC_MD,0.003639458751592217,,10000.0,10.903527263069062
YEAR_2050,COACH_BIODIESEL_B100_MD,,,10000.0,
YEAR_2050,COACH_BIODIESEL_B20_MD,,,10000.0,
YEAR_2050,COACH_CNG_MD,0.01724728678746071,,10000.0,44.87261098067228
YEAR_2050,COACH_CSNG_MD,,,10000.0,
YEAR_2050,COACH_DIESEL_MD,,,10000.0,
YEAR_2050,COACH_ETOH_E10_MD,,,10000.0,
YEAR_2050,COACH_BIOETOH_E10_MD,,,10000.0,
YEAR_2050,COACH_EV_MD,,,10000.0,
YEAR_2050,COACH_GASOLINE_MD,0.04516264234742545,,10000.0,117.50054984814366
YEAR_2050,COACH_HY_DIESEL_MD,,,10000.0,
YEAR_2050,COACH_PROPANE_MD,,,10000.0,
YEAR_2050,SUV_PHEV_GASOLINE_MD,,,10000.0,
YEAR_2050,SUV_ETOH_E10_MD,,,10000.0,
YEAR_2050,SUV_ETOH_E85_MD,,,10000.0,
YEAR_2050,SUV_HY_GASOLINE_MD,,,10000.0,
YEAR_2050,CAR_BIODIESEL_B100_MD,,,10000.0,
YEAR_2050,CAR_DIESEL_MD,,,10000.0,
YEAR_2050,SUV_DIESEL_MD,,,10000.0,
YEAR_2050,SUV_EV_MD,56.66972827177124,,10000.0,25317.76780269652
YEAR_2050,CAR_MEOH_MD,,,10000.0,
YEAR_2050,CAR_HEV_MD,20.13880733438297,,10000.0,8997.213564708933
YEAR_2050,CAR_ETOH_E10_MD,,,10000.0,
YEAR_2050,SUV_CNG_MD,,,10000.0,
YEAR_2050,SUV_GASOLINE_MD,,,10000.0,
YEAR_2050,SUV_BIODIESEL_B20_MD,,,10000.0,
YEAR_2050,CAR_EV_MD,45.42987740456891,,10000.0,20296.2520292652
YEAR_2050,SUV_PROPANE_MD,,,10000.0,
YEAR_2050,CAR_ETOH_E85_MD,,,10000.0,
YEAR_2050,SUV_BIODIESEL_B100_MD,,,10000.0,
YEAR_2050,CAR_PHEV_MD,,,10000.0,
YEAR_2050,CAR_PROPANE_MD,,,10000.0,
YEAR_2050,SUV_FC_H2_MD,,,10000.0,
YEAR_2050,CAR_GASOLINE_MD,,,10000.0,
YEAR_2050,CAR_FC_H2_MD,,,10000.0,
YEAR_2050,CAR_BIODIESEL_B20_MD,,,10000.0,
YEAR_2050,CAR_CNG_MD,,,10000.0,
YEAR_2050,CAR_CSNG_MD,,,10000.0,
YEAR_2050,CAR_BIOETOH_E10_MD,,,10000.0,
YEAR_2050,CAR_BIOETOH_E85_MD,,,10000.0,
YEAR_2050,CAR_BIOMEOH_MD,,,10000.0,
YEAR_2050,SUV_CSNG_MD,,,10000.0,
YEAR_2050,SUV_BIOETOH_E10_MD,,,10000.0,
YEAR_2050,SUV_BIOETOH_E85_MD,,,10000.0,
YEAR_2050,TRAIN_DIESEL_LD,0.01766589647010867,,10000.0,
YEAR_2050,TRAIN_BIODIESEL_LD,,,10000.0,
YEAR_2050,TRAIN_ELEC_LD,0.02299081296721158,,10000.0,54.47255863646009
YEAR_2050,TRAIN_H2_LD,,,10000.0,
YEAR_2050,TRAIN_NG_LD,,,10000.0,
YEAR_2050,TRAIN_SNG_LD,,,10000.0,
YEAR_2050,COACH_BIODIESEL_B100_LD,,,10000.0,
YEAR_2050,COACH_BIODIESEL_B20_LD,,,10000.0,
YEAR_2050,COACH_CNG_LD,0.03024420214785892,,10000.0,78.68694561212753
YEAR_2050,COACH_CSNG_LD,,,10000.0,
YEAR_2050,COACH_DIESEL_LD,,,10000.0,
YEAR_2050,COACH_ETOH_E10_LD,,,10000.0,
YEAR_2050,COACH_BIOETOH_E10_LD,,,10000.0,
YEAR_2050,COACH_EV_LD,,,10000.0,
YEAR_2050,COACH_GASOLINE_LD,0.0828163180605925,,10000.0,215.4648710246047
YEAR_2050,COACH_HY_DIESEL_LD,,,10000.0,
YEAR_2050,COACH_PROPANE_LD,,,10000.0,
YEAR_2050,PLANE_SH_LD,15.93420137646192,,10000.0,48714.67781617446
YEAR_2050,PLANE_SH_BIO_LD,1.769326727699406,,10000.0,5409.256444991733
YEAR_2050,SUV_GASOLINE_LD,,,10000.0,
YEAR_2050,CAR_CNG_LD,,,10000.0,
YEAR_2050,CAR_GASOLINE_LD,,,10000.0,
YEAR_2050,CAR_ETOH_E85_LD,,,10000.0,
YEAR_2050,CAR_FC_H2_LD,,,10000.0,
YEAR_2050,CAR_HEV_LD,,,10000.0,
YEAR_2050,SUV_DIESEL_LD,,,10000.0,
YEAR_2050,CAR_ETOH_E10_LD,,,10000.0,
YEAR_2050,SUV_PROPANE_LD,,,10000.0,
YEAR_2050,CAR_BIODIESEL_B100_LD,,,10000.0,
YEAR_2050,CAR_MEOH_LD,,,10000.0,
YEAR_2050,SUV_FC_H2_LD,,,10000.0,
YEAR_2050,CAR_BIODIESEL_B20_LD,,,10000.0,
YEAR_2050,CAR_DIESEL_LD,,,10000.0,
YEAR_2050,CAR_EV_LD,8.373545481264152,,10000.0,3740.965179209573
YEAR_2050,CAR_PROPANE_LD,,,10000.0,
YEAR_2050,SUV_EV_LD,7.237091135557738,,10000.0,3233.242835721775
YEAR_2050,SUV_HY_GASOLINE_LD,,,10000.0,
YEAR_2050,SUV_ETOH_E10_LD,,,10000.0,
YEAR_2050,CAR_PHEV_LD,,,10000.0,
YEAR_2050,SUV_PHEV_GASOLINE_LD,,,10000.0,
YEAR_2050,SUV_BIODIESEL_B100_LD,,,10000.0,
YEAR_2050,SUV_ETOH_E85_LD,,,10000.0,
YEAR_2050,SUV_BIODIESEL_B20_LD,,,10000.0,
YEAR_2050,SUV_CNG_LD,,,10000.0,
YEAR_2050,CAR_CSNG_LD,,,10000.0,
YEAR_2050,CAR_BIOETOH_E10_LD,,,10000.0,
YEAR_2050,CAR_BIOETOH_E85_LD,,,10000.0,
YEAR_2050,CAR_BIOMEOH_LD,,,10000.0,
YEAR_2050,SUV_CSNG_LD,,,10000.0,
YEAR_2050,SUV_BIOETOH_E10_LD,,,10000.0,
YEAR_2050,SUV_BIOETOH_E85_LD,,,10000.0,
YEAR_2050,TRAIN_DIESEL_ELD,,,10000.0,
YEAR_2050,TRAIN_BIODIESEL_ELD,,,10000.0,
YEAR_2050,TRAIN_ELEC_ELD,,,10000.0,
YEAR_2050,TRAIN_H2_ELD,,,10000.0,
YEAR_2050,TRAIN_NG_ELD,,,10000.0,
YEAR_2050,TRAIN_SNG_ELD,,,10000.0,
YEAR_2050,COACH_BIODIESEL_B100_ELD,,,10000.0,
YEAR_2050,COACH_BIODIESEL_B20_ELD,,,10000.0,
YEAR_2050,COACH_CNG_ELD,,,10000.0,
YEAR_2050,COACH_CSNG_ELD,,,10000.0,
YEAR_2050,COACH_DIESEL_ELD,,,10000.0,
YEAR_2050,COACH_ETOH_E10_ELD,,,10000.0,
YEAR_2050,COACH_BIOETOH_E10_ELD,,,10000.0,
YEAR_2050,COACH_EV_ELD,,,10000.0,
YEAR_2050,COACH_GASOLINE_ELD,,,10000.0,
YEAR_2050,COACH_HY_DIESEL_ELD,,,10000.0,
YEAR_2050,COACH_PROPANE_ELD,,,10000.0,
YEAR_2050,PLANE_LH_ELD,,,10000.0,
YEAR_2050,PLANE_LH_BIO_ELD,,,10000.0,
YEAR_2050,CAR_CNG_ELD,,,10000.0,
YEAR_2050,SUV_BIODIESEL_B100_ELD,,,10000.0,
YEAR_2050,CAR_HEV_ELD,,,10000.0,
YEAR_2050,SUV_BIODIESEL_B20_ELD,,,10000.0,
YEAR_2050,CAR_GASOLINE_ELD,,,10000.0,
YEAR_2050,CAR_ETOH_E85_ELD,,,10000.0,
YEAR_2050,SUV_PROPANE_ELD,,,10000.0,
YEAR_2050,CAR_PROPANE_ELD,,,10000.0,
YEAR_2050,CAR_BIODIESEL_B100_ELD,,,10000.0,
YEAR_2050,CAR_ETOH_E10_ELD,,,10000.0,
YEAR_2050,SUV_PHEV_GASOLINE_ELD,,,10000.0,
YEAR_2050,CAR_FC_H2_ELD,,,10000.0,
YEAR_2050,CAR_MEOH_ELD,,,10000.0,
YEAR_2050,SUV_EV_ELD,,,10000.0,
YEAR_2050,CAR_DIESEL_ELD,,,10000.0,
YEAR_2050,CAR_BIODIESEL_B20_ELD,,,10000.0,
YEAR_2050,SUV_ETOH_E10_ELD,,,10000.0,
YEAR_2050,CAR_PHEV_ELD,,,10000.0,
YEAR_2050,CAR_EV_ELD,,,10000.0,
YEAR_2050,SUV_HY_GASOLINE_ELD,,,10000.0,
YEAR_2050,SUV_GASOLINE_ELD,,,10000.0,
YEAR_2050,SUV_FC_H2_ELD,,,10000.0,
YEAR_2050,SUV_CNG_ELD,,,10000.0,
YEAR_2050,SUV_DIESEL_ELD,,,10000.0,
YEAR_2050,SUV_ETOH_E85_ELD,,,10000.0,
YEAR_2050,CAR_CSNG_ELD,,,10000.0,
YEAR_2050,CAR_BIOETOH_E10_ELD,,,10000.0,
YEAR_2050,CAR_BIOETOH_E85_ELD,,,10000.0,
YEAR_2050,CAR_BIOMEOH_ELD,,,10000.0,
YEAR_2050,SUV_CSNG_ELD,,,10000.0,
YEAR_2050,SUV_BIOETOH_E10_ELD,,,10000.0,
YEAR_2050,SUV_BIOETOH_E85_ELD,,,10000.0,
YEAR_2050,LCV_BIODIESEL_B100_SD,,,10000.0,
YEAR_2050,LCV_BIODIESEL_B20_SD,,,10000.0,
YEAR_2050,LCV_CNG_SD,,,10000.0,
YEAR_2050,LCV_CSNG_SD,,,10000.0,
YEAR_2050,LCV_DIESEL_SD,,,10000.0,
YEAR_2050,LCV_GASOLINE_SD,,,10000.0,
YEAR_2050,LCV_ETOH_E10_SD,,,10000.0,
YEAR_2050,LCV_ETOH_E85_SD,,,10000.0,
YEAR_2050,LCV_EV_SD,,,10000.0,
YEAR_2050,LCV_FC_H2_SD,15.38818265977766,,10000.0,12536.444649267662
YEAR_2050,LCV_PHEV_DIESEL_SD,,,10000.0,
YEAR_2050,LCV_PROPANE_SD,,,10000.0,
YEAR_2050,TRUCK_SH_BIODIESEL_B100_SD,,,10000.0,
YEAR_2050,TRUCK_SH_BIODIESEL_B20_SD,,,10000.0,
YEAR_2050,TRUCK_SH_CNG_SD,,,10000.0,
YEAR_2050,TRUCK_SH_CSNG_SD,,,10000.0,
YEAR_2050,TRUCK_SH_DIESEL_SD,,,10000.0,
YEAR_2050,TRUCK_SH_GASOLINE_SD,,,10000.0,
YEAR_2050,TRUCK_SH_EV_SD,,,10000.0,
YEAR_2050,TRUCK_SH_HY_DIESEL_SD,,,10000.0,
YEAR_2050,TRUCK_SH_PROPANE_SD,,,10000.0,
YEAR_2050,LCV_BIODIESEL_B100_MD,,,10000.0,
YEAR_2050,LCV_BIODIESEL_B20_MD,,,10000.0,
YEAR_2050,LCV_CNG_MD,,,10000.0,
YEAR_2050,LCV_CSNG_MD,,,10000.0,
YEAR_2050,LCV_DIESEL_MD,,,10000.0,
YEAR_2050,LCV_GASOLINE_MD,,,10000.0,
YEAR_2050,LCV_ETOH_E10_MD,,,10000.0,
YEAR_2050,LCV_ETOH_E85_MD,,,10000.0,
YEAR_2050,LCV_EV_MD,,,10000.0,
YEAR_2050,LCV_FC_H2_MD,,,10000.0,
YEAR_2050,LCV_PHEV_DIESEL_MD,,,10000.0,
YEAR_2050,LCV_PROPANE_MD,,,10000.0,
YEAR_2050,SEMI_SH_BIODIESEL_B100_MD,,,10000.0,
YEAR_2050,SEMI_SH_BIODIESEL_B20_MD,,,10000.0,
YEAR_2050,SEMI_SH_CNG_MD,,,10000.0,
YEAR_2050,SEMI_SH_CSNG_MD,,,10000.0,
YEAR_2050,SEMI_SH_DIESEL_MD,,,10000.0,
YEAR_2050,SEMI_SH_EV_MD,,,10000.0,
YEAR_2050,SEMI_SH_FC_H2_MD,,,10000.0,
YEAR_2050,SEMI_SH_HY_DIESEL_MD,36.15151333418962,,10000.0,29451.9148830976
YEAR_2050,SEMI_SH_PROPANE_MD,,,10000.0,
YEAR_2050,TRUCK_SH_BIODIESEL_B100_MD,,,10000.0,
YEAR_2050,TRUCK_SH_BIODIESEL_B20_MD,,,10000.0,
YEAR_2050,TRUCK_SH_CNG_MD,,,10000.0,
YEAR_2050,TRUCK_SH_CSNG_MD,,,10000.0,
YEAR_2050,TRUCK_SH_DIESEL_MD,,,10000.0,
YEAR_2050,TRUCK_SH_GASOLINE_MD,,,10000.0,
YEAR_2050,TRUCK_SH_EV_MD,,,10000.0,
YEAR_2050,TRUCK_SH_HY_DIESEL_MD,,,10000.0,
YEAR_2050,TRUCK_SH_PROPANE_MD,,,10000.0,
YEAR_2050,TRAIN_FREIGHT_DIESEL_LD,1.049374101778426,,10000.0,3143.8408590000213
YEAR_2050,TRAIN_FREIGHT_BIODIESEL_LD,,,10000.0,
YEAR_2050,TRAIN_FREIGHT_ELEC_LD,1.76240170783439,,10000.0,5280.014524535205
YEAR_2050,TRAIN_FREIGHT_H2_LD,,,10000.0,
YEAR_2050,TRAIN_FREIGHT_NG_LD,,,10000.0,
YEAR_2050,TRAIN_FREIGHT_SNG_LD,,,10000.0,
YEAR_2050,SEMI_LH_BIODIESEL_B100_LD,,,10000.0,
YEAR_2050,SEMI_LH_BIODIESEL_B20_LD,,,10000.0,
YEAR_2050,SEMI_LH_CNG_LD,9.083724386756739,,10000.0,7400.328583402981
YEAR_2050,SEMI_LH_CSNG_LD,,,10000.0,
YEAR_2050,SEMI_LH_DIESEL_LD,,,10000.0,
YEAR_2050,SEMI_LH_EV_LD,,,10000.0,
YEAR_2050,SEMI_LH_FC_H2_LD,,,10000.0,
YEAR_2050,SEMI_LH_HY_DIESEL_LD,8.349709544352569,,10000.0,6802.341371593151
YEAR_2050,SEMI_LH_PROPANE_LD,,,10000.0,
YEAR_2050,TRUCK_LH_BIODIESEL_B100_LD,,,10000.0,
YEAR_2050,TRUCK_LH_BIODIESEL_B20_LD,,,10000.0,
YEAR_2050,TRUCK_LH_CNG_LD,,,10000.0,
YEAR_2050,TRUCK_LH_CSNG_LD,,,10000.0,
YEAR_2050,TRUCK_LH_DIESEL_LD,,,10000.0,
YEAR_2050,TRUCK_LH_GASOLINE_LD,,,10000.0,
YEAR_2050,TRUCK_LH_EV_LD,,,10000.0,
YEAR_2050,TRUCK_LH_HY_DIESEL_LD,,,10000.0,
YEAR_2050,TRUCK_LH_PROPANE_LD,,,10000.0,
YEAR_2050,TRAIN_FREIGHT_DIESEL_ELD,3.147632931119655,,10000.0,9430.056451000006
YEAR_2050,TRAIN_FREIGHT_BIODIESEL_ELD,,,10000.0,
YEAR_2050,TRAIN_FREIGHT_ELEC_ELD,5.286151567790586,,10000.0,15836.887204975175
YEAR_2050,TRAIN_FREIGHT_H2_ELD,,,10000.0,
YEAR_2050,TRAIN_FREIGHT_NG_ELD,,,10000.0,
YEAR_2050,TRAIN_FREIGHT_SNG_ELD,,,10000.0,
YEAR_2050,SEMI_LH_BIODIESEL_B100_ELD,,,10000.0,
YEAR_2050,SEMI_LH_BIODIESEL_B20_ELD,,,10000.0,
YEAR_2050,SEMI_LH_CNG_ELD,8.798116387515417,,10000.0,7167.64945858106
YEAR_2050,SEMI_LH_CSNG_ELD,,,10000.0,
YEAR_2050,SEMI_LH_DIESEL_ELD,,,10000.0,
YEAR_2050,SEMI_LH_EV_ELD,,,10000.0,
YEAR_2050,SEMI_LH_FC_H2_ELD,,,10000.0,
YEAR_2050,SEMI_LH_HY_DIESEL_ELD,17.16201298626773,,10000.0,13981.548739652593
YEAR_2050,SEMI_LH_PROPANE_ELD,,,10000.0,
YEAR_2050,PLANE_FREIGHT_ELD,0.12115949796769,,10000.0,636.8143213181784
YEAR_2050,PLANE_FREIGHT_BIO_ELD,0.01594199653473954,,10000.0,83.79113378659102
YEAR_2050,BULK_CARRIER_ELD,,,10000.0,
YEAR_2050,CONTAINER_ELD,,,10000.0,
YEAR_2050,OIL_TANKER_ELD,0.3062800258260417,,10000.0,1287.8462525933405
YEAR_2050,BULK_CARRIER_BIO_ELD,,,10000.0,
YEAR_2050,CONTAINER_BIO_ELD,,,10000.0,
YEAR_2050,OIL_TANKER_BIO_ELD,,,10000.0,
YEAR_2050,BULK_CARRIER_MEOH_ELD,7.955518980475781,,10000.0,38329.69044793232
YEAR_2050,CONTAINER_MEOH_ELD,1.864263219735551,,10000.0,11431.662063418396
YEAR_2050,OIL_TANKER_MEOH_ELD,3.851758037799828,,10000.0,16195.872197340716
YEAR_2050,BULK_CARRIER_BIOMEOH_ELD,,,10000.0,
YEAR_2050,CONTAINER_BIOMEOH_ELD,,,10000.0,
YEAR_2050,OIL_TANKER_BIOMEOH_ELD,,,10000.0,
YEAR_2050,ETHANE_OXIDATION,,,10000.0,
YEAR_2050,METHANOL_CARBONYLATION,,,10000.0,
YEAR_2050,BIOMETHANOL_CARBONYLATION,,,10000.0,
YEAR_2050,CUMENE_PROCESS,,,10000.0,
YEAR_2050,CO2_METHANOL,,,10000.0,
YEAR_2050,METHANE_TO_METHANOL,,,10000.0,
YEAR_2050,METHANOL_FT,0.7075529492660898,,10000.0,5268.439260235305
YEAR_2050,BIOMETHANE_TO_BIOMETHANOL,,,10000.0,
YEAR_2050,BIOMETHANOL_FT,,,10000.0,
YEAR_2050,WOOD_METHANOL,,,10000.0,
YEAR_2050,ETHYLENE_POLYMERIZATION,,,10000.0,
YEAR_2050,STYRENE_POLYMERIZATION,,,10000.0,
YEAR_2050,DHN_TH_STORAGE,,,10000.0,
YEAR_2050,DEC_TH_STORAGE,,,10000.0,
YEAR_2050,DHN,15.97847919409165,,10000.0,
YEAR_2050,BATTERY,,,10000.0,
YEAR_2050,EHV_GRID,35.52171058676679,,10000.0,254181.56120799994
YEAR_2050,HV_GRID,30.68054054995747,,10000.0,201419.04906282
YEAR_2050,MV_GRID,23.89525283716175,,10000.0,133208.36892599892
YEAR_2050,LV_GRID,21.79448334469969,,10000.0,84208.7501840572
YEAR_2050,EHP_H2_GRID,0.6765996468051888,,10000.0,1306.5289867436725
YEAR_2050,HP_H2_GRID,5.353670955350069,,10000.0,6782.466599922971
YEAR_2050,MP_H2_GRID,4.795067076366845,,10000.0,33528.34386747639
YEAR_2050,LP_H2_GRID,,,10000.0,
YEAR_2050,EHP_NG_GRID,29.27657758287895,,10000.0,133776.5017457335
YEAR_2050,HP_NG_GRID,29.27657758287895,,10000.0,133776.5017457335
YEAR_2050,MP_NG_GRID,25.35338501416742,,10000.0,128030.67837144167
YEAR_2050,LP_NG_GRID,18.81813566361581,,10000.0,18064.890567970036
YEAR_2050,ALKALINE_ELECTROLYSIS,,,10000.0,
YEAR_2050,AN_DIG,,,10000.0,
YEAR_2050,ATR,,,10000.0,
YEAR_2050,BIOGAS_BIOMETHANE,,,10000.0,
YEAR_2050,BIOMASS_GAS_EF_H2,,,10000.0,
YEAR_2050,BIOMASS_GAS_FB_H2,,,10000.0,
YEAR_2050,CO2_TO_DIESEL,1.860908020934424,,10000.0,16301.554263385555
YEAR_2050,CO2_STO,,,10000.0,
YEAR_2050,CO2_TO_JETFUELS,0.2232599769615776,,10000.0,1955.7573981834196
YEAR_2050,COAL_GAS_H2,,,10000.0,
YEAR_2050,COAL_GAS_H2_ADV,,,10000.0,
YEAR_2050,CROPS_TO_ETHANOL,,,10000.0,
YEAR_2050,CROPS_TO_JETFUELS,,,10000.0,
YEAR_2050,DIE_STO,,,10000.0,
YEAR_2050,ELEC_STO,,,10000.0,
YEAR_2050,ETHANE_CRACKING,,,10000.0,
YEAR_2050,ETHANE_TO_ETHYLENE,,,10000.0,
YEAR_2050,ETHANOL_TO_JETFUELS,,,10000.0,
YEAR_2050,FT,,,10000.0,
YEAR_2050,GASIFICATION_H2,,,10000.0,
YEAR_2050,GASIFICATION_SNG,,,10000.0,
YEAR_2050,GASO_STO,,,10000.0,
YEAR_2050,BIOETHANOL_TO_BIOJETFUELS,,,10000.0,
YEAR_2050,H2_COMP_HE,0.2014440270816879,,10000.0,653.2644933718364
YEAR_2050,H2_COMP_LM,,,10000.0,
YEAR_2050,H2_COMP_MH,0.9011246328523683,,10000.0,6129.202106551134
YEAR_2050,H2_EXP_EH,0.6765996468051888,,10000.0,653.2644933718362
YEAR_2050,H2_EXP_EH_COGEN,,,10000.0,
YEAR_2050,H2_EXP_HM,3.238141922848827,,10000.0,
YEAR_2050,H2_EXP_HM_COGEN,,,10000.0,
YEAR_2050,H2_EXP_ML,,,10000.0,
YEAR_2050,H2_EXP_ML_COGEN,,,10000.0,
YEAR_2050,H2_STO,503.3901372230604,,10000.0,653.2644933718364
YEAR_2050,HYDRO_GAS,,,10000.0,
YEAR_2050,LT_DEC_WH,0.1,,0.1,1.5322998232513483
YEAR_2050,LT_DHN_WH,0.1,,0.1,
YEAR_2050,METATHESIS_PROPYLENE,,,10000.0,
YEAR_2050,METHANATION,,,10000.0,
YEAR_2050,METHANOL_TO_AROMATICS,,,10000.0,
YEAR_2050,METHANOL_TO_OLEFINS,,,10000.0,
YEAR_2050,BIOMETHANOL_TO_AROMATICS,,,10000.0,
YEAR_2050,BIOMETHANOL_TO_OLEFINS,,,10000.0,
YEAR_2050,NG_COMP_HE,,,10000.0,
YEAR_2050,NG_COMP_LM,,,10000.0,
YEAR_2050,NG_COMP_MH,,,10000.0,
YEAR_2050,NG_EXP_EH,29.27657758287895,,10000.0,133776.5017457335
YEAR_2050,NG_EXP_EH_COGEN,,,10000.0,
YEAR_2050,NG_EXP_HM,25.35338501416742,,10000.0,128030.67837144167
YEAR_2050,NG_EXP_HM_COGEN,,,10000.0,
YEAR_2050,NG_EXP_ML,18.67169676778837,,10000.0,18064.890567970036
YEAR_2050,SNG_COMP_HE,,,10000.0,
YEAR_2050,SNG_COMP_LM,,,10000.0,
YEAR_2050,SNG_COMP_MH,,,10000.0,
YEAR_2050,SNG_EXP_EH,,,10000.0,
YEAR_2050,SNG_EXP_EH_COGEN,,,10000.0,
YEAR_2050,SNG_EXP_HM,,,10000.0,
YEAR_2050,SNG_EXP_HM_COGEN,,,10000.0,
YEAR_2050,SNG_EXP_ML,,,10000.0,
YEAR_2050,NG_EXP_ML_COGEN,,,10000.0,
YEAR_2050,NG_PYROLYSIS_PLASMA,4.028880541633789,,10000.0,33528.34386747639
YEAR_2050,NG_PYROLYSIS_THERMAL,,,10000.0,
YEAR_2050,NG_REFORMING,,,10000.0,
YEAR_2050,NG_STO,,,10000.0,
YEAR_2050,PEM_ELECTROLYSIS,,,10000.0,
YEAR_2050,PYROLYSIS,,,10000.0,
YEAR_2050,SNG_EXP_ML_COGEN,,,10000.0,
YEAR_2050,SNG_PYROLYSIS_PLASMA,,,10000.0,
YEAR_2050,SNG_PYROLYSIS_THERMAL,,,10000.0,
YEAR_2050,SNG_REFORMING,,,10000.0,
YEAR_2050,SNG_STO,,,10000.0,
YEAR_2050,SMART_PROCESS,,,10000.0,
YEAR_2050,SMR,4.686651073221329,,10000.0,
YEAR_2050,SOEC_ELECTROLYSIS,,,10000.0,
YEAR_2050,STO_CO2,,,10000.0,
YEAR_2050,STO_DIE,,,10000.0,
YEAR_2050,STO_ELEC,,,10000.0,
YEAR_2050,STO_GASO,,,10000.0,
YEAR_2050,STO_H2,503.3901372230604,,10000.0,653.2644933718362
YEAR_2050,STO_NG,,,10000.0,
YEAR_2050,STO_SNG,,,10000.0,
YEAR_2050,DAC_HT,,,10000.0,
YEAR_2050,DAC_LT,,,10000.0,
YEAR_2050,CARBON_CAPTURE,,,10000.0,
YEAR_2050,CARBON_CAPTURE_AMINES,,,10000.0,
YEAR_2050,CARBON_CAPTURE_MEMBRANES,3.390181465338372,,10000.0,25243.29119090952
YEAR_2050,CARBON_CAPTURE_MOF,,,10000.0,
YEAR_2050,CARBON_MINERALIZATION,0.2192886601182948,,10000.0,1632.823363240823
YEAR_2050,CARBON_TRANSPORT_INJECTION,2.290702413933697,,10000.0,15900.000000000004
YEAR_2050,CAR_BIODIESEL_B100,,,10000.0,
YEAR_2050,CAR_BIODIESEL_B20,,,10000.0,
YEAR_2050,CAR_CNG,,,10000.0,
YEAR_2050,CAR_CSNG,,,10000.0,
YEAR_2050,CAR_DIESEL,,,10000.0,
YEAR_2050,CAR_ETOH_E10,,,10000.0,
YEAR_2050,CAR_ETOH_E85,,,10000.0,
YEAR_2050,CAR_BIOETOH_E10,,,10000.0,
YEAR_2050,CAR_BIOETOH_E85,,,10000.0,
YEAR_2050,CAR_EV,97.27531291066374,,10000.0,43458.718795968125
YEAR_2050,CAR_FC_H2,,,10000.0,
YEAR_2050,CAR_GASOLINE,,,10000.0,
YEAR_2050,CAR_HEV,43.57431676138278,,10000.0,19467.261756315365
YEAR_2050,CAR_MEOH,,,10000.0,
YEAR_2050,CAR_BIOMEOH,,,10000.0,
YEAR_2050,CAR_PHEV,,,10000.0,
YEAR_2050,CAR_PROPANE,,,10000.0,
YEAR_2050,SUV_BIODIESEL_B100,,,10000.0,
YEAR_2050,SUV_BIODIESEL_B20,,,10000.0,
YEAR_2050,SUV_CNG,,,10000.0,
YEAR_2050,SUV_CSNG,,,10000.0,
YEAR_2050,SUV_DIESEL,,,10000.0,
YEAR_2050,SUV_ETOH_E10,,,10000.0,
YEAR_2050,SUV_ETOH_E85,,,10000.0,
YEAR_2050,SUV_BIOETOH_E10,,,10000.0,
YEAR_2050,SUV_BIOETOH_E85,,,10000.0,
YEAR_2050,SUV_EV,121.7335725502607,,10000.0,54385.690872554485
YEAR_2050,SUV_FC_H2,,,10000.0,
YEAR_2050,SUV_GASOLINE,,,10000.0,
YEAR_2050,SUV_HY_GASOLINE,,,10000.0,
YEAR_2050,SUV_PHEV_GASOLINE,,,10000.0,
YEAR_2050,SUV_PROPANE,,,10000.0,
YEAR_2050,BUS_BIODIESEL_B100,,,10000.0,
YEAR_2050,BUS_BIODIESEL_B20,,,10000.0,
YEAR_2050,BUS_CNG,0.574703060335048,,10000.0,1495.2164461349005
YEAR_2050,BUS_CSNG,,,10000.0,
YEAR_2050,BUS_DIESEL,,,10000.0,
YEAR_2050,BUS_GASOLINE,,,10000.0,
YEAR_2050,BUS_EV,,,10000.0,
YEAR_2050,BUS_FC_H2,,,10000.0,
YEAR_2050,BUS_HY_DIESEL,,,10000.0,
YEAR_2050,BUS_PROPANE,,,10000.0,
YEAR_2050,SCHOOLBUS_BIODIESEL_B100,,,10000.0,
YEAR_2050,SCHOOLBUS_BIODIESEL_B20,,,10000.0,
YEAR_2050,SCHOOLBUS_CNG,,,10000.0,
YEAR_2050,SCHOOLBUS_CSNG,,,10000.0,
YEAR_2050,SCHOOLBUS_DIESEL,,,10000.0,
YEAR_2050,SCHOOLBUS_ETOH_E10,,,10000.0,
YEAR_2050,SCHOOLBUS_BIOETOH_E10,,,10000.0,
YEAR_2050,SCHOOLBUS_EV,,,10000.0,
YEAR_2050,SCHOOLBUS_GASOLINE,1.452698522023951,,10000.0,3779.514798720154
YEAR_2050,SCHOOLBUS_HY_DIESEL,,,10000.0,
YEAR_2050,SCHOOLBUS_PROPANE,,,10000.0,
YEAR_2050,COACH_BIODIESEL_B100,,,10000.0,
YEAR_2050,COACH_BIODIESEL_B20,,,10000.0,
YEAR_2050,COACH_CNG,0.04749148893531963,,10000.0,123.55955659279978
YEAR_2050,COACH_CSNG,,,10000.0,
YEAR_2050,COACH_DIESEL,,,10000.0,
YEAR_2050,COACH_ETOH_E10,,,10000.0,
YEAR_2050,COACH_BIOETOH_E10,,,10000.0,
YEAR_2050,COACH_EV,,,10000.0,
YEAR_2050,COACH_GASOLINE,0.127978960408018,,10000.0,332.9654208727484
YEAR_2050,COACH_HY_DIESEL,,,10000.0,
YEAR_2050,COACH_PROPANE,,,10000.0,
YEAR_2050,COMMUTER_RAIL_DIESEL,0.01353207401476003,,10000.0,40.541011182299876
YEAR_2050,COMMUTER_RAIL_ELEC,0.6505470051878406,,10000.0,1948.986783782355
YEAR_2050,TRAIN_DIESEL,0.01766589647010867,,10000.0,
YEAR_2050,TRAIN_BIODIESEL,,,10000.0,
YEAR_2050,TRAIN_ELEC,0.02299081296721158,,10000.0,54.47255863646009
YEAR_2050,TRAIN_H2,,,10000.0,
YEAR_2050,TRAIN_NG,,,10000.0,
YEAR_2050,TRAIN_SNG,,,10000.0,
YEAR_2050,PLANE_SH,15.93420137646192,,10000.0,48714.67781617446
YEAR_2050,PLANE_LH,,,10000.0,
YEAR_2050,PLANE_SH_BIO,1.769326727699406,,10000.0,5409.256444991733
YEAR_2050,PLANE_LH_BIO,,,10000.0,
YEAR_2050,LCV_BIODIESEL_B100,,,10000.0,
YEAR_2050,LCV_BIODIESEL_B20,,,10000.0,
YEAR_2050,LCV_CNG,,,10000.0,
YEAR_2050,LCV_CSNG,,,10000.0,
YEAR_2050,LCV_DIESEL,,,10000.0,
YEAR_2050,LCV_GASOLINE,,,10000.0,
YEAR_2050,LCV_ETOH_E10,,,10000.0,
YEAR_2050,LCV_ETOH_E85,,,10000.0,
YEAR_2050,LCV_EV,,,10000.0,
YEAR_2050,LCV_FC_H2,15.38818265977766,,10000.0,12536.444649267662
YEAR_2050,LCV_PHEV_DIESEL,,,10000.0,
YEAR_2050,LCV_PROPANE,,,10000.0,
YEAR_2050,TRUCK_SH_BIODIESEL_B100,,,10000.0,
YEAR_2050,TRUCK_SH_BIODIESEL_B20,,,10000.0,
YEAR_2050,TRUCK_SH_CNG,,,10000.0,
YEAR_2050,TRUCK_SH_CSNG,,,10000.0,
YEAR_2050,TRUCK_SH_DIESEL,,,10000.0,
YEAR_2050,TRUCK_SH_GASOLINE,,,10000.0,
YEAR_2050,TRUCK_SH_EV,,,10000.0,
YEAR_2050,TRUCK_SH_HY_DIESEL,,,10000.0,
YEAR_2050,TRUCK_SH_PROPANE,,,10000.0,
YEAR_2050,SEMI_SH_BIODIESEL_B100,,,10000.0,
YEAR_2050,SEMI_SH_BIODIESEL_B20,,,10000.0,
YEAR_2050,SEMI_SH_CNG,,,10000.0,
YEAR_2050,SEMI_SH_CSNG,,,10000.0,
YEAR_2050,SEMI_SH_DIESEL,,,10000.0,
YEAR_2050,SEMI_SH_EV,,,10000.0,
YEAR_2050,SEMI_SH_FC_H2,,,10000.0,
YEAR_2050,SEMI_SH_HY_DIESEL,36.15151333418962,,10000.0,29451.9148830976
YEAR_2050,SEMI_SH_PROPANE,,,10000.0,
YEAR_2050,SEMI_LH_BIODIESEL_B100,,,10000.0,
YEAR_2050,SEMI_LH_BIODIESEL_B20,,,10000.0,
YEAR_2050,SEMI_LH_CNG,17.88184077427216,,10000.0,14567.978041984044
YEAR_2050,SEMI_LH_CSNG,,,10000.0,
YEAR_2050,SEMI_LH_DIESEL,,,10000.0,
YEAR_2050,SEMI_LH_EV,,,10000.0,
YEAR_2050,SEMI_LH_FC_H2,,,10000.0,
YEAR_2050,SEMI_LH_HY_DIESEL,25.5117225306203,,10000.0,20783.890111245746
YEAR_2050,SEMI_LH_PROPANE,,,10000.0,
YEAR_2050,TRAIN_FREIGHT_DIESEL,4.197007032898081,,10000.0,12573.897310000022
YEAR_2050,TRAIN_FREIGHT_BIODIESEL,,,10000.0,
YEAR_2050,TRAIN_FREIGHT_ELEC,7.048553275624976,,10000.0,21116.901729510377
YEAR_2050,TRAIN_FREIGHT_H2,,,10000.0,
YEAR_2050,TRAIN_FREIGHT_NG,,,10000.0,
YEAR_2050,TRAIN_FREIGHT_SNG,,,10000.0,
YEAR_2050,TRUCK_LH_BIODIESEL_B100,,,10000.0,
YEAR_2050,TRUCK_LH_BIODIESEL_B20,,,10000.0,
YEAR_2050,TRUCK_LH_CNG,,,10000.0,
YEAR_2050,TRUCK_LH_CSNG,,,10000.0,
YEAR_2050,TRUCK_LH_DIESEL,,,10000.0,
YEAR_2050,TRUCK_LH_GASOLINE,,,10000.0,
YEAR_2050,TRUCK_LH_EV,,,10000.0,
YEAR_2050,TRUCK_LH_HY_DIESEL,,,10000.0,
YEAR_2050,TRUCK_LH_PROPANE,,,10000.0,
YEAR_2050,PLANE_FREIGHT,0.12115949796769,,10000.0,636.8143213181784
YEAR_2050,PLANE_FREIGHT_BIO,0.01594199653473954,,10000.0,83.79113378659102
YEAR_2050,BULK_CARRIER,,,10000.0,
YEAR_2050,CONTAINER,,,10000.0,
YEAR_2050,OIL_TANKER,0.3062800258260417,,10000.0,1287.8462525933405
YEAR_2050,BULK_CARRIER_BIO,,,10000.0,
YEAR_2050,CONTAINER_BIO,,,10000.0,
YEAR_2050,OIL_TANKER_BIO,,,10000.0,
YEAR_2050,BULK_CARRIER_MEOH,7.955518980475781,,10000.0,38329.69044793232
YEAR_2050,CONTAINER_MEOH,1.864263219735551,,10000.0,11431.662063418396
YEAR_2050,OIL_TANKER_MEOH,3.851758037799828,,10000.0,16195.872197340716
YEAR_2050,BULK_CARRIER_BIOMEOH,,,10000.0,
YEAR_2050,CONTAINER_BIOMEOH,,,10000.0,
YEAR_2050,OIL_TANKER_BIOMEOH,,,10000.0,
