Name,Type,Product,Activity,Database
ACETIC_ACID,Resource,acetic acid,market for acetic acid,"image, remind, message, tiam-ucl"
ACETIC_ACID,Flow,acetic acid,market for acetic acid,"image, remind, message, tiam-ucl"
ACETONE,Resource,"acetone, liquid","market for acetone, liquid","image, remind, message, tiam-ucl"
ACETONE,Flow,"acetone, liquid","market for acetone, liquid","image, remind, message, tiam-ucl"
AFC,Construction,"fuel cell system, 1 kWe, proton exchange membrane (PEM)","fuel cell system assembly, 1 kWe, proton exchange membrane (PEM)","image, remind, message, tiam-ucl"
AFC,Operation,"electricity, from residential heating system","electricity, residential, by conversion of hydrogen using fuel cell, PEM, allocated by exergy, distributed by pipeline, produced by Electrolysis, PEM using electricity from grid","image, remind, message, tiam-ucl"
AL_MAKING,Construction,aluminium casting facility,aluminium casting facility construction,"image, remind, message, tiam-ucl"
AL_MAKING,Operation,"aluminium, primary, ingot","aluminium production, primary, ingot","image, remind, message, tiam-ucl"
AL_MAKING_HR,Construction,aluminium casting facility,aluminium casting facility construction,"image, remind, message, tiam-ucl"
AL_MAKING_HR,Operation,"aluminium, primary, ingot","aluminium production, primary, ingot","image, remind, message, tiam-ucl"
ALKALINE_ELECTROLYSIS,Operation,"hydrogen, gaseous, 20 bar","hydrogen production, gaseous, 20 bar, from AEC electrolysis, from grid electricity","image, remind, message, tiam-ucl"
ALKALINE_ELECTROLYSIS_PLANT,Construction,"electrolyzer, 1MWe, AEC, Balance of Plant","electrolyzer production, 1MWe, AEC, Balance of Plant","image, remind, message, tiam-ucl"
ALKALINE_ELECTROLYSIS_PLANT_DECOM,Construction,"used electrolyzer balance of plant, 1MWe, AEC","treatment of electrolyzer balance of plant, 1MWe, AEC","image, remind, message, tiam-ucl"
ALKALINE_ELECTROLYSIS_STACK,Construction,"electrolyzer, 1MWe, AEC, Stack","electrolyzer production, 1MWe, AEC, Stack","image, remind, message, tiam-ucl"
ALKALINE_ELECTROLYSIS_STACK_DECOM,Construction,"used electrolyzer stack, 1MWe, AEC","treatment of electrolyzer stack, 1MWe, AEC","image, remind, message, tiam-ucl"
ALUMINUM,Flow,"aluminium, primary, ingot","market for aluminium, primary, ingot","image, remind, message, tiam-ucl"
AN_DIG,Operation,biogas,anaerobic digestion of manure,"image, remind, message, tiam-ucl"
AN_DIG,Construction,"anaerobic digestion plant, for biowaste","anaerobic digestion plant construction, for biowaste","image, remind, message, tiam-ucl"
AN_DIG_SI,Operation,biogas,anaerobic digestion of manure,"image, remind, message, tiam-ucl"
AN_DIG_SI_COGEN,Construction,"heat and power co-generation unit, 160kW electrical, common components for heat+electricity","heat and power co-generation unit construction, 160kW electrical, common components for heat+electricity","image, remind, message, tiam-ucl"
AN_DIG_SI_PLANT,Construction,"anaerobic digestion plant, for biowaste","anaerobic digestion plant construction, for biowaste","image, remind, message, tiam-ucl"
ATR,Operation,"hydrogen, gaseous, low pressure","hydrogen production, auto-thermal reforming","image, remind, message, tiam-ucl"
ATR_CCS,Operation,"hydrogen, gaseous, low pressure","hydrogen production, auto-thermal reforming, with CCS","image, remind, message, tiam-ucl"
ATR_CCS_PLANT,Construction,"chemical factory, organics","chemical factory construction, organics","image, remind, message, tiam-ucl"
ATR_CCS_TANK,Construction,"liquid storage tank, chemicals, organics","market for liquid storage tank, chemicals, organics","image, remind, message, tiam-ucl"
ATR_PLANT,Construction,"chemical factory, organics","chemical factory construction, organics","image, remind, message, tiam-ucl"
ATR_TANK,Construction,"liquid storage tank, chemicals, organics","market for liquid storage tank, chemicals, organics","image, remind, message, tiam-ucl"
BATTERY,Construction,"battery, Li-ion, LiMn2O4, rechargeable","market for battery, Li-ion, LiMn2O4, rechargeable","image, remind, message, tiam-ucl"
BENZENE,Resource,benzene,market for benzene,"image, remind, message, tiam-ucl"
BENZENE,Flow,benzene,market for benzene,"image, remind, message, tiam-ucl"
BIO_DIESEL,Resource,"biodiesel, vehicle grade","biodiesel, from used cooking oil, at fuelling station","image, remind, message, tiam-ucl"
BIO_DIESEL,Flow,"biodiesel, vehicle grade","biodiesel, from used cooking oil, at fuelling station","image, remind, message, tiam-ucl"
BIO_ETHANOL,Resource,"ethanol, from corn","ethanol production, via fermentation, from corn, economic allocation","image, remind, message, tiam-ucl"
BIOETHANOL_TO_BIOJETFUELS,Construction,"chemical factory, organics","chemical factory construction, organics","image, remind, message, tiam-ucl"
BIOETHANOL_TO_BIOJETFUELS,Operation,"kerosene, synthetic","kerosene production, from methanol, hydrogen from coal gasification, energy allocation","image, remind, message, tiam-ucl"
BIOGAS_ATR,Operation,"hydrogen, gaseous, low pressure","hydrogen production, auto-thermal reforming, from biomethane","image, remind, message, tiam-ucl"
BIOGAS_ATR_CCS,Operation,"hydrogen, gaseous, low pressure","hydrogen production, auto-thermal reforming, from biomethane, with CCS","image, remind, message, tiam-ucl"
BIOGAS_ATR_CCS_PLANT,Construction,"chemical factory, organics","chemical factory construction, organics","image, remind, message, tiam-ucl"
BIOGAS_ATR_CCS_TANK,Construction,"liquid storage tank, chemicals, organics","market for liquid storage tank, chemicals, organics","image, remind, message, tiam-ucl"
BIOGAS_ATR_PLANT,Construction,"chemical factory, organics","chemical factory construction, organics","image, remind, message, tiam-ucl"
BIOGAS_ATR_TANK,Construction,"liquid storage tank, chemicals, organics","market for liquid storage tank, chemicals, organics","image, remind, message, tiam-ucl"
BIOGAS_BIOMETHANE,Construction,"chemical factory, organics","market for chemical factory, organics","image, remind, message, tiam-ucl"
BIOGAS_BIOMETHANE,Operation,"biomethane, from biogas upgrading, using amine scrubbing","biomethane production, from biogas upgrading, using amine scrubbing","image, remind, message, tiam-ucl"
BIOGAS_SMR,Operation,"hydrogen, gaseous, low pressure","hydrogen production, steam methane reforming, from biomethane","image, remind, message, tiam-ucl"
BIOGAS_SMR_CCS,Operation,"hydrogen, gaseous, low pressure","hydrogen production, steam methane reforming, from biomethane, with CCS","image, remind, message, tiam-ucl"
BIOGAS_SMR_CCS_PLANT,Construction,"chemical factory, organics","chemical factory construction, organics","image, remind, message, tiam-ucl"
BIOGAS_SMR_CCS_TANK,Construction,"liquid storage tank, chemicals, organics","market for liquid storage tank, chemicals, organics","image, remind, message, tiam-ucl"
BIOGAS_SMR_PLANT,Construction,"chemical factory, organics","chemical factory construction, organics","image, remind, message, tiam-ucl"
BIOGAS_SMR_TANK,Construction,"liquid storage tank, chemicals, organics","market for liquid storage tank, chemicals, organics","image, remind, message, tiam-ucl"
BIOMASS_AGRICULTURE_DEJECTION,Resource,"manure, solid, cattle","market for manure, solid, cattle","image, remind, message, tiam-ucl"
BIOMASS_AGRICULTURE_DEJECTION,Flow,"manure, solid, cattle","market for manure, solid, cattle","image, remind, message, tiam-ucl"
BIOMASS_AGRICULTURE_RESIDUAL,Resource,"waste wood, post-consumer, measured as dry mass","market for waste wood, post-consumer, measured as dry mass","image, remind, message, tiam-ucl"
BIOMASS_AGRICULTURE_RESIDUAL,Flow,"waste wood, post-consumer, measured as dry mass","market for waste wood, post-consumer, measured as dry mass","image, remind, message, tiam-ucl"
BIOMASS_FORESTRY_LEFTOVER1,Resource,"wood chips, green, measured as dry mass","market for wood chips, green, measured as dry mass","image, remind, message, tiam-ucl"
BIOMASS_FORESTRY_LEFTOVER1,Flow,"wood chips, green, measured as dry mass","market for wood chips, green, measured as dry mass","image, remind, message, tiam-ucl"
BIOMASS_FORESTRY_LEFTOVER2,Resource,"wood chips, green, measured as dry mass","market for wood chips, green, measured as dry mass","image, remind, message, tiam-ucl"
BIOMASS_FORESTRY_LEFTOVER2,Flow,"wood chips, green, measured as dry mass","market for wood chips, green, measured as dry mass","image, remind, message, tiam-ucl"
BIOMASS_FORESTRY_RESIDUAL,Resource,forest residue,supply of forest residue,"image, remind, message, tiam-ucl"
BIOMASS_FORESTRY_RESIDUAL,Flow,forest residue,supply of forest residue,"image, remind, message, tiam-ucl"
BIOMASS_FORESTRY_UNEXPLOITED,Resource,"wood chips, green, measured as dry mass","market for wood chips, green, measured as dry mass","image, remind, message, tiam-ucl"
BIOMASS_FORESTRY_UNEXPLOITED,Flow,"wood chips, green, measured as dry mass","market for wood chips, green, measured as dry mass","image, remind, message, tiam-ucl"
BIOMASS_GAS_EF_H2,Operation,"hydrogen, gaseous, 25 bar","hydrogen production, gaseous, 25 bar, from gasification of woody biomass in entrained flow gasifier, at gasification plant","image, remind, message, tiam-ucl"
BIOMASS_GAS_EF_H2_CCS,Operation,"hydrogen, gaseous, 25 bar","hydrogen production, gaseous, 25 bar, from gasification of woody biomass in entrained flow gasifier, with CCS, at gasification plant","image, remind, message, tiam-ucl"
BIOMASS_GAS_EF_H2_CCS_PLANT,Construction,synthetic gas factory,synthetic gas factory construction,"image, remind, message, tiam-ucl"
BIOMASS_GAS_EF_H2_CCS_TANK,Construction,"liquid storage tank, chemicals, organics","market for liquid storage tank, chemicals, organics","image, remind, message, tiam-ucl"
BIOMASS_GAS_EF_H2_PLANT,Construction,synthetic gas factory,synthetic gas factory construction,"image, remind, message, tiam-ucl"
BIOMASS_GAS_EF_H2_TANK,Construction,"liquid storage tank, chemicals, organics","market for liquid storage tank, chemicals, organics","image, remind, message, tiam-ucl"
BIOMASS_GAS_FB_H2,Operation,"hydrogen, gaseous, 25 bar","hydrogen production, gaseous, 25 bar, from gasification of woody biomass in entrained flow gasifier, at gasification plant","image, remind, message, tiam-ucl"
BIOMASS_GAS_FB_H2_CCS,Operation,"hydrogen, gaseous, 25 bar","hydrogen production, gaseous, 25 bar, from gasification of woody biomass in entrained flow gasifier, with CCS, at gasification plant","image, remind, message, tiam-ucl"
BIOMASS_GAS_FB_H2_CCS_PLANT,Construction,synthetic gas factory,synthetic gas factory construction,"image, remind, message, tiam-ucl"
BIOMASS_GAS_FB_H2_CCS_TANK,Construction,"liquid storage tank, chemicals, organics","market for liquid storage tank, chemicals, organics","image, remind, message, tiam-ucl"
BIOMASS_GAS_FB_H2_PLANT,Construction,synthetic gas factory,synthetic gas factory construction,"image, remind, message, tiam-ucl"
BIOMASS_GAS_FB_H2_TANK,Construction,"liquid storage tank, chemicals, organics","market for liquid storage tank, chemicals, organics","image, remind, message, tiam-ucl"
BIOMASS_WASTE_BUILDING,Resource,"waste wood, post-consumer, measured as dry mass","market for waste wood, post-consumer, measured as dry mass","image, remind, message, tiam-ucl"
BIOMASS_WASTE_BUILDING,Flow,"waste wood, post-consumer, measured as dry mass","market for waste wood, post-consumer, measured as dry mass","image, remind, message, tiam-ucl"
BIOMASS_WASTE_MUNICIPAL,Resource,municipal solid waste,market for municipal solid waste,"image, remind, message, tiam-ucl"
BIOMASS_WASTE_MUNICIPAL,Flow,municipal solid waste,market for municipal solid waste,"image, remind, message, tiam-ucl"
BIOMASS_WASTE_ORGANIC,Resource,municipal solid waste,market for municipal solid waste,"image, remind, message, tiam-ucl"
BIOMASS_WASTE_ORGANIC,Flow,municipal solid waste,market for municipal solid waste,"image, remind, message, tiam-ucl"
BIOMASS_WASTE_PAPER,Resource,"waste paper, unsorted","market for waste paper, unsorted","image, remind, message, tiam-ucl"
BIOMASS_WASTE_PAPER,Flow,"waste paper, unsorted","market for waste paper, unsorted","image, remind, message, tiam-ucl"
BIOMASS_WASTE_PAPER_FABRIC,Resource,municipal solid waste,market for municipal solid waste,"image, remind, message, tiam-ucl"
BIOMASS_WASTE_PAPER_FABRIC,Flow,municipal solid waste,market for municipal solid waste,"image, remind, message, tiam-ucl"
BIOMETHANE_TO_BIOMETHANOL,Construction,methanol factory,methanol factory construction,"image, remind, message, tiam-ucl"
BIOMETHANE_TO_BIOMETHANOL,Operation,methanol,"methanol production, from natural gas reforming","image, remind, message, tiam-ucl"
BIOMETHANOL_CARBONYLATION,Construction,"chemical factory, organics","chemical factory construction, organics","image, remind, message, tiam-ucl"
BIOMETHANOL_CARBONYLATION,Operation,acetic acid,"acetic acid production, from high-pressure methanol carbonylation","image, remind, message, tiam-ucl"
BIOMETHANOL_FT,Construction,methanol factory,methanol factory construction,"image, remind, message, tiam-ucl"
BIOMETHANOL_FT,Operation,"methanol, from biomass","methanol production, biomass gasification","image, remind, message, tiam-ucl"
BIOMETHANOL_TO_AROMATICS,Operation,"xylene, mixed","BTX production, from pyrolysis gas, average","image, remind, message, tiam-ucl"
BIOMETHANOL_TO_AROMATICS,Construction,"chemical factory, organics","chemical factory construction, organics","image, remind, message, tiam-ucl"
BIOMETHANOL_TO_OLEFINS,Operation,n-olefins,n-olefins production,"image, remind, message, tiam-ucl"
BIOMETHANOL_TO_OLEFINS,Construction,"chemical factory, organics","chemical factory construction, organics","image, remind, message, tiam-ucl"
BULK_CARRIER_BIO_ELD,Construction,"bulk carrier, for dry goods","bulk carrier production, for dry goods","image, remind, message, tiam-ucl"
BULK_CARRIER_BIO_ELD,Operation,"transport, freight, sea, bulk carrier for dry goods, heavy fuel oil","transport, freight, sea, bulk carrier for dry goods, heavy fuel oil","image, remind, message, tiam-ucl"
BULK_CARRIER_BIOMEOH_ELD,Construction,"bulk carrier, for dry goods","bulk carrier production, for dry goods","image, remind, message, tiam-ucl"
BULK_CARRIER_BIOMEOH_ELD,Operation,"transport, freight, sea, bulk carrier for dry goods, heavy fuel oil","transport, freight, sea, bulk carrier for dry goods, heavy fuel oil","image, remind, message, tiam-ucl"
BULK_CARRIER_ELD,Construction,"bulk carrier, for dry goods","bulk carrier production, for dry goods","image, remind, message, tiam-ucl"
BULK_CARRIER_ELD,Operation,"transport, freight, sea, bulk carrier for dry goods, heavy fuel oil","transport, freight, sea, bulk carrier for dry goods, heavy fuel oil","image, remind, message, tiam-ucl"
BULK_CARRIER_MEOH_ELD,Construction,"bulk carrier, for dry goods","bulk carrier production, for dry goods","image, remind, message, tiam-ucl"
BULK_CARRIER_MEOH_ELD,Operation,"transport, freight, sea, bulk carrier for dry goods, heavy fuel oil","transport, freight, sea, bulk carrier for dry goods, heavy fuel oil","image, remind, message, tiam-ucl"
BUS_BIODIESEL_B100_SD,Operation,"transport, passenger bus, EURO-VI","transport, passenger bus, diesel, 13m double deck urban bus, EURO-VI","image, remind, message, tiam-ucl"
BUS_BIODIESEL_B100_SD,Construction,"Passenger bus, EURO-VI","Passenger bus, diesel, 13m double deck urban bus, EURO-VI","image, remind, message, tiam-ucl"
BUS_BIODIESEL_B20_SD,Operation,"transport, passenger bus, EURO-VI","transport, passenger bus, diesel, 13m double deck urban bus, EURO-VI","image, remind, message, tiam-ucl"
BUS_BIODIESEL_B20_SD,Construction,"Passenger bus, EURO-VI","Passenger bus, diesel, 13m double deck urban bus, EURO-VI","image, remind, message, tiam-ucl"
BUS_CNG_SD,Operation,"transport, passenger bus, EURO-VI","transport, passenger bus, compressed gas, 13m double deck urban bus, EURO-VI","image, remind, message, tiam-ucl"
BUS_CNG_SD,Construction,"Passenger bus, EURO-VI","Passenger bus, compressed gas, 13m double deck urban bus, EURO-VI","image, remind, message, tiam-ucl"
BUS_CSNG_SD,Operation,"transport, passenger bus, EURO-VI","transport, passenger bus, compressed gas, 13m double deck urban bus, EURO-VI","image, remind, message, tiam-ucl"
BUS_CSNG_SD,Construction,"Passenger bus, EURO-VI","Passenger bus, compressed gas, 13m double deck urban bus, EURO-VI","image, remind, message, tiam-ucl"
BUS_DIESEL_SD,Operation,"transport, passenger bus, EURO-VI","transport, passenger bus, diesel, 13m double deck urban bus, EURO-VI","image, remind, message, tiam-ucl"
BUS_DIESEL_SD,Construction,"Passenger bus, EURO-VI","Passenger bus, diesel, 13m double deck urban bus, EURO-VI","image, remind, message, tiam-ucl"
BUS_EV_SD,Construction,passenger bus,"passenger bus, battery electric - overnight charging, 13m double deck urban bus","image, remind, message, tiam-ucl"
BUS_EV_SD,Operation,"transport, passenger bus","transport, passenger bus, battery electric - overnight charging, 13m double deck urban bus","image, remind, message, tiam-ucl"
BUS_FC_H2_SD,Construction,passenger bus,"passenger bus, fuel cell electric, 13m double deck urban bus","image, remind, message, tiam-ucl"
BUS_FC_H2_SD,Operation,"transport, passenger bus","transport, passenger bus, fuel cell electric, 13m double deck urban bus","image, remind, message, tiam-ucl"
BUS_GASOLINE_SD,Operation,"transport, passenger bus, EURO-VI","transport, passenger bus, diesel, 13m double deck urban bus, EURO-VI","image, remind, message, tiam-ucl"
BUS_GASOLINE_SD,Construction,"Passenger bus, EURO-VI","Passenger bus, diesel, 13m double deck urban bus, EURO-VI","image, remind, message, tiam-ucl"
BUS_HY_DIESEL_SD,Operation,"transport, passenger bus, EURO-VI","transport, passenger bus, diesel hybrid, 13m double deck urban bus, EURO-VI","image, remind, message, tiam-ucl"
BUS_HY_DIESEL_SD,Construction,"Passenger bus, EURO-VI","Passenger bus, diesel hybrid, 13m double deck urban bus, EURO-VI","image, remind, message, tiam-ucl"
BUS_PROPANE_SD,Construction,"Passenger bus, EURO-VI","Passenger bus, compressed gas, 13m double deck urban bus, EURO-VI","image, remind, message, tiam-ucl"
BUS_PROPANE_SD,Operation,"transport, passenger bus, EURO-VI","transport, passenger bus, compressed gas, 13m double deck urban bus, EURO-VI","image, remind, message, tiam-ucl"
CAR_BIODIESEL_B100_ELD,Operation,"transport, passenger car, EURO-6ab","transport, passenger car, diesel, Medium, EURO-6ab","image, remind, message, tiam-ucl"
CAR_BIODIESEL_B100_ELD,Construction,"Passenger car, EURO-6ab","Passenger car, diesel, Medium, EURO-6ab","image, remind, message, tiam-ucl"
CAR_BIODIESEL_B100_LD,Operation,"transport, passenger car, EURO-6ab","transport, passenger car, diesel, Medium, EURO-6ab","image, remind, message, tiam-ucl"
CAR_BIODIESEL_B100_LD,Construction,"Passenger car, EURO-6ab","Passenger car, diesel, Medium, EURO-6ab","image, remind, message, tiam-ucl"
CAR_BIODIESEL_B100_MD,Construction,"Passenger car, EURO-6ab","Passenger car, diesel, Medium, EURO-6ab","image, remind, message, tiam-ucl"
CAR_BIODIESEL_B100_MD,Operation,"transport, passenger car, EURO-6ab","transport, passenger car, diesel, Medium, EURO-6ab","image, remind, message, tiam-ucl"
CAR_BIODIESEL_B100_SD,Construction,"Passenger car, EURO-6ab","Passenger car, diesel, Medium, EURO-6ab","image, remind, message, tiam-ucl"
CAR_BIODIESEL_B100_SD,Operation,"transport, passenger car, EURO-6ab","transport, passenger car, diesel, Medium, EURO-6ab","image, remind, message, tiam-ucl"
CAR_BIODIESEL_B20_ELD,Operation,"transport, passenger car, EURO-6ab","transport, passenger car, diesel, Medium, EURO-6ab","image, remind, message, tiam-ucl"
CAR_BIODIESEL_B20_ELD,Construction,"Passenger car, EURO-6ab","Passenger car, diesel, Medium, EURO-6ab","image, remind, message, tiam-ucl"
CAR_BIODIESEL_B20_LD,Operation,"transport, passenger car, EURO-6ab","transport, passenger car, diesel, Medium, EURO-6ab","image, remind, message, tiam-ucl"
CAR_BIODIESEL_B20_LD,Construction,"Passenger car, EURO-6ab","Passenger car, diesel, Medium, EURO-6ab","image, remind, message, tiam-ucl"
CAR_BIODIESEL_B20_MD,Operation,"transport, passenger car, EURO-6ab","transport, passenger car, diesel, Medium, EURO-6ab","image, remind, message, tiam-ucl"
CAR_BIODIESEL_B20_MD,Construction,"Passenger car, EURO-6ab","Passenger car, diesel, Medium, EURO-6ab","image, remind, message, tiam-ucl"
CAR_BIODIESEL_B20_SD,Construction,"Passenger car, EURO-6ab","Passenger car, diesel, Medium, EURO-6ab","image, remind, message, tiam-ucl"
CAR_BIODIESEL_B20_SD,Operation,"transport, passenger car, EURO-6ab","transport, passenger car, diesel, Medium, EURO-6ab","image, remind, message, tiam-ucl"
CAR_BIOETOH_E10_ELD,Operation,"transport, passenger car, EURO-6ab","transport, passenger car, gasoline, Medium, EURO-6ab","image, remind, message, tiam-ucl"
CAR_BIOETOH_E10_ELD,Construction,"Passenger car, EURO-6ab","Passenger car, gasoline, Medium, EURO-6ab","image, remind, message, tiam-ucl"
CAR_BIOETOH_E10_LD,Operation,"transport, passenger car, EURO-6ab","transport, passenger car, gasoline, Medium, EURO-6ab","image, remind, message, tiam-ucl"
CAR_BIOETOH_E10_LD,Construction,"Passenger car, EURO-6ab","Passenger car, gasoline, Medium, EURO-6ab","image, remind, message, tiam-ucl"
CAR_BIOETOH_E10_MD,Operation,"transport, passenger car, EURO-6ab","transport, passenger car, gasoline, Medium, EURO-6ab","image, remind, message, tiam-ucl"
CAR_BIOETOH_E10_MD,Construction,"Passenger car, EURO-6ab","Passenger car, gasoline, Medium, EURO-6ab","image, remind, message, tiam-ucl"
CAR_BIOETOH_E10_SD,Construction,"Passenger car, EURO-6ab","Passenger car, gasoline, Medium, EURO-6ab","image, remind, message, tiam-ucl"
CAR_BIOETOH_E10_SD,Operation,"transport, passenger car, EURO-6ab","transport, passenger car, gasoline, Medium, EURO-6ab","image, remind, message, tiam-ucl"
CAR_BIOETOH_E85_ELD,Operation,"transport, passenger car, EURO-6ab","transport, passenger car, gasoline, Medium, EURO-6ab","image, remind, message, tiam-ucl"
CAR_BIOETOH_E85_ELD,Construction,"Passenger car, EURO-6ab","Passenger car, gasoline, Medium, EURO-6ab","image, remind, message, tiam-ucl"
CAR_BIOETOH_E85_LD,Construction,"Passenger car, EURO-6ab","Passenger car, gasoline, Medium, EURO-6ab","image, remind, message, tiam-ucl"
CAR_BIOETOH_E85_LD,Operation,"transport, passenger car, EURO-6ab","transport, passenger car, gasoline, Medium, EURO-6ab","image, remind, message, tiam-ucl"
CAR_BIOETOH_E85_MD,Operation,"transport, passenger car, EURO-6ab","transport, passenger car, gasoline, Medium, EURO-6ab","image, remind, message, tiam-ucl"
CAR_BIOETOH_E85_MD,Construction,"Passenger car, EURO-6ab","Passenger car, gasoline, Medium, EURO-6ab","image, remind, message, tiam-ucl"
CAR_BIOETOH_E85_SD,Construction,"Passenger car, EURO-6ab","Passenger car, gasoline, Medium, EURO-6ab","image, remind, message, tiam-ucl"
CAR_BIOETOH_E85_SD,Operation,"transport, passenger car, EURO-6ab","transport, passenger car, gasoline, Medium, EURO-6ab","image, remind, message, tiam-ucl"
CAR_BIOMEOH_ELD,Construction,"Passenger car, EURO-6ab","Passenger car, gasoline, Medium, EURO-6ab","image, remind, message, tiam-ucl"
CAR_BIOMEOH_ELD,Operation,"transport, passenger car, EURO-6ab","transport, passenger car, gasoline, Medium, EURO-6ab","image, remind, message, tiam-ucl"
CAR_BIOMEOH_LD,Construction,"Passenger car, EURO-6ab","Passenger car, gasoline, Medium, EURO-6ab","image, remind, message, tiam-ucl"
CAR_BIOMEOH_LD,Operation,"transport, passenger car, EURO-6ab","transport, passenger car, gasoline, Medium, EURO-6ab","image, remind, message, tiam-ucl"
CAR_BIOMEOH_MD,Construction,"Passenger car, EURO-6ab","Passenger car, gasoline, Medium, EURO-6ab","image, remind, message, tiam-ucl"
CAR_BIOMEOH_MD,Operation,"transport, passenger car, EURO-6ab","transport, passenger car, gasoline, Medium, EURO-6ab","image, remind, message, tiam-ucl"
CAR_BIOMEOH_SD,Construction,"Passenger car, EURO-6ab","Passenger car, gasoline, Medium, EURO-6ab","image, remind, message, tiam-ucl"
CAR_BIOMEOH_SD,Operation,"transport, passenger car, EURO-6ab","transport, passenger car, gasoline, Medium, EURO-6ab","image, remind, message, tiam-ucl"
CAR_CNG_ELD,Operation,"transport, passenger car, EURO-6ab","transport, passenger car, compressed gas, Medium, EURO-6ab","image, remind, message, tiam-ucl"
CAR_CNG_ELD,Construction,"Passenger car, EURO-6ab","Passenger car, compressed gas, Medium, EURO-6ab","image, remind, message, tiam-ucl"
CAR_CNG_LD,Operation,"transport, passenger car, EURO-6ab","transport, passenger car, compressed gas, Medium, EURO-6ab","image, remind, message, tiam-ucl"
CAR_CNG_LD,Construction,"Passenger car, EURO-6ab","Passenger car, compressed gas, Medium, EURO-6ab","image, remind, message, tiam-ucl"
CAR_CNG_MD,Operation,"transport, passenger car, EURO-6ab","transport, passenger car, compressed gas, Medium, EURO-6ab","image, remind, message, tiam-ucl"
CAR_CNG_MD,Construction,"Passenger car, EURO-6ab","Passenger car, compressed gas, Medium, EURO-6ab","image, remind, message, tiam-ucl"
CAR_CNG_SD,Construction,"Passenger car, EURO-6ab","Passenger car, compressed gas, Medium, EURO-6ab","image, remind, message, tiam-ucl"
CAR_CNG_SD,Operation,"transport, passenger car, EURO-6ab","transport, passenger car, compressed gas, Medium, EURO-6ab","image, remind, message, tiam-ucl"
CAR_CSNG_ELD,Operation,"transport, passenger car, EURO-6ab","transport, passenger car, compressed gas, Medium, EURO-6ab","image, remind, message, tiam-ucl"
CAR_CSNG_ELD,Construction,"Passenger car, EURO-6ab","Passenger car, compressed gas, Medium, EURO-6ab","image, remind, message, tiam-ucl"
CAR_CSNG_LD,Operation,"transport, passenger car, EURO-6ab","transport, passenger car, compressed gas, Medium, EURO-6ab","image, remind, message, tiam-ucl"
CAR_CSNG_LD,Construction,"Passenger car, EURO-6ab","Passenger car, compressed gas, Medium, EURO-6ab","image, remind, message, tiam-ucl"
CAR_CSNG_MD,Operation,"transport, passenger car, EURO-6ab","transport, passenger car, compressed gas, Medium, EURO-6ab","image, remind, message, tiam-ucl"
CAR_CSNG_MD,Construction,"Passenger car, EURO-6ab","Passenger car, compressed gas, Medium, EURO-6ab","image, remind, message, tiam-ucl"
CAR_CSNG_SD,Construction,"Passenger car, EURO-6ab","Passenger car, compressed gas, Medium, EURO-6ab","image, remind, message, tiam-ucl"
CAR_CSNG_SD,Operation,"transport, passenger car, EURO-6ab","transport, passenger car, compressed gas, Medium, EURO-6ab","image, remind, message, tiam-ucl"
CAR_DIESEL_ELD,Construction,"Passenger car, EURO-6ab","Passenger car, diesel, Medium, EURO-6ab","image, remind, message, tiam-ucl"
CAR_DIESEL_ELD,Operation,"transport, passenger car, EURO-6ab","transport, passenger car, diesel, Medium, EURO-6ab","image, remind, message, tiam-ucl"
CAR_DIESEL_LD,Operation,"transport, passenger car, EURO-6ab","transport, passenger car, diesel, Medium, EURO-6ab","image, remind, message, tiam-ucl"
CAR_DIESEL_LD,Construction,"Passenger car, EURO-6ab","Passenger car, diesel, Medium, EURO-6ab","image, remind, message, tiam-ucl"
CAR_DIESEL_MD,Construction,"Passenger car, EURO-6ab","Passenger car, diesel, Medium, EURO-6ab","image, remind, message, tiam-ucl"
CAR_DIESEL_MD,Operation,"transport, passenger car, EURO-6ab","transport, passenger car, diesel, Medium, EURO-6ab","image, remind, message, tiam-ucl"
CAR_DIESEL_SD,Construction,"Passenger car, EURO-6ab","Passenger car, diesel, Medium, EURO-6ab","image, remind, message, tiam-ucl"
CAR_DIESEL_SD,Operation,"transport, passenger car, EURO-6ab","transport, passenger car, diesel, Medium, EURO-6ab","image, remind, message, tiam-ucl"
CAR_ETOH_E10_ELD,Operation,"transport, passenger car, EURO-6ab","transport, passenger car, gasoline, Medium, EURO-6ab","image, remind, message, tiam-ucl"
CAR_ETOH_E10_ELD,Construction,"Passenger car, EURO-6ab","Passenger car, gasoline, Medium, EURO-6ab","image, remind, message, tiam-ucl"
CAR_ETOH_E10_LD,Operation,"transport, passenger car, EURO-6ab","transport, passenger car, gasoline, Medium, EURO-6ab","image, remind, message, tiam-ucl"
CAR_ETOH_E10_LD,Construction,"Passenger car, EURO-6ab","Passenger car, gasoline, Medium, EURO-6ab","image, remind, message, tiam-ucl"
CAR_ETOH_E10_MD,Operation,"transport, passenger car, EURO-6ab","transport, passenger car, gasoline, Medium, EURO-6ab","image, remind, message, tiam-ucl"
CAR_ETOH_E10_MD,Construction,"Passenger car, EURO-6ab","Passenger car, gasoline, Medium, EURO-6ab","image, remind, message, tiam-ucl"
CAR_ETOH_E10_SD,Construction,"Passenger car, EURO-6ab","Passenger car, gasoline, Medium, EURO-6ab","image, remind, message, tiam-ucl"
CAR_ETOH_E10_SD,Operation,"transport, passenger car, EURO-6ab","transport, passenger car, gasoline, Medium, EURO-6ab","image, remind, message, tiam-ucl"
CAR_ETOH_E85_ELD,Operation,"transport, passenger car, EURO-6ab","transport, passenger car, gasoline, Medium, EURO-6ab","image, remind, message, tiam-ucl"
CAR_ETOH_E85_ELD,Construction,"Passenger car, EURO-6ab","Passenger car, gasoline, Medium, EURO-6ab","image, remind, message, tiam-ucl"
CAR_ETOH_E85_LD,Construction,"Passenger car, EURO-6ab","Passenger car, gasoline, Medium, EURO-6ab","image, remind, message, tiam-ucl"
CAR_ETOH_E85_LD,Operation,"transport, passenger car, EURO-6ab","transport, passenger car, gasoline, Medium, EURO-6ab","image, remind, message, tiam-ucl"
CAR_ETOH_E85_MD,Operation,"transport, passenger car, EURO-6ab","transport, passenger car, gasoline, Medium, EURO-6ab","image, remind, message, tiam-ucl"
CAR_ETOH_E85_MD,Construction,"Passenger car, EURO-6ab","Passenger car, gasoline, Medium, EURO-6ab","image, remind, message, tiam-ucl"
CAR_ETOH_E85_SD,Construction,"Passenger car, EURO-6ab","Passenger car, gasoline, Medium, EURO-6ab","image, remind, message, tiam-ucl"
CAR_ETOH_E85_SD,Operation,"transport, passenger car, EURO-6ab","transport, passenger car, gasoline, Medium, EURO-6ab","image, remind, message, tiam-ucl"
CAR_EV_ELD,Operation,"transport, passenger car","transport, passenger car, battery electric, Medium","image, remind, message, tiam-ucl"
CAR_EV_ELD,Construction,passenger car,"passenger car, battery electric, Medium","image, remind, message, tiam-ucl"
CAR_EV_LD,Operation,"transport, passenger car","transport, passenger car, battery electric, Medium","image, remind, message, tiam-ucl"
CAR_EV_LD,Construction,passenger car,"passenger car, battery electric, Medium","image, remind, message, tiam-ucl"
CAR_EV_MD,Operation,"transport, passenger car","transport, passenger car, battery electric, Medium","image, remind, message, tiam-ucl"
CAR_EV_MD,Construction,passenger car,"passenger car, battery electric, Medium","image, remind, message, tiam-ucl"
CAR_EV_SD,Operation,"transport, passenger car","transport, passenger car, battery electric, Medium","image, remind, message, tiam-ucl"
CAR_EV_SD,Construction,passenger car,"passenger car, battery electric, Medium","image, remind, message, tiam-ucl"
CAR_FC_H2_ELD,Construction,passenger car,"passenger car, fuel cell electric, Medium","image, remind, message, tiam-ucl"
CAR_FC_H2_ELD,Operation,"transport, passenger car","transport, passenger car, fuel cell electric, Medium","image, remind, message, tiam-ucl"
CAR_FC_H2_LD,Construction,passenger car,"passenger car, fuel cell electric, Medium","image, remind, message, tiam-ucl"
CAR_FC_H2_LD,Operation,"transport, passenger car","transport, passenger car, fuel cell electric, Medium","image, remind, message, tiam-ucl"
CAR_FC_H2_MD,Construction,passenger car,"passenger car, fuel cell electric, Medium","image, remind, message, tiam-ucl"
CAR_FC_H2_MD,Operation,"transport, passenger car","transport, passenger car, fuel cell electric, Medium","image, remind, message, tiam-ucl"
CAR_FC_H2_SD,Construction,passenger car,"passenger car, fuel cell electric, Medium","image, remind, message, tiam-ucl"
CAR_FC_H2_SD,Operation,"transport, passenger car","transport, passenger car, fuel cell electric, Medium","image, remind, message, tiam-ucl"
CAR_GASOLINE_ELD,Construction,"Passenger car, EURO-6ab","Passenger car, gasoline, Medium, EURO-6ab","image, remind, message, tiam-ucl"
CAR_GASOLINE_ELD,Operation,"transport, passenger car, EURO-6ab","transport, passenger car, gasoline, Medium, EURO-6ab","image, remind, message, tiam-ucl"
CAR_GASOLINE_LD,Construction,"Passenger car, EURO-6ab","Passenger car, gasoline, Medium, EURO-6ab","image, remind, message, tiam-ucl"
CAR_GASOLINE_LD,Operation,"transport, passenger car, EURO-6ab","transport, passenger car, gasoline, Medium, EURO-6ab","image, remind, message, tiam-ucl"
CAR_GASOLINE_MD,Operation,"transport, passenger car, EURO-6ab","transport, passenger car, gasoline, Medium, EURO-6ab","image, remind, message, tiam-ucl"
CAR_GASOLINE_MD,Construction,"Passenger car, EURO-6ab","Passenger car, gasoline, Medium, EURO-6ab","image, remind, message, tiam-ucl"
CAR_GASOLINE_SD,Operation,"transport, passenger car, EURO-6ab","transport, passenger car, gasoline, Medium, EURO-6ab","image, remind, message, tiam-ucl"
CAR_GASOLINE_SD,Construction,"Passenger car, EURO-6ab","Passenger car, gasoline, Medium, EURO-6ab","image, remind, message, tiam-ucl"
CAR_HEV_ELD,Operation,"transport, passenger car, EURO-6ab","transport, passenger car, gasoline hybrid, Medium, EURO-6ab","image, remind, message, tiam-ucl"
CAR_HEV_ELD,Construction,"Passenger car, EURO-6ab","Passenger car, gasoline hybrid, Medium, EURO-6ab","image, remind, message, tiam-ucl"
CAR_HEV_LD,Operation,"transport, passenger car, EURO-6ab","transport, passenger car, gasoline hybrid, Medium, EURO-6ab","image, remind, message, tiam-ucl"
CAR_HEV_LD,Construction,"Passenger car, EURO-6ab","Passenger car, gasoline hybrid, Medium, EURO-6ab","image, remind, message, tiam-ucl"
CAR_HEV_MD,Operation,"transport, passenger car, EURO-6ab","transport, passenger car, gasoline hybrid, Medium, EURO-6ab","image, remind, message, tiam-ucl"
CAR_HEV_MD,Construction,"Passenger car, EURO-6ab","Passenger car, gasoline hybrid, Medium, EURO-6ab","image, remind, message, tiam-ucl"
CAR_HEV_SD,Operation,"transport, passenger car, EURO-6ab","transport, passenger car, gasoline hybrid, Medium, EURO-6ab","image, remind, message, tiam-ucl"
CAR_HEV_SD,Construction,"Passenger car, EURO-6ab","Passenger car, gasoline hybrid, Medium, EURO-6ab","image, remind, message, tiam-ucl"
CAR_MEOH_ELD,Construction,"Passenger car, EURO-6ab","Passenger car, gasoline, Medium, EURO-6ab","image, remind, message, tiam-ucl"
CAR_MEOH_ELD,Operation,"transport, passenger car, EURO-6ab","transport, passenger car, gasoline, Medium, EURO-6ab","image, remind, message, tiam-ucl"
CAR_MEOH_LD,Construction,"Passenger car, EURO-6ab","Passenger car, gasoline, Medium, EURO-6ab","image, remind, message, tiam-ucl"
CAR_MEOH_LD,Operation,"transport, passenger car, EURO-6ab","transport, passenger car, gasoline, Medium, EURO-6ab","image, remind, message, tiam-ucl"
CAR_MEOH_MD,Construction,"Passenger car, EURO-6ab","Passenger car, gasoline, Medium, EURO-6ab","image, remind, message, tiam-ucl"
CAR_MEOH_MD,Operation,"transport, passenger car, EURO-6ab","transport, passenger car, gasoline, Medium, EURO-6ab","image, remind, message, tiam-ucl"
CAR_MEOH_SD,Construction,"Passenger car, EURO-6ab","Passenger car, gasoline, Medium, EURO-6ab","image, remind, message, tiam-ucl"
CAR_MEOH_SD,Operation,"transport, passenger car, EURO-6ab","transport, passenger car, gasoline, Medium, EURO-6ab","image, remind, message, tiam-ucl"
CAR_PHEV_ELD,Operation,"transport, passenger car, EURO-6ab","transport, passenger car, plugin gasoline hybrid, Medium, EURO-6ab","image, remind, message, tiam-ucl"
CAR_PHEV_ELD,Construction,"Passenger car, EURO-6ab","Passenger car, plugin gasoline hybrid, Medium, EURO-6ab","image, remind, message, tiam-ucl"
CAR_PHEV_LD,Construction,"Passenger car, EURO-6ab","Passenger car, plugin gasoline hybrid, Medium, EURO-6ab","image, remind, message, tiam-ucl"
CAR_PHEV_LD,Operation,"transport, passenger car, EURO-6ab","transport, passenger car, plugin gasoline hybrid, Medium, EURO-6ab","image, remind, message, tiam-ucl"
CAR_PHEV_MD,Operation,"transport, passenger car, EURO-6ab","transport, passenger car, plugin gasoline hybrid, Medium, EURO-6ab","image, remind, message, tiam-ucl"
CAR_PHEV_MD,Construction,"Passenger car, EURO-6ab","Passenger car, plugin gasoline hybrid, Medium, EURO-6ab","image, remind, message, tiam-ucl"
CAR_PHEV_SD,Operation,"transport, passenger car, EURO-6ab","transport, passenger car, plugin gasoline hybrid, Medium, EURO-6ab","image, remind, message, tiam-ucl"
CAR_PHEV_SD,Construction,"Passenger car, EURO-6ab","Passenger car, plugin gasoline hybrid, Medium, EURO-6ab","image, remind, message, tiam-ucl"
CAR_PROPANE_ELD,Operation,"transport, passenger car, EURO-6ab","transport, passenger car, compressed gas, Medium, EURO-6ab","image, remind, message, tiam-ucl"
CAR_PROPANE_ELD,Construction,"Passenger car, EURO-6ab","Passenger car, compressed gas, Medium, EURO-6ab","image, remind, message, tiam-ucl"
CAR_PROPANE_LD,Operation,"transport, passenger car, EURO-6ab","transport, passenger car, compressed gas, Medium, EURO-6ab","image, remind, message, tiam-ucl"
CAR_PROPANE_LD,Construction,"Passenger car, EURO-6ab","Passenger car, compressed gas, Medium, EURO-6ab","image, remind, message, tiam-ucl"
CAR_PROPANE_MD,Operation,"transport, passenger car, EURO-6ab","transport, passenger car, compressed gas, Medium, EURO-6ab","image, remind, message, tiam-ucl"
CAR_PROPANE_MD,Construction,"Passenger car, EURO-6ab","Passenger car, compressed gas, Medium, EURO-6ab","image, remind, message, tiam-ucl"
CAR_PROPANE_SD,Operation,"transport, passenger car, EURO-6ab","transport, passenger car, compressed gas, Medium, EURO-6ab","image, remind, message, tiam-ucl"
CAR_PROPANE_SD,Construction,"Passenger car, EURO-6ab","Passenger car, compressed gas, Medium, EURO-6ab","image, remind, message, tiam-ucl"
CARBON_CAPTURE,Operation,"carbon dioxide, captured","carbon dioxide, captured, at cement production plant, using monoethanolamine","image, remind, message, tiam-ucl"
CARBON_CAPTURE_AMINES,Operation,"carbon dioxide, captured","carbon dioxide, captured, at cement production plant, using monoethanolamine","image, remind, message, tiam-ucl"
CARBON_CAPTURE_MEMBRANES,Operation,"carbon dioxide, captured","carbon dioxide, captured, at cement production plant, using direct separation","image, remind, message, tiam-ucl"
CARBON_CAPTURE_MOF,Operation,"carbon dioxide, captured","carbon dioxide, captured, at cement production plant, using direct separation","image, remind, message, tiam-ucl"
CARBON_TRANSPORT_INJECTION,Operation,"carbon dioxide storage from hard coal, post, pipeline 200km, storage 1000m","carbon dioxide storage from hard coal, post, pipeline 200km, storage 1000m","image, remind, message, tiam-ucl"
CCGT,Construction,"NGCC power plant, 400MWe","market for gas power plant, combined cycle, 400MW electrical","image, remind, message, tiam-ucl"
CCGT,Operation,"electricity, high voltage","electricity production, at natural gas-fired combined cycle power plant","image, remind, message, tiam-ucl"
CCGT_BIOGAS,Construction,"NGCC power plant, 400MWe","market for gas power plant, combined cycle, 400MW electrical","image, remind, message, tiam-ucl"
CCGT_BIOGAS,Operation,"electricity, high voltage","electricity production, at natural gas-fired combined cycle power plant","image, remind, message, tiam-ucl"
CCGT_BIOGAS_CC,Operation,"electricity, high voltage","electricity production, at natural gas-fired combined cycle power plant, post, pipeline 200km, storage 1000m","image, remind, message, tiam-ucl"
CCGT_BIOGAS_CC,Construction,"NGCC power plant, 400MWe","market for gas power plant, combined cycle, 400MW electrical","image, remind, message, tiam-ucl"
CCGT_CC,Operation,"electricity, high voltage","electricity production, at natural gas-fired combined cycle power plant, post, pipeline 200km, storage 1000m","image, remind, message, tiam-ucl"
CCGT_CC,Construction,"NGCC power plant, 400MWe","market for gas power plant, combined cycle, 400MW electrical","image, remind, message, tiam-ucl"
CEMENT,Flow,"cement, unspecified","market for cement, unspecified","image, remind, message, tiam-ucl"
CEMENT_PROD,Operation,"cement, CEM II/B","cement production, CEM II/B","image, remind, message, tiam-ucl"
CEMENT_PROD,Construction,cement factory,cement factory construction,"image, remind, message, tiam-ucl"
CEMENT_PROD_HP,Operation,"cement, CEM II/B","cement production, CEM II/B","image, remind, message, tiam-ucl"
CEMENT_PROD_HP,Construction,cement factory,cement factory construction,"image, remind, message, tiam-ucl"
CO2_C,Flow,"carbon dioxide, liquid","market for carbon dioxide, liquid","image, remind, message, tiam-ucl"
CO2_METHANOL,Operation,methanol,"methanol production, from natural gas reforming","image, remind, message, tiam-ucl"
CO2_METHANOL,Construction,methanol factory,methanol factory construction,"image, remind, message, tiam-ucl"
CO2_STO,Construction,"liquid storage tank, chemicals, organics","market for liquid storage tank, chemicals, organics","image, remind, message, tiam-ucl"
CO2_TO_DIESEL,Operation,"diesel, synthetic","diesel production, synthetic, Fischer Tropsch process, hydrogen from electrolysis, energy allocation","image, remind, message, tiam-ucl"
CO2_TO_DIESEL,Construction,petroleum refinery,petroleum refinery construction,"image, remind, message, tiam-ucl"
CO2_TO_JETFUELS,Operation,"kerosene, synthetic","kerosene production, from methanol, hydrogen from electrolysis, CO2 from cement plant, energy allocation","image, remind, message, tiam-ucl"
CO2_TO_JETFUELS,Construction,petroleum refinery,petroleum refinery construction,"image, remind, message, tiam-ucl"
COACH_BIODIESEL_B100_ELD,Operation,"transport, passenger bus, EURO-VI","transport, passenger bus, diesel, 13m single deck coach bus, EURO-VI","image, remind, message, tiam-ucl"
COACH_BIODIESEL_B100_ELD,Construction,"Passenger bus, EURO-VI","Passenger bus, diesel, 13m single deck coach bus, EURO-VI","image, remind, message, tiam-ucl"
COACH_BIODIESEL_B100_LD,Operation,"transport, passenger bus, EURO-VI","transport, passenger bus, diesel, 13m single deck coach bus, EURO-VI","image, remind, message, tiam-ucl"
COACH_BIODIESEL_B100_LD,Construction,"Passenger bus, EURO-VI","Passenger bus, diesel, 13m single deck coach bus, EURO-VI","image, remind, message, tiam-ucl"
COACH_BIODIESEL_B100_MD,Construction,"Passenger bus, EURO-VI","Passenger bus, diesel, 13m single deck coach bus, EURO-VI","image, remind, message, tiam-ucl"
COACH_BIODIESEL_B100_MD,Operation,"transport, passenger bus, EURO-VI","transport, passenger bus, diesel, 13m single deck coach bus, EURO-VI","image, remind, message, tiam-ucl"
COACH_BIODIESEL_B20_ELD,Operation,"transport, passenger bus, EURO-VI","transport, passenger bus, diesel, 13m single deck coach bus, EURO-VI","image, remind, message, tiam-ucl"
COACH_BIODIESEL_B20_ELD,Construction,"Passenger bus, EURO-VI","Passenger bus, diesel, 13m single deck coach bus, EURO-VI","image, remind, message, tiam-ucl"
COACH_BIODIESEL_B20_LD,Construction,"Passenger bus, EURO-VI","Passenger bus, diesel, 13m single deck coach bus, EURO-VI","image, remind, message, tiam-ucl"
COACH_BIODIESEL_B20_LD,Operation,"transport, passenger bus, EURO-VI","transport, passenger bus, diesel, 13m single deck coach bus, EURO-VI","image, remind, message, tiam-ucl"
COACH_BIODIESEL_B20_MD,Construction,"Passenger bus, EURO-VI","Passenger bus, diesel, 13m single deck coach bus, EURO-VI","image, remind, message, tiam-ucl"
COACH_BIODIESEL_B20_MD,Operation,"transport, passenger bus, EURO-VI","transport, passenger bus, diesel, 13m single deck coach bus, EURO-VI","image, remind, message, tiam-ucl"
COACH_BIOETOH_E10_ELD,Construction,"Passenger bus, EURO-VI","Passenger bus, diesel, 13m single deck coach bus, EURO-VI","image, remind, message, tiam-ucl"
COACH_BIOETOH_E10_ELD,Operation,"transport, passenger bus, EURO-VI","transport, passenger bus, diesel, 13m single deck coach bus, EURO-VI","image, remind, message, tiam-ucl"
COACH_BIOETOH_E10_LD,Construction,"Passenger bus, EURO-VI","Passenger bus, diesel, 13m single deck coach bus, EURO-VI","image, remind, message, tiam-ucl"
COACH_BIOETOH_E10_LD,Operation,"transport, passenger bus, EURO-VI","transport, passenger bus, diesel, 13m single deck coach bus, EURO-VI","image, remind, message, tiam-ucl"
COACH_BIOETOH_E10_MD,Construction,"Passenger bus, EURO-VI","Passenger bus, diesel, 13m single deck coach bus, EURO-VI","image, remind, message, tiam-ucl"
COACH_BIOETOH_E10_MD,Operation,"transport, passenger bus, EURO-VI","transport, passenger bus, diesel, 13m single deck coach bus, EURO-VI","image, remind, message, tiam-ucl"
COACH_CNG_ELD,Construction,"Passenger bus, EURO-VI","Passenger bus, compressed gas, 13m single deck coach bus, EURO-VI","image, remind, message, tiam-ucl"
COACH_CNG_ELD,Operation,"transport, passenger bus, EURO-VI","transport, passenger bus, compressed gas, 13m single deck coach bus, EURO-VI","image, remind, message, tiam-ucl"
COACH_CNG_LD,Operation,"transport, passenger bus, EURO-VI","transport, passenger bus, compressed gas, 13m single deck coach bus, EURO-VI","image, remind, message, tiam-ucl"
COACH_CNG_LD,Construction,"Passenger bus, EURO-VI","Passenger bus, compressed gas, 13m single deck coach bus, EURO-VI","image, remind, message, tiam-ucl"
COACH_CNG_MD,Construction,"Passenger bus, EURO-VI","Passenger bus, compressed gas, 13m single deck coach bus, EURO-VI","image, remind, message, tiam-ucl"
COACH_CNG_MD,Operation,"transport, passenger bus, EURO-VI","transport, passenger bus, compressed gas, 13m single deck coach bus, EURO-VI","image, remind, message, tiam-ucl"
COACH_CSNG_ELD,Construction,"Passenger bus, EURO-VI","Passenger bus, compressed gas, 13m single deck coach bus, EURO-VI","image, remind, message, tiam-ucl"
COACH_CSNG_ELD,Operation,"transport, passenger bus, EURO-VI","transport, passenger bus, compressed gas, 13m single deck coach bus, EURO-VI","image, remind, message, tiam-ucl"
COACH_CSNG_LD,Operation,"transport, passenger bus, EURO-VI","transport, passenger bus, compressed gas, 13m single deck coach bus, EURO-VI","image, remind, message, tiam-ucl"
COACH_CSNG_LD,Construction,"Passenger bus, EURO-VI","Passenger bus, compressed gas, 13m single deck coach bus, EURO-VI","image, remind, message, tiam-ucl"
COACH_CSNG_MD,Construction,"Passenger bus, EURO-VI","Passenger bus, compressed gas, 13m single deck coach bus, EURO-VI","image, remind, message, tiam-ucl"
COACH_CSNG_MD,Operation,"transport, passenger bus, EURO-VI","transport, passenger bus, compressed gas, 13m single deck coach bus, EURO-VI","image, remind, message, tiam-ucl"
COACH_DIESEL_ELD,Construction,"Passenger bus, EURO-VI","Passenger bus, diesel, 13m single deck coach bus, EURO-VI","image, remind, message, tiam-ucl"
COACH_DIESEL_ELD,Operation,"transport, passenger bus, EURO-VI","transport, passenger bus, diesel, 13m single deck coach bus, EURO-VI","image, remind, message, tiam-ucl"
COACH_DIESEL_LD,Construction,"Passenger bus, EURO-VI","Passenger bus, diesel, 13m single deck coach bus, EURO-VI","image, remind, message, tiam-ucl"
COACH_DIESEL_LD,Operation,"transport, passenger bus, EURO-VI","transport, passenger bus, diesel, 13m single deck coach bus, EURO-VI","image, remind, message, tiam-ucl"
COACH_DIESEL_MD,Construction,"Passenger bus, EURO-VI","Passenger bus, diesel, 13m single deck coach bus, EURO-VI","image, remind, message, tiam-ucl"
COACH_DIESEL_MD,Operation,"transport, passenger bus, EURO-VI","transport, passenger bus, diesel, 13m single deck coach bus, EURO-VI","image, remind, message, tiam-ucl"
COACH_ETOH_E10_ELD,Construction,"Passenger bus, EURO-VI","Passenger bus, diesel, 13m single deck coach bus, EURO-VI","image, remind, message, tiam-ucl"
COACH_ETOH_E10_ELD,Operation,"transport, passenger bus, EURO-VI","transport, passenger bus, diesel, 13m single deck coach bus, EURO-VI","image, remind, message, tiam-ucl"
COACH_ETOH_E10_LD,Construction,"Passenger bus, EURO-VI","Passenger bus, diesel, 13m single deck coach bus, EURO-VI","image, remind, message, tiam-ucl"
COACH_ETOH_E10_LD,Operation,"transport, passenger bus, EURO-VI","transport, passenger bus, diesel, 13m single deck coach bus, EURO-VI","image, remind, message, tiam-ucl"
COACH_ETOH_E10_MD,Construction,"Passenger bus, EURO-VI","Passenger bus, diesel, 13m single deck coach bus, EURO-VI","image, remind, message, tiam-ucl"
COACH_ETOH_E10_MD,Operation,"transport, passenger bus, EURO-VI","transport, passenger bus, diesel, 13m single deck coach bus, EURO-VI","image, remind, message, tiam-ucl"
COACH_EV_ELD,Operation,"transport, passenger bus","transport, passenger bus, battery electric - overnight charging, 13m single deck urban bus","image, remind, message, tiam-ucl"
COACH_EV_ELD,Construction,passenger bus,"passenger bus, battery electric - overnight charging, 13m single deck urban bus","image, remind, message, tiam-ucl"
COACH_EV_LD,Operation,"transport, passenger bus","transport, passenger bus, battery electric - overnight charging, 13m single deck urban bus","image, remind, message, tiam-ucl"
COACH_EV_LD,Construction,passenger bus,"passenger bus, battery electric - overnight charging, 13m single deck urban bus","image, remind, message, tiam-ucl"
COACH_EV_MD,Operation,"transport, passenger bus","transport, passenger bus, battery electric - overnight charging, 13m single deck urban bus","image, remind, message, tiam-ucl"
COACH_EV_MD,Construction,passenger bus,"passenger bus, battery electric - overnight charging, 13m single deck urban bus","image, remind, message, tiam-ucl"
COACH_GASOLINE_ELD,Construction,"Passenger bus, EURO-VI","Passenger bus, diesel, 13m single deck coach bus, EURO-VI","image, remind, message, tiam-ucl"
COACH_GASOLINE_ELD,Operation,"transport, passenger bus, EURO-VI","transport, passenger bus, diesel, 13m single deck coach bus, EURO-VI","image, remind, message, tiam-ucl"
COACH_GASOLINE_LD,Construction,"Passenger bus, EURO-VI","Passenger bus, diesel, 13m single deck coach bus, EURO-VI","image, remind, message, tiam-ucl"
COACH_GASOLINE_LD,Operation,"transport, passenger bus, EURO-VI","transport, passenger bus, diesel, 13m single deck coach bus, EURO-VI","image, remind, message, tiam-ucl"
COACH_GASOLINE_MD,Construction,"Passenger bus, EURO-VI","Passenger bus, diesel, 13m single deck coach bus, EURO-VI","image, remind, message, tiam-ucl"
COACH_GASOLINE_MD,Operation,"transport, passenger bus, EURO-VI","transport, passenger bus, diesel, 13m single deck coach bus, EURO-VI","image, remind, message, tiam-ucl"
COACH_HY_DIESEL_ELD,Construction,"Passenger bus, EURO-VI","Passenger bus, diesel hybrid, 13m single deck coach bus, EURO-VI","image, remind, message, tiam-ucl"
COACH_HY_DIESEL_ELD,Operation,"transport, passenger bus, EURO-VI","transport, passenger bus, diesel hybrid, 13m single deck coach bus, EURO-VI","image, remind, message, tiam-ucl"
COACH_HY_DIESEL_LD,Construction,"Passenger bus, EURO-VI","Passenger bus, diesel hybrid, 13m single deck coach bus, EURO-VI","image, remind, message, tiam-ucl"
COACH_HY_DIESEL_LD,Operation,"transport, passenger bus, EURO-VI","transport, passenger bus, diesel hybrid, 13m single deck coach bus, EURO-VI","image, remind, message, tiam-ucl"
COACH_HY_DIESEL_MD,Construction,"Passenger bus, EURO-VI","Passenger bus, diesel hybrid, 13m single deck coach bus, EURO-VI","image, remind, message, tiam-ucl"
COACH_HY_DIESEL_MD,Operation,"transport, passenger bus, EURO-VI","transport, passenger bus, diesel hybrid, 13m single deck coach bus, EURO-VI","image, remind, message, tiam-ucl"
COACH_PROPANE_ELD,Construction,"Passenger bus, EURO-VI","Passenger bus, compressed gas, 13m single deck coach bus, EURO-VI","image, remind, message, tiam-ucl"
COACH_PROPANE_ELD,Operation,"transport, passenger bus, EURO-VI","transport, passenger bus, compressed gas, 13m single deck coach bus, EURO-VI","image, remind, message, tiam-ucl"
COACH_PROPANE_LD,Operation,"transport, passenger bus, EURO-VI","transport, passenger bus, compressed gas, 13m single deck coach bus, EURO-VI","image, remind, message, tiam-ucl"
COACH_PROPANE_LD,Construction,"Passenger bus, EURO-VI","Passenger bus, compressed gas, 13m single deck coach bus, EURO-VI","image, remind, message, tiam-ucl"
COACH_PROPANE_MD,Construction,"Passenger bus, EURO-VI","Passenger bus, compressed gas, 13m single deck coach bus, EURO-VI","image, remind, message, tiam-ucl"
COACH_PROPANE_MD,Operation,"transport, passenger bus, EURO-VI","transport, passenger bus, compressed gas, 13m single deck coach bus, EURO-VI","image, remind, message, tiam-ucl"
COAL,Resource,hard coal,market for hard coal,"image, remind, message, tiam-ucl"
COAL,Flow,hard coal,market for hard coal,"image, remind, message, tiam-ucl"
COAL_GAS_H2,Operation,"hydrogen, gaseous, low pressure","hydrogen production, coal gasification","image, remind, message, tiam-ucl"
COAL_GAS_H2_ADV,Operation,"hydrogen, gaseous, low pressure","hydrogen production, coal gasification","image, remind, message, tiam-ucl"
COAL_GAS_H2_ADV_CCS,Operation,"hydrogen, gaseous, low pressure","hydrogen production, coal gasification, with CCS","image, remind, message, tiam-ucl"
COAL_GAS_H2_ADV_CCS_PLANT,Construction,"chemical factory, organics","chemical factory construction, organics","image, remind, message, tiam-ucl"
COAL_GAS_H2_ADV_CCS_TANK,Construction,"liquid storage tank, chemicals, organics","liquid storage tank production, chemicals, organics","image, remind, message, tiam-ucl"
COAL_GAS_H2_ADV_PLANT,Construction,"chemical factory, organics","chemical factory construction, organics","image, remind, message, tiam-ucl"
COAL_GAS_H2_ADV_TANK,Construction,"liquid storage tank, chemicals, organics","liquid storage tank production, chemicals, organics","image, remind, message, tiam-ucl"
COAL_GAS_H2_CCS,Operation,"hydrogen, gaseous, low pressure","hydrogen production, coal gasification, with CCS","image, remind, message, tiam-ucl"
COAL_GAS_H2_CCS_PLANT,Construction,"chemical factory, organics","chemical factory construction, organics","image, remind, message, tiam-ucl"
COAL_GAS_H2_CCS_TANK,Construction,"liquid storage tank, chemicals, organics","liquid storage tank production, chemicals, organics","image, remind, message, tiam-ucl"
COAL_GAS_H2_PLANT,Construction,"chemical factory, organics","chemical factory construction, organics","image, remind, message, tiam-ucl"
COAL_GAS_H2_TANK,Construction,"liquid storage tank, chemicals, organics","liquid storage tank production, chemicals, organics","image, remind, message, tiam-ucl"
COAL_IGCC,Construction,hard coal IGCC power plant 450MW,hard coal IGCC power plant 450MW,"image, remind, message, tiam-ucl"
COAL_IGCC,Operation,"electricity, high voltage","electricity production, at hard coal-fired IGCC power plant","image, remind, message, tiam-ucl"
COAL_IGCC_CC,Construction,hard coal IGCC power plant 450MW,hard coal IGCC power plant 450MW,"image, remind, message, tiam-ucl"
COAL_IGCC_CC,Operation,"electricity, high voltage","electricity production, at hard coal-fired IGCC power plant, pre, pipeline 200km, storage 1000m","image, remind, message, tiam-ucl"
COAL_US,Operation,"electricity, high voltage","electricity production, at lignite-fired power plant, pulverised","image, remind, message, tiam-ucl"
COAL_US,Construction,lignite power plant,market for lignite power plant,"image, remind, message, tiam-ucl"
COAL_US_CC,Operation,"electricity, high voltage","electricity production, at lignite-fired power plant, post, pipeline 200km, storage 1000m","image, remind, message, tiam-ucl"
COAL_US_CC,Construction,lignite power plant,market for lignite power plant,"image, remind, message, tiam-ucl"
COMMUTER_RAIL_DIESEL_MD,Construction,"train, passenger, regional","train production, passenger, regional","image, remind, message, tiam-ucl"
COMMUTER_RAIL_DIESEL_MD,Operation,"transport, passenger, train, fleet average","transport, passenger, train, electric, regional","image, remind, message, tiam-ucl"
COMMUTER_RAIL_DIESEL_SD,Construction,"train, passenger, regional","train production, passenger, regional","image, remind, message, tiam-ucl"
COMMUTER_RAIL_DIESEL_SD,Operation,"transport, passenger, train, fleet average","transport, passenger, train, electric, regional","image, remind, message, tiam-ucl"
COMMUTER_RAIL_ELEC_MD,Construction,"train, passenger, regional","train production, passenger, regional","image, remind, message, tiam-ucl"
COMMUTER_RAIL_ELEC_MD,Operation,"transport, passenger, train, fleet average","transport, passenger, train, electric, regional","image, remind, message, tiam-ucl"
COMMUTER_RAIL_ELEC_SD,Construction,"train, passenger, regional","train production, passenger, regional","image, remind, message, tiam-ucl"
COMMUTER_RAIL_ELEC_SD,Operation,"transport, passenger, train, fleet average","transport, passenger, train, electric, regional","image, remind, message, tiam-ucl"
CONTAINER_BIO_ELD,Operation,"transport, freight, sea, container ship","transport, freight, sea, container ship, powered with biodiesel","image, remind, message, tiam-ucl"
CONTAINER_BIO_ELD,Construction,container ship,container ship production,"image, remind, message, tiam-ucl"
CONTAINER_BIOMEOH_ELD,Operation,"transport, freight, sea, container ship","transport, freight, sea, container ship, powered with methanol","image, remind, message, tiam-ucl"
CONTAINER_BIOMEOH_ELD,Construction,container ship,container ship production,"image, remind, message, tiam-ucl"
CONTAINER_ELD,Operation,"transport, freight, sea, container ship","transport, freight, sea, container ship, powered with diesel","image, remind, message, tiam-ucl"
CONTAINER_ELD,Construction,container ship,container ship production,"image, remind, message, tiam-ucl"
CONTAINER_MEOH_ELD,Operation,"transport, freight, sea, container ship","transport, freight, sea, container ship, powered with methanol","image, remind, message, tiam-ucl"
CONTAINER_MEOH_ELD,Construction,container ship,container ship production,"image, remind, message, tiam-ucl"
CROPS_TO_ETHANOL,Operation,"ethanol, from corn","ethanol production, via fermentation, from corn, energy allocation","image, remind, message, tiam-ucl"
CROPS_TO_ETHANOL,Construction,ethanol fermentation plant,market for ethanol fermentation plant,"image, remind, message, tiam-ucl"
CROPS_TO_JETFUELS,Operation,"kerosene, synthetic","kerosene production, synthetic, Fischer Tropsch process, hydrogen from wood gasification, energy allocation","image, remind, message, tiam-ucl"
CROPS_TO_JETFUELS,Construction,petroleum refinery,petroleum refinery construction,"image, remind, message, tiam-ucl"
CUMENE_PROCESS,Construction,"chemical factory, organics","chemical factory construction, organics","image, remind, message, tiam-ucl"
CUMENE_PROCESS,Operation,cumene,"cumene production, benzene alkylation, zeolite process","image, remind, message, tiam-ucl"
DAC_HT,Operation,"carbon dioxide, captured","carbon dioxide, captured, with a sorbent-based direct air capture system, 100ktCO2","image, remind, message, tiam-ucl"
DAC_HT_PLANT,Construction,direct air capture system,"direct air capture system, sorbent-based, 100ktCO2","image, remind, message, tiam-ucl"
DAC_HT_PLANT_DECOM,Construction,direct air capture system,"treatment of direct air capture system, sorbent-based, 100ktCO2","image, remind, message, tiam-ucl"
DAC_LT,Operation,"carbon dioxide, captured","carbon dioxide, captured, with a solvent-based direct air capture system, 1MtCO2","image, remind, message, tiam-ucl"
DAC_LT_PLANT,Construction,direct air capture system,"direct air capture system, solvent-based, 1MtCO2","image, remind, message, tiam-ucl"
DAC_LT_PLANT_DECOM,Construction,direct air capture system,"treatment of direct air capture system, solvent-based, 1MtCO2","image, remind, message, tiam-ucl"
DEC_ADVCOGEN_H2,Operation,"heat, from residential heating system","heat, residential, by conversion of hydrogen using fuel cell, PEM, allocated by exergy, distributed by pipeline, produced by Electrolysis, PEM using electricity from grid","image, remind, message, tiam-ucl"
DEC_ADVCOGEN_H2,Construction,"fuel cell, polymer electrolyte membrane, 2kW electrical, future","fuel cell production, polymer electrolyte membrane, 2kW electrical, future","image, remind, message, tiam-ucl"
DEC_BOILER_BIOGAS,Operation,"heat, central or small-scale, natural gas","heat production, natural gas, at boiler modulating <100kW","image, remind, message, tiam-ucl"
DEC_BOILER_BIOGAS,Construction,gas boiler,gas boiler production,"image, remind, message, tiam-ucl"
DEC_BOILER_BIOOIL,Operation,"heat, central or small-scale, other than natural gas","heat production, light fuel oil, at boiler 10kW condensing, non-modulating","image, remind, message, tiam-ucl"
DEC_BOILER_BIOOIL_BOILER,Construction,"oil boiler, 10kW","oil boiler production, 10kW","image, remind, message, tiam-ucl"
DEC_BOILER_BIOOIL_TANK,Construction,"oil storage, 3000l","market for oil storage, 3000l","image, remind, message, tiam-ucl"
DEC_BOILER_GAS,Operation,"heat, central or small-scale, natural gas","heat production, natural gas, at boiler modulating <100kW","image, remind, message, tiam-ucl"
DEC_BOILER_GAS,Construction,gas boiler,gas boiler production,"image, remind, message, tiam-ucl"
DEC_BOILER_OIL,Operation,"heat, central or small-scale, other than natural gas","heat production, light fuel oil, at boiler 10kW condensing, non-modulating","image, remind, message, tiam-ucl"
DEC_BOILER_OIL_BOILER,Construction,"oil boiler, 10kW","oil boiler production, 10kW","image, remind, message, tiam-ucl"
DEC_BOILER_OIL_TANK,Construction,"oil storage, 3000l","market for oil storage, 3000l","image, remind, message, tiam-ucl"
DEC_BOILER_WOOD,Construction,"furnace, wood chips, hardwood storage area, 50kW","furnace production, wood chips, hardwood storage area, 50kW","image, remind, message, tiam-ucl"
DEC_BOILER_WOOD,Operation,"heat, central or small-scale, other than natural gas","heat production, wood chips from industry, at furnace 50kW, state-of-the-art 2014","image, remind, message, tiam-ucl"
DEC_COGEN_BIOGAS,Operation,"heat, central or small-scale, natural gas","heat and power co-generation, natural gas, 50kW electrical, lean burn","image, remind, message, tiam-ucl"
DEC_COGEN_BIOGAS_CHP,Construction,"heat and power co-generation unit, 50kW electrical, common components for heat+electricity","heat and power co-generation unit construction, 50kW electrical, common components for heat+electricity","image, remind, message, tiam-ucl"
DEC_COGEN_BIOGAS_ELEC,Construction,"heat and power co-generation unit, 50kW electrical, components for electricity only","heat and power co-generation unit construction, 50kW electrical, components for electricity only","image, remind, message, tiam-ucl"
DEC_COGEN_BIOGAS_HEAT,Construction,"heat and power co-generation unit, 50kW electrical, components for heat only","heat and power co-generation unit construction, 50kW electrical, components for heat only","image, remind, message, tiam-ucl"
DEC_COGEN_BIOOIL,Operation,"heat, central or small-scale, other than natural gas","heat production, light fuel oil, at boiler 10kW condensing, non-modulating","image, remind, message, tiam-ucl"
DEC_COGEN_BIOOIL_BOILER,Construction,"oil boiler, 10kW","oil boiler production, 10kW","image, remind, message, tiam-ucl"
DEC_COGEN_BIOOIL_TANK,Construction,"oil storage, 3000l","market for oil storage, 3000l","image, remind, message, tiam-ucl"
DEC_COGEN_BIOOIL_TURBINE,Construction,"heat and power co-generation unit, organic Rankine cycle, 200kW electrical","heat and power co-generation unit construction, organic Rankine cycle, 200kW electrical","image, remind, message, tiam-ucl"
DEC_COGEN_GAS,Operation,"heat, central or small-scale, natural gas","heat and power co-generation, natural gas, 50kW electrical, lean burn","image, remind, message, tiam-ucl"
DEC_COGEN_GAS_CHP,Construction,"heat and power co-generation unit, 50kW electrical, common components for heat+electricity","heat and power co-generation unit construction, 50kW electrical, common components for heat+electricity","image, remind, message, tiam-ucl"
DEC_COGEN_GAS_ELEC,Construction,"heat and power co-generation unit, 50kW electrical, components for electricity only","heat and power co-generation unit construction, 50kW electrical, components for electricity only","image, remind, message, tiam-ucl"
DEC_COGEN_GAS_HEAT,Construction,"heat and power co-generation unit, 50kW electrical, components for heat only","heat and power co-generation unit construction, 50kW electrical, components for heat only","image, remind, message, tiam-ucl"
DEC_COGEN_OIL,Operation,"heat, central or small-scale, other than natural gas","heat production, light fuel oil, at boiler 10kW condensing, non-modulating","image, remind, message, tiam-ucl"
DEC_COGEN_OIL_BOILER,Construction,"oil boiler, 10kW","oil boiler production, 10kW","image, remind, message, tiam-ucl"
DEC_COGEN_OIL_TANK,Construction,"oil storage, 3000l","market for oil storage, 3000l","image, remind, message, tiam-ucl"
DEC_COGEN_OIL_TURBINE,Construction,"heat and power co-generation unit, organic Rankine cycle, 200kW electrical","heat and power co-generation unit construction, organic Rankine cycle, 200kW electrical","image, remind, message, tiam-ucl"
DEC_COGEN_WOOD,Operation,"heat, central or small-scale, other than natural gas","heat production, wood chips from industry, at furnace 50kW, state-of-the-art 2014","image, remind, message, tiam-ucl"
DEC_COGEN_WOOD_BOILER,Construction,"furnace, wood chips, hardwood storage area, 50kW","furnace production, wood chips, hardwood storage area, 50kW","image, remind, message, tiam-ucl"
DEC_COGEN_WOOD_TURBINE,Construction,"heat and power co-generation unit, organic Rankine cycle, 200kW electrical","heat and power co-generation unit construction, organic Rankine cycle, 200kW electrical","image, remind, message, tiam-ucl"
DEC_DIRECT_ELEC,Construction,"auxiliary heating unit, electric, 5kW","auxiliary heating unit production, electric, 5kW","image, remind, message, tiam-ucl"
DEC_DIRECT_ELEC,Operation,"electricity, low voltage","market for electricity, low voltage","image, remind, message, tiam-ucl"
DEC_HP_ELEC,Construction,"heat pump, brine-water, 10kW","heat pump production, brine-water, 10kW","image, remind, message, tiam-ucl"
DEC_HP_ELEC,Operation,"heat, air-water heat pump 10kW","heat production, air-water heat pump 10kW","image, remind, message, tiam-ucl"
DEC_SOLAR,Construction,"flat plate solar collector, Cu absorber","flat plate solar collector production, Cu absorber","image, remind, message, tiam-ucl"
DEC_TH_STORAGE,Construction,"thermal storage system, solar tower power plant, 20 MW","thermal storage system construction, solar tower power plant, 20 MW","image, remind, message, tiam-ucl"
DEC_THHP_BIOGAS,Operation,"heat, future","heat production, natural gas, at diffusion absorption heat pump 4kW, future","image, remind, message, tiam-ucl"
DEC_THHP_BIOGAS_HEX,Construction,"borehole heat exchanger, 150m","borehole heat exchanger production, 150m","image, remind, message, tiam-ucl"
DEC_THHP_BIOGAS_HP,Construction,"heat pump, diffusion absorption, 4kW, future","heat pump production, diffusion absorption, 4kW, future","image, remind, message, tiam-ucl"
DEC_THHP_GAS,Operation,"heat, future","heat production, natural gas, at diffusion absorption heat pump 4kW, future","image, remind, message, tiam-ucl"
DEC_THHP_GAS_HEX,Construction,"borehole heat exchanger, 150m","borehole heat exchanger production, 150m","image, remind, message, tiam-ucl"
DEC_THHP_GAS_HP,Construction,"heat pump, diffusion absorption, 4kW, future","heat pump production, diffusion absorption, 4kW, future","image, remind, message, tiam-ucl"
DEEP_SALINE,Operation,"carbon dioxide, stored","carbon dioxide compression, transport and storage","image, remind, message, tiam-ucl"
DHN_BOILER_BIOGAS,Construction,"industrial furnace, natural gas","market for industrial furnace, natural gas","image, remind, message, tiam-ucl"
DHN_BOILER_BIOGAS,Operation,"heat, district or industrial, natural gas","heat production, natural gas, at boiler modulating >100kW","image, remind, message, tiam-ucl"
DHN_BOILER_BIOOIL,Operation,"heat, district or industrial, other than natural gas","heat production, light fuel oil, at industrial furnace 1MW","image, remind, message, tiam-ucl"
DHN_BOILER_BIOOIL_BOILER,Construction,"industrial furnace, 1MW, oil","industrial furnace production, 1MW, oil","image, remind, message, tiam-ucl"
DHN_BOILER_BIOOIL_TANK,Construction,"oil storage, 3000l","oil storage production, 3000l","image, remind, message, tiam-ucl"
DHN_BOILER_GAS,Construction,"industrial furnace, natural gas","market for industrial furnace, natural gas","image, remind, message, tiam-ucl"
DHN_BOILER_GAS,Operation,"heat, district or industrial, natural gas","heat production, natural gas, at boiler modulating >100kW","image, remind, message, tiam-ucl"
DHN_BOILER_OIL,Operation,"heat, district or industrial, other than natural gas","heat production, light fuel oil, at industrial furnace 1MW","image, remind, message, tiam-ucl"
DHN_BOILER_OIL_BOILER,Construction,"industrial furnace, 1MW, oil","industrial furnace production, 1MW, oil","image, remind, message, tiam-ucl"
DHN_BOILER_OIL_TANK,Construction,"oil storage, 3000l","oil storage production, 3000l","image, remind, message, tiam-ucl"
DHN_BOILER_WOOD,Operation,"heat, district or industrial, other than natural gas","heat production, wood chips from industry, at furnace 1000kW, state-of-the-art 2014","image, remind, message, tiam-ucl"
DHN_BOILER_WOOD_BOILER,Construction,"furnace, wood chips, with silo, 1000kW","furnace production, wood chips, with silo, 1000kW","image, remind, message, tiam-ucl"
DHN_BOILER_WOOD_DUST,Construction,"dust collector, electrostatic precipitator, for industrial use","market for dust collector, electrostatic precipitator, for industrial use","image, remind, message, tiam-ucl"
DHN_COGEN_BIOGAS,Operation,"heat, district or industrial, natural gas","heat and power co-generation, natural gas, 1MW electrical, lean burn","image, remind, message, tiam-ucl"
DHN_COGEN_BIOGAS_CHP,Construction,"heat and power co-generation unit, 1MW electrical, common components for heat+electricity","heat and power co-generation unit construction, 1MW electrical, common components for heat+electricity","image, remind, message, tiam-ucl"
DHN_COGEN_BIOGAS_ELEC,Construction,"heat and power co-generation unit, 1MW electrical, components for electricity only","heat and power co-generation unit construction, 1MW electrical, components for electricity only","image, remind, message, tiam-ucl"
DHN_COGEN_BIOGAS_HEAT,Construction,"heat and power co-generation unit, 1MW electrical, components for heat only","heat and power co-generation unit construction, 1MW electrical, components for heat only","image, remind, message, tiam-ucl"
DHN_COGEN_GAS,Operation,"heat, district or industrial, natural gas","heat and power co-generation, natural gas, 1MW electrical, lean burn","image, remind, message, tiam-ucl"
DHN_COGEN_GAS_CHP,Construction,"heat and power co-generation unit, 1MW electrical, common components for heat+electricity","heat and power co-generation unit construction, 1MW electrical, common components for heat+electricity","image, remind, message, tiam-ucl"
DHN_COGEN_GAS_ELEC,Construction,"heat and power co-generation unit, 1MW electrical, components for electricity only","heat and power co-generation unit construction, 1MW electrical, components for electricity only","image, remind, message, tiam-ucl"
DHN_COGEN_GAS_HEAT,Construction,"heat and power co-generation unit, 1MW electrical, components for heat only","heat and power co-generation unit construction, 1MW electrical, components for heat only","image, remind, message, tiam-ucl"
DHN_COGEN_WASTE,Operation,"heat, district or industrial, other than natural gas","heat, from municipal waste incineration to generic market for heat, district or industrial, other than natural gas","image, remind, message, tiam-ucl"
DHN_COGEN_WASTE_BOILER,Construction,municipal waste incineration facility,municipal waste incineration facility construction,"image, remind, message, tiam-ucl"
DHN_COGEN_WASTE_CC,Operation,"heat, district or industrial, other than natural gas","heat, from municipal waste incineration to generic market for heat, district or industrial, other than natural gas","image, remind, message, tiam-ucl"
DHN_COGEN_WASTE_CC_BOILER,Construction,municipal waste incineration facility,municipal waste incineration facility construction,"image, remind, message, tiam-ucl"
DHN_COGEN_WASTE_CC_TURBINE,Construction,"heat and power co-generation unit, organic Rankine cycle, 200kW electrical","heat and power co-generation unit construction, organic Rankine cycle, 200kW electrical","image, remind, message, tiam-ucl"
DHN_COGEN_WASTE_TURBINE,Construction,"heat and power co-generation unit, organic Rankine cycle, 200kW electrical","heat and power co-generation unit construction, organic Rankine cycle, 200kW electrical","image, remind, message, tiam-ucl"
DHN_COGEN_WOOD,Operation,"heat, district or industrial, other than natural gas","heat and power co-generation, wood chips, 6667 kW, state-of-the-art 2014","image, remind, message, tiam-ucl"
DHN_COGEN_WOOD_BOILER,Construction,"furnace, wood chips, with silo, 5000kW","furnace production, wood chips, with silo, 5000kW","image, remind, message, tiam-ucl"
DHN_COGEN_WOOD_DUST,Construction,"dust collector, electrostatic precipitator, for industrial use","market for dust collector, electrostatic precipitator, for industrial use","image, remind, message, tiam-ucl"
DHN_COGEN_WOOD_TURBINE,Construction,"heat and power co-generation unit, organic Rankine cycle, 1000kW electrical","market for heat and power co-generation unit, organic Rankine cycle, 1000kW electrical","image, remind, message, tiam-ucl"
DHN_DEEP_GEO,Operation,"heat, deep geothermal","heat production, deep geothermal","image, remind, message, tiam-ucl"
DHN_DEEP_GEO,Construction,geothermal heat plant,geothermal heat plant construction,"image, remind, message, tiam-ucl"
DHN_HP_ELEC,Operation,"heat, central or small-scale, other than natural gas","heat production, at heat pump 30kW, allocation exergy","image, remind, message, tiam-ucl"
DHN_HP_ELEC,Construction,"heat pump, 30kW","heat pump production, 30kW","image, remind, message, tiam-ucl"
DHN_TH_STORAGE,Construction,"thermal storage system, solar tower power plant, 20 MW","thermal storage system construction, solar tower power plant, 20 MW","image, remind, message, tiam-ucl"
DIE_STO,Construction,"liquid storage tank, chemicals, organics","liquid storage tank production, chemicals, organics","image, remind, message, tiam-ucl"
DIESEL,Resource,"diesel, low-sulfur","market for diesel, low-sulfur","image, remind, message, tiam-ucl"
DIESEL,Flow,"diesel, low-sulfur","market for diesel, low-sulfur","image, remind, message, tiam-ucl"
DIRECT_USAGE,Operation,"carbon dioxide, stored","carbon dioxide compression, transport and storage","image, remind, message, tiam-ucl"
DOGR,Operation,"carbon dioxide, stored","carbon dioxide compression, transport and storage","image, remind, message, tiam-ucl"
EHP_H2_GRID,Construction,"pipeline, for hydrogen transmission","pipeline, hydrogen, high pressure transmission network","image, remind, message, tiam-ucl"
EHP_NG_GRID,Construction,"pipeline, natural gas, high pressure distribution network","pipeline construction, natural gas, high pressure distribution network","image, remind, message, tiam-ucl"
EHV_GRID,Construction,"transmission network, electricity, high voltage","transmission network construction, electricity, high voltage","image, remind, message, tiam-ucl"
ELEC_EXPORT,Resource,"electricity, high voltage","market for electricity, high voltage","image, remind, message, tiam-ucl"
ELECTRICITY_EHV,Resource,"electricity, high voltage","electricity production, hydro, reservoir, non-alpine region","image, remind, message, tiam-ucl"
ELECTRICITY_EHV,Flow,"electricity, high voltage","market for electricity, high voltage","image, remind, message, tiam-ucl"
ELECTRICITY_HV,Flow,"electricity, high voltage","market for electricity, high voltage","image, remind, message, tiam-ucl"
ELECTRICITY_LV,Flow,"electricity, low voltage","market for electricity, low voltage","image, remind, message, tiam-ucl"
ELECTRICITY_MV,Flow,"electricity, medium voltage","market for electricity, medium voltage","image, remind, message, tiam-ucl"
EOR,Operation,"carbon dioxide, stored","carbon dioxide compression, transport and storage","image, remind, message, tiam-ucl"
ETHANE,Resource,ethane,market for ethane,"image, remind, message, tiam-ucl"
ETHANE,Flow,ethane,market for ethane,"image, remind, message, tiam-ucl"
ETHANE_CRACKING,Operation,ethane,natural gas liquids fractionation,"image, remind, message, tiam-ucl"
ETHANE_CRACKING,Construction,"chemical factory, organics","chemical factory construction, organics","image, remind, message, tiam-ucl"
ETHANE_OXIDATION,Operation,acetic acid,"acetic acid production, from n-butane oxidation","image, remind, message, tiam-ucl"
ETHANE_OXIDATION,Construction,"chemical factory, organics","chemical factory construction, organics","image, remind, message, tiam-ucl"
ETHANE_TO_ETHYLENE,Operation,ethylene,"unsaturated hydrocarbons production, steam cracking operation, average","image, remind, message, tiam-ucl"
ETHANE_TO_ETHYLENE,Construction,"chemical factory, organics","chemical factory construction, organics","image, remind, message, tiam-ucl"
ETHANOL,Resource,"ethanol, without water, in 99.7% solution state, from ethylene","market for ethanol, without water, in 99.7% solution state, from ethylene","image, remind, message, tiam-ucl"
ETHANOL,Flow,"ethanol, without water, in 99.7% solution state, from fermentation","market for ethanol, without water, in 99.7% solution state, from fermentation","image, remind, message, tiam-ucl"
ETHANOL_TO_JETFUELS,Construction,"chemical factory, organics","chemical factory construction, organics","image, remind, message, tiam-ucl"
ETHANOL_TO_JETFUELS,Operation,"kerosene, synthetic","kerosene production, from methanol, hydrogen from coal gasification, energy allocation","image, remind, message, tiam-ucl"
ETHYLBENZENE,Resource,ethyl benzene,market for ethyl benzene,"image, remind, message, tiam-ucl"
ETHYLBENZENE,Flow,ethyl benzene,market for ethyl benzene,"image, remind, message, tiam-ucl"
ETHYLENE,Resource,ethylene,market for ethylene,"image, remind, message, tiam-ucl"
ETHYLENE,Flow,ethylene,market for ethylene,"image, remind, message, tiam-ucl"
ETHYLENE_POLYMERIZATION,Construction,"chemical factory, organics","chemical factory construction, organics","image, remind, message, tiam-ucl"
ETHYLENE_POLYMERIZATION,Operation,ethylene,"unsaturated hydrocarbons production, steam cracking operation, average","image, remind, message, tiam-ucl"
FOOD,Flow,"sugar, from sugar beet",sugar beet processing,"image, remind, message, tiam-ucl"
FOOD_PROD,Operation,"sugar, from sugar beet",sugar beet processing,"image, remind, message, tiam-ucl"
FOOD_PROD,Construction,sugar refinery,sugar refinery construction,"image, remind, message, tiam-ucl"
FOOD_PROD_HP,Construction,sugar refinery,sugar refinery construction,"image, remind, message, tiam-ucl"
FOOD_PROD_HP,Operation,"sugar, from sugar beet",sugar beet processing,"image, remind, message, tiam-ucl"
FOOD_PROD_HR,Operation,"sugar, from sugar beet",sugar beet processing,"image, remind, message, tiam-ucl"
FOOD_PROD_HR,Construction,sugar refinery,sugar refinery construction,"image, remind, message, tiam-ucl"
FT,Operation,"diesel, synthetic, vehicle grade","diesel production, synthetic, from Fischer Tropsch process, hydrogen from wood gasification, energy allocation, at fuelling station","image, remind, message, tiam-ucl"
FT,Construction,"chemical factory, organics","chemical factory construction, organics","image, remind, message, tiam-ucl"
GASIFICATION_H2,Operation,"hydrogen, gaseous, 25 bar","hydrogen production, gaseous, 25 bar, from heatpipe reformer gasification of woody biomass, at gasification plant","image, remind, message, tiam-ucl"
GASIFICATION_H2_PLANT,Construction,synthetic gas factory,synthetic gas factory construction,"image, remind, message, tiam-ucl"
GASIFICATION_H2_TANK,Construction,"liquid storage tank, chemicals, organics","market for liquid storage tank, chemicals, organics","image, remind, message, tiam-ucl"
GASIFICATION_SNG,Operation,"syngas, RWGS, Production","syngas, RWGS, Production, for Fischer Tropsch process, hydrogen from wood gasification","image, remind, message, tiam-ucl"
GASIFICATION_SNG_PLANT,Construction,synthetic gas factory,synthetic gas factory construction,"image, remind, message, tiam-ucl"
GASIFICATION_SNG_TANK,Construction,"liquid storage tank, chemicals, organics","market for liquid storage tank, chemicals, organics","image, remind, message, tiam-ucl"
GASO_STO,Construction,"liquid storage tank, chemicals, organics","liquid storage tank production, chemicals, organics","image, remind, message, tiam-ucl"
GASOLINE,Resource,"petrol, low-sulfur","market for petrol, low-sulfur","image, remind, message, tiam-ucl"
GASOLINE,Flow,"petrol, low-sulfur","market for petrol, low-sulfur","image, remind, message, tiam-ucl"
GEOTHERMAL,Construction,"geothermal power plant, 5.5MWel",geothermal power plant construction,"image, remind, message, tiam-ucl"
GEOTHERMAL,Operation,"electricity, high voltage","electricity production, deep geothermal","image, remind, message, tiam-ucl"
H2_CCGT,Operation,"electricity, high voltage","electricity production, from hydrogen-fired one gigawatt gas turbine, for grid balancing","image, remind, message, tiam-ucl"
H2_CCGT,Construction,"gas power plant, combined cycle, 400MW electrical","gas power plant construction, combined cycle, 400MW electrical","image, remind, message, tiam-ucl"
H2_COMP_HE,Operation,"hydrogen, gaseous, low pressure","market for hydrogen, gaseous, low pressure","image, remind, message, tiam-ucl"
H2_COMP_HE,Construction,"compressor, for hydrogen transmission",compressor assembly for transmission hydrogen pipeline,"image, remind, message, tiam-ucl"
H2_COMP_LM,Construction,"compressor, for hydrogen transmission",compressor assembly for transmission hydrogen pipeline,"image, remind, message, tiam-ucl"
H2_COMP_LM,Operation,"hydrogen, gaseous, low pressure","market for hydrogen, gaseous, low pressure","image, remind, message, tiam-ucl"
H2_COMP_MH,Operation,"hydrogen, gaseous, low pressure","market for hydrogen, gaseous, low pressure","image, remind, message, tiam-ucl"
H2_COMP_MH,Construction,"compressor, for hydrogen transmission",compressor assembly for transmission hydrogen pipeline,"image, remind, message, tiam-ucl"
H2_EHP,Resource,"hydrogen, gaseous, low pressure","market for hydrogen, gaseous, low pressure","image, remind, message, tiam-ucl"
H2_EHP,Flow,"hydrogen, gaseous, low pressure","market for hydrogen, gaseous, low pressure","image, remind, message, tiam-ucl"
H2_EXP_EH,Operation,"hydrogen, gaseous, low pressure","market for hydrogen, gaseous, low pressure","image, remind, message, tiam-ucl"
H2_EXP_EH_COGEN,Construction,"air input/output unit, heat and power co-generation unit, 160kW electrical","air input/output unit production, heat and power co-generation unit, 160kW electrical","image, remind, message, tiam-ucl"
H2_EXP_EH_COGEN,Operation,"hydrogen, gaseous, low pressure","market for hydrogen, gaseous, low pressure","image, remind, message, tiam-ucl"
H2_EXP_HM,Operation,"hydrogen, gaseous, low pressure","market for hydrogen, gaseous, low pressure","image, remind, message, tiam-ucl"
H2_EXP_HM_COGEN,Construction,"air input/output unit, heat and power co-generation unit, 160kW electrical","air input/output unit production, heat and power co-generation unit, 160kW electrical","image, remind, message, tiam-ucl"
H2_EXP_HM_COGEN,Operation,"hydrogen, gaseous, low pressure","market for hydrogen, gaseous, low pressure","image, remind, message, tiam-ucl"
H2_EXP_ML,Operation,"hydrogen, gaseous, low pressure","market for hydrogen, gaseous, low pressure","image, remind, message, tiam-ucl"
H2_EXP_ML_COGEN,Operation,"hydrogen, gaseous, low pressure","market for hydrogen, gaseous, low pressure","image, remind, message, tiam-ucl"
H2_EXP_ML_COGEN,Construction,"air input/output unit, heat and power co-generation unit, 160kW electrical","air input/output unit production, heat and power co-generation unit, 160kW electrical","image, remind, message, tiam-ucl"
H2_HP,Resource,"hydrogen, gaseous, low pressure","market for hydrogen, gaseous, low pressure","image, remind, message, tiam-ucl"
H2_HP,Flow,"hydrogen, gaseous, low pressure","market for hydrogen, gaseous, low pressure","image, remind, message, tiam-ucl"
H2_LP,Resource,"hydrogen, gaseous, low pressure","market for hydrogen, gaseous, low pressure","image, remind, message, tiam-ucl"
H2_LP,Flow,"hydrogen, gaseous, low pressure","market for hydrogen, gaseous, low pressure","image, remind, message, tiam-ucl"
H2_MP,Resource,"hydrogen, gaseous, low pressure","market for hydrogen, gaseous, low pressure","image, remind, message, tiam-ucl"
H2_MP,Flow,"hydrogen, gaseous, low pressure","market for hydrogen, gaseous, low pressure","image, remind, message, tiam-ucl"
H2_NG_CCGT,Construction,"NGCC power plant, 400MWe","market for gas power plant, combined cycle, 400MW electrical","image, remind, message, tiam-ucl"
H2_NG_CCGT,Operation,"electricity, high voltage","electricity production, at natural gas-fired combined cycle power plant","image, remind, message, tiam-ucl"
H2_NG_CCGT_CCS,Operation,"electricity, high voltage","electricity production, at natural gas-fired combined cycle power plant, post, pipeline 200km, storage 1000m","image, remind, message, tiam-ucl"
H2_NG_CCGT_CCS,Construction,"NGCC power plant, 400MWe","market for gas power plant, combined cycle, 400MW electrical","image, remind, message, tiam-ucl"
H2_SNG_CCGT,Construction,"NGCC power plant, 400MWe","market for gas power plant, combined cycle, 400MW electrical","image, remind, message, tiam-ucl"
H2_SNG_CCGT,Operation,"electricity, high voltage","electricity production, at natural gas-fired combined cycle power plant","image, remind, message, tiam-ucl"
H2_SNG_CCGT_CCS,Operation,"electricity, high voltage","electricity production, at natural gas-fired combined cycle power plant, post, pipeline 200km, storage 1000m","image, remind, message, tiam-ucl"
H2_SNG_CCGT_CCS,Construction,"NGCC power plant, 400MWe","market for gas power plant, combined cycle, 400MW electrical","image, remind, message, tiam-ucl"
H2_STO,Construction,high pressure hydrogen storage tank,high pressure hydrogen storage tank,"image, remind, message, tiam-ucl"
HEAT_HIGH_T,Flow,"heat, district or industrial, other than natural gas","market for heat, district or industrial, other than natural gas","image, remind, message, tiam-ucl"
HEAT_LOW_T_DECEN,Flow,"heat, central or small-scale, other than natural gas","market for heat, central or small-scale, other than natural gas","image, remind, message, tiam-ucl"
HEAT_LOW_T_DHN,Flow,"heat, district or industrial, other than natural gas","market for heat, district or industrial, other than natural gas","image, remind, message, tiam-ucl"
HFO,Resource,heavy fuel oil,market for heavy fuel oil,"image, remind, message, tiam-ucl"
HFO,Flow,heavy fuel oil,market for heavy fuel oil,"image, remind, message, tiam-ucl"
HP_H2_GRID,Construction,"pipeline, for hydrogen transmission","pipeline, hydrogen, high pressure transmission network","image, remind, message, tiam-ucl"
HP_NG_GRID,Construction,"pipeline, natural gas, high pressure distribution network","pipeline construction, natural gas, high pressure distribution network","image, remind, message, tiam-ucl"
HT_LT_DEC,Operation,"heat, district or industrial, other than natural gas","market for heat, district or industrial, other than natural gas","image, remind, message, tiam-ucl"
HV_GRID,Construction,"transmission network, electricity, high voltage","transmission network construction, electricity, high voltage","image, remind, message, tiam-ucl"
HYDRO_DAM,Construction,"hydropower plant, reservoir","hydropower plant construction, reservoir","image, remind, message, tiam-ucl"
HYDRO_DAM,Operation,"electricity, high voltage","electricity production, hydro, reservoir, non-alpine region","image, remind, message, tiam-ucl"
HYDRO_GAS,Operation,"syngas, RWGS, Production","syngas, RWGS, Production, for Fischer Tropsch process, hydrogen from wood gasification","image, remind, message, tiam-ucl"
HYDRO_GAS,Construction,synthetic gas factory,synthetic gas factory construction,"image, remind, message, tiam-ucl"
HYDRO_GAS_CHP,Operation,"syngas, RWGS, Production","syngas, RWGS, Production, for Fischer Tropsch process, hydrogen from wood gasification","image, remind, message, tiam-ucl"
HYDRO_GAS_CHP_PLANT,Construction,synthetic gas factory,synthetic gas factory construction,"image, remind, message, tiam-ucl"
HYDRO_GAS_CHP_TURBINE,Construction,"heat and power co-generation unit, organic Rankine cycle, 200kW electrical","heat and power co-generation unit construction, organic Rankine cycle, 200kW electrical","image, remind, message, tiam-ucl"
HYDRO_RIVER,Construction,"hydropower plant, run-of-river","hydropower plant construction, run-of-river","image, remind, message, tiam-ucl"
HYDRO_RIVER,Operation,"electricity, high voltage","electricity production, hydro, run-of-river","image, remind, message, tiam-ucl"
IND_BOILER_BIOGAS,Construction,"industrial furnace, natural gas","industrial furnace production, natural gas","image, remind, message, tiam-ucl"
IND_BOILER_BIOGAS,Operation,"heat, district or industrial, natural gas","heat production, natural gas, at industrial furnace >100kW","image, remind, message, tiam-ucl"
IND_BOILER_BIOOIL,Operation,"heat, district or industrial, other than natural gas","heat production, heavy fuel oil, at industrial furnace 1MW","image, remind, message, tiam-ucl"
IND_BOILER_BIOOIL_PLANT,Construction,"industrial furnace, 1MW, oil","industrial furnace production, 1MW, oil","image, remind, message, tiam-ucl"
IND_BOILER_BIOOIL_TANK,Construction,"oil storage, 3000l","market for oil storage, 3000l","image, remind, message, tiam-ucl"
IND_BOILER_COAL,Operation,"heat, district or industrial, other than natural gas","heat production, at hard coal industrial furnace 1-10MW","image, remind, message, tiam-ucl"
IND_BOILER_COAL,Construction,"industrial furnace, coal, 1-10MW","industrial furnace production, coal, 1-10MW","image, remind, message, tiam-ucl"
IND_BOILER_GAS,Construction,"industrial furnace, natural gas","industrial furnace production, natural gas","image, remind, message, tiam-ucl"
IND_BOILER_GAS,Operation,"heat, district or industrial, natural gas","heat production, natural gas, at industrial furnace >100kW","image, remind, message, tiam-ucl"
IND_BOILER_OIL,Operation,"heat, district or industrial, other than natural gas","heat production, heavy fuel oil, at industrial furnace 1MW","image, remind, message, tiam-ucl"
IND_BOILER_OIL_PLANT,Construction,"industrial furnace, 1MW, oil","industrial furnace production, 1MW, oil","image, remind, message, tiam-ucl"
IND_BOILER_OIL_TANK,Construction,"oil storage, 3000l","market for oil storage, 3000l","image, remind, message, tiam-ucl"
IND_BOILER_WASTE,Operation,"heat, district or industrial, other than natural gas","heat, from municipal waste incineration to generic market for heat, district or industrial, other than natural gas","image, remind, message, tiam-ucl"
IND_BOILER_WASTE,Construction,municipal waste incineration facility,municipal waste incineration facility construction,"image, remind, message, tiam-ucl"
IND_BOILER_WASTE_CC,Operation,"heat, district or industrial, other than natural gas","heat, from municipal waste incineration to generic market for heat, district or industrial, other than natural gas","image, remind, message, tiam-ucl"
IND_BOILER_WASTE_CC,Construction,municipal waste incineration facility,municipal waste incineration facility construction,"image, remind, message, tiam-ucl"
IND_BOILER_WOOD,Construction,"furnace, wood chips, with silo, 1000kW","furnace production, wood chips, with silo, 1000kW","image, remind, message, tiam-ucl"
IND_BOILER_WOOD,Operation,"heat, district or industrial, other than natural gas","heat production, wood chips from industry, at furnace 1000kW","image, remind, message, tiam-ucl"
IND_COGEN_BIOGAS,Operation,"heat, district or industrial, natural gas","heat and power co-generation, natural gas, 1MW electrical, lean burn","image, remind, message, tiam-ucl"
IND_COGEN_BIOGAS_CHP,Construction,"heat and power co-generation unit, 1MW electrical, common components for heat+electricity","heat and power co-generation unit construction, 1MW electrical, common components for heat+electricity","image, remind, message, tiam-ucl"
IND_COGEN_BIOGAS_ELEC,Construction,"heat and power co-generation unit, 1MW electrical, components for electricity only","heat and power co-generation unit construction, 1MW electrical, components for electricity only","image, remind, message, tiam-ucl"
IND_COGEN_BIOGAS_HEAT,Construction,"heat and power co-generation unit, 1MW electrical, components for heat only","heat and power co-generation unit construction, 1MW electrical, components for heat only","image, remind, message, tiam-ucl"
IND_COGEN_GAS,Operation,"heat, district or industrial, natural gas","heat and power co-generation, natural gas, 1MW electrical, lean burn","image, remind, message, tiam-ucl"
IND_COGEN_GAS_CHP,Construction,"heat and power co-generation unit, 1MW electrical, common components for heat+electricity","heat and power co-generation unit construction, 1MW electrical, common components for heat+electricity","image, remind, message, tiam-ucl"
IND_COGEN_GAS_ELEC,Construction,"heat and power co-generation unit, 1MW electrical, components for electricity only","heat and power co-generation unit construction, 1MW electrical, components for electricity only","image, remind, message, tiam-ucl"
IND_COGEN_GAS_HEAT,Construction,"heat and power co-generation unit, 1MW electrical, components for heat only","heat and power co-generation unit construction, 1MW electrical, components for heat only","image, remind, message, tiam-ucl"
IND_COGEN_WASTE,Operation,"heat, district or industrial, other than natural gas","heat, from municipal waste incineration to generic market for heat, district or industrial, other than natural gas","image, remind, message, tiam-ucl"
IND_COGEN_WASTE_CC,Operation,"heat, district or industrial, other than natural gas","heat, from municipal waste incineration to generic market for heat, district or industrial, other than natural gas","image, remind, message, tiam-ucl"
IND_COGEN_WASTE_CC_PLANT,Construction,municipal waste incineration facility,municipal waste incineration facility construction,"image, remind, message, tiam-ucl"
IND_COGEN_WASTE_CC_TURBINE,Construction,"heat and power co-generation unit, organic Rankine cycle, 200kW electrical","heat and power co-generation unit construction, organic Rankine cycle, 200kW electrical","image, remind, message, tiam-ucl"
IND_COGEN_WASTE_PLANT,Construction,municipal waste incineration facility,municipal waste incineration facility construction,"image, remind, message, tiam-ucl"
IND_COGEN_WASTE_TURBINE,Construction,"heat and power co-generation unit, organic Rankine cycle, 200kW electrical","heat and power co-generation unit construction, organic Rankine cycle, 200kW electrical","image, remind, message, tiam-ucl"
IND_COGEN_WOOD,Operation,"heat, district or industrial, other than natural gas","heat and power co-generation, wood chips, 6667 kW, state-of-the-art 2014","image, remind, message, tiam-ucl"
IND_COGEN_WOOD_DUST,Construction,"dust collector, electrostatic precipitator, for industrial use","market for dust collector, electrostatic precipitator, for industrial use","image, remind, message, tiam-ucl"
IND_COGEN_WOOD_PLANT,Construction,"furnace, wood chips, with silo, 5000kW","furnace production, wood chips, with silo, 5000kW","image, remind, message, tiam-ucl"
IND_COGEN_WOOD_TURBINE,Construction,"heat and power co-generation unit, organic Rankine cycle, 1000kW electrical","market for heat and power co-generation unit, organic Rankine cycle, 1000kW electrical","image, remind, message, tiam-ucl"
IND_DIRECT_ELEC,Operation,"electricity, high voltage","market for electricity, high voltage","image, remind, message, tiam-ucl"
IND_DIRECT_ELEC,Construction,"auxiliary heating unit, electric, 5kW","auxiliary heating unit production, electric, 5kW","image, remind, message, tiam-ucl"
IND_HP_ELEC,Operation,"heat, air-water heat pump 10kW","heat production, air-water heat pump 10kW","image, remind, message, tiam-ucl"
IND_HP_ELEC,Construction,"heat pump, brine-water, 10kW","heat pump production, brine-water, 10kW","image, remind, message, tiam-ucl"
JETFUEL,Resource,kerosene,market for kerosene,"image, remind, message, tiam-ucl"
JETFUEL,Flow,kerosene,market for kerosene,"image, remind, message, tiam-ucl"
LCV_BIODIESEL_B100_MD,Construction,truck,"lorry production, diesel, 3.5 metric ton","image, remind, message, tiam-ucl"
LCV_BIODIESEL_B100_MD,Operation,"transport, freight, lorry","transport, freight, lorry, diesel, 3.5 metric ton","image, remind, message, tiam-ucl"
LCV_BIODIESEL_B100_SD,Construction,truck,"lorry production, diesel, 3.5 metric ton","image, remind, message, tiam-ucl"
LCV_BIODIESEL_B100_SD,Operation,"transport, freight, lorry","transport, freight, lorry, diesel, 3.5 metric ton","image, remind, message, tiam-ucl"
LCV_BIODIESEL_B20_MD,Construction,truck,"lorry production, diesel, 3.5 metric ton","image, remind, message, tiam-ucl"
LCV_BIODIESEL_B20_MD,Operation,"transport, freight, lorry","transport, freight, lorry, diesel, 3.5 metric ton","image, remind, message, tiam-ucl"
LCV_BIODIESEL_B20_SD,Construction,truck,"lorry production, diesel, 3.5 metric ton","image, remind, message, tiam-ucl"
LCV_BIODIESEL_B20_SD,Operation,"transport, freight, lorry","transport, freight, lorry, diesel, 3.5 metric ton","image, remind, message, tiam-ucl"
LCV_CNG_MD,Construction,truck,"lorry production, compressed gas, 3.5 metric ton","image, remind, message, tiam-ucl"
LCV_CNG_MD,Operation,"transport, freight, lorry","transport, freight, lorry, compressed gas, 3.5 metric ton","image, remind, message, tiam-ucl"
LCV_CNG_SD,Operation,"transport, freight, lorry","transport, freight, lorry, compressed gas, 3.5 metric ton","image, remind, message, tiam-ucl"
LCV_CNG_SD,Construction,truck,"lorry production, compressed gas, 3.5 metric ton","image, remind, message, tiam-ucl"
LCV_CSNG_MD,Construction,truck,"lorry production, compressed gas, 3.5 metric ton","image, remind, message, tiam-ucl"
LCV_CSNG_MD,Operation,"transport, freight, lorry","transport, freight, lorry, compressed gas, 3.5 metric ton","image, remind, message, tiam-ucl"
LCV_CSNG_SD,Operation,"transport, freight, lorry","transport, freight, lorry, compressed gas, 3.5 metric ton","image, remind, message, tiam-ucl"
LCV_CSNG_SD,Construction,truck,"lorry production, compressed gas, 3.5 metric ton","image, remind, message, tiam-ucl"
LCV_DIESEL_MD,Construction,truck,"lorry production, diesel, 3.5 metric ton","image, remind, message, tiam-ucl"
LCV_DIESEL_MD,Operation,"transport, freight, lorry","transport, freight, lorry, diesel, 3.5 metric ton","image, remind, message, tiam-ucl"
LCV_DIESEL_SD,Operation,"transport, freight, lorry","transport, freight, lorry, diesel, 3.5 metric ton","image, remind, message, tiam-ucl"
LCV_DIESEL_SD,Construction,truck,"lorry production, diesel, 3.5 metric ton","image, remind, message, tiam-ucl"
LCV_EV_MD,Operation,"transport, freight, lorry","transport, freight, lorry, battery electric, 3.5 metric ton","image, remind, message, tiam-ucl"
LCV_EV_MD,Construction,truck,"lorry production, battery electric, 3.5 metric ton","image, remind, message, tiam-ucl"
LCV_EV_SD,Construction,truck,"lorry production, battery electric, 3.5 metric ton","image, remind, message, tiam-ucl"
LCV_EV_SD,Operation,"transport, freight, lorry","transport, freight, lorry, battery electric, 3.5 metric ton","image, remind, message, tiam-ucl"
LCV_FC_H2_MD,Operation,"transport, freight, lorry","transport, freight, lorry, fuel cell electric, 3.5 metric ton","image, remind, message, tiam-ucl"
LCV_FC_H2_MD,Construction,truck,"lorry production, fuel cell electric, 3.5 metric ton","image, remind, message, tiam-ucl"
LCV_FC_H2_SD,Operation,"transport, freight, lorry","transport, freight, lorry, fuel cell electric, 3.5 metric ton","image, remind, message, tiam-ucl"
LCV_FC_H2_SD,Construction,truck,"lorry production, fuel cell electric, 3.5 metric ton","image, remind, message, tiam-ucl"
LCV_GASOLINE_MD,Operation,"transport, freight, lorry","transport, freight, lorry, diesel, 3.5 metric ton","image, remind, message, tiam-ucl"
LCV_GASOLINE_MD,Construction,truck,"lorry production, diesel, 3.5 metric ton","image, remind, message, tiam-ucl"
LCV_GASOLINE_SD,Operation,"transport, freight, lorry","transport, freight, lorry, diesel, 3.5 metric ton","image, remind, message, tiam-ucl"
LCV_GASOLINE_SD,Construction,truck,"lorry production, diesel, 3.5 metric ton","image, remind, message, tiam-ucl"
LCV_PHEV_DIESEL_MD,Operation,"transport, freight, lorry","transport, freight, lorry, plugin diesel hybrid, 3.5 metric ton","image, remind, message, tiam-ucl"
LCV_PHEV_DIESEL_MD,Construction,truck,"lorry production, plugin diesel hybrid, 3.5 metric ton","image, remind, message, tiam-ucl"
LCV_PHEV_DIESEL_SD,Construction,truck,"lorry production, plugin diesel hybrid, 3.5 metric ton","image, remind, message, tiam-ucl"
LCV_PHEV_DIESEL_SD,Operation,"transport, freight, lorry","transport, freight, lorry, plugin diesel hybrid, 3.5 metric ton","image, remind, message, tiam-ucl"
LCV_PROPANE_MD,Construction,truck,"lorry production, compressed gas, 3.5 metric ton","image, remind, message, tiam-ucl"
LCV_PROPANE_MD,Operation,"transport, freight, lorry","transport, freight, lorry, compressed gas, 3.5 metric ton","image, remind, message, tiam-ucl"
LCV_PROPANE_SD,Construction,truck,"lorry production, compressed gas, 3.5 metric ton","image, remind, message, tiam-ucl"
LCV_PROPANE_SD,Operation,"transport, freight, lorry","transport, freight, lorry, compressed gas, 3.5 metric ton","image, remind, message, tiam-ucl"
LFO,Resource,light fuel oil,market for light fuel oil,"image, remind, message, tiam-ucl"
LFO,Flow,light fuel oil,market for light fuel oil,"image, remind, message, tiam-ucl"
LNG,Resource,"natural gas, liquefied","market for natural gas, liquefied","image, remind, message, tiam-ucl"
LNG,Flow,"natural gas, liquefied","market for natural gas, liquefied","image, remind, message, tiam-ucl"
LP_H2_GRID,Construction,"pipeline, for hydrogen distribution","pipeline, hydrogen, low pressure distribution network","image, remind, message, tiam-ucl"
LP_NG_GRID,Construction,"pipeline, natural gas, low pressure distribution network","pipeline construction, natural gas, low pressure distribution network","image, remind, message, tiam-ucl"
LV_GRID,Construction,"distribution network, electricity, low voltage","distribution network construction, electricity, low voltage","image, remind, message, tiam-ucl"
METATHESIS_PROPYLENE,Operation,propylene,"unsaturated hydrocarbons production, steam cracking operation, average","image, remind, message, tiam-ucl"
METATHESIS_PROPYLENE,Construction,"chemical factory, organics","chemical factory construction, organics","image, remind, message, tiam-ucl"
METHANATION,Construction,synthetic gas factory,synthetic gas factory construction,"image, remind, message, tiam-ucl"
METHANATION,Operation,"methane, from electrochemical methanation","methane, from electrochemical methanation, with carbon from municipal waste incineration plant","image, remind, message, tiam-ucl"
METHANE_TO_METHANOL,Construction,methanol factory,methanol factory construction,"image, remind, message, tiam-ucl"
METHANE_TO_METHANOL,Operation,methanol,"methanol production, from natural gas reforming","image, remind, message, tiam-ucl"
METHANOL,Resource,methanol,market for methanol,"image, remind, message, tiam-ucl"
METHANOL,Flow,methanol,market for methanol,"image, remind, message, tiam-ucl"
METHANOL_CARBONYLATION,Construction,"chemical factory, organics","chemical factory construction, organics","image, remind, message, tiam-ucl"
METHANOL_CARBONYLATION,Operation,acetic acid,"acetic acid production, from high-pressure methanol carbonylation","image, remind, message, tiam-ucl"
METHANOL_FT,Construction,methanol factory,methanol factory construction,"image, remind, message, tiam-ucl"
METHANOL_FT,Operation,"methanol, from biomass","methanol production, biomass gasification","image, remind, message, tiam-ucl"
METHANOL_TO_AROMATICS,Operation,"xylene, mixed","BTX production, from pyrolysis gas, average","image, remind, message, tiam-ucl"
METHANOL_TO_AROMATICS,Construction,"chemical factory, organics","chemical factory construction, organics","image, remind, message, tiam-ucl"
METHANOL_TO_OLEFINS,Operation,n-olefins,n-olefins production,"image, remind, message, tiam-ucl"
METHANOL_TO_OLEFINS,Construction,"chemical factory, organics","chemical factory construction, organics","image, remind, message, tiam-ucl"
MINES_STORAGE,Operation,"carbon dioxide, stored","carbon dioxide compression, transport and storage","image, remind, message, tiam-ucl"
MOB_FREIGHT_LCV,Flow,"transport, freight, light commercial vehicle, fleet average","market for transport, freight, light commercial vehicle, fleet average","image, remind, message, tiam-ucl"
MOB_FREIGHT_SEMI,Flow,"transport, freight, lorry, diesel, unspecified","market for transport, freight, lorry, unspecified","image, remind, message, tiam-ucl"
MOB_FREIGHT_TRAIN,Flow,"transport, freight, train, fleet average","market for transport, freight, train, fleet average","image, remind, message, tiam-ucl"
MOB_FREIGHT_TRUCK,Flow,"transport, freight, lorry, diesel, unspecified","market for transport, freight, lorry, unspecified","image, remind, message, tiam-ucl"
MOB_PRIVATE_CAR,Flow,"transport, passenger, car, fleet average","market for transport, passenger, car, fleet average","image, remind, message, tiam-ucl"
MOB_PRIVATE_SUV,Flow,"transport, passenger, car, fleet average","market for transport, passenger, car, fleet average","image, remind, message, tiam-ucl"
MOB_PUBLIC_BUS,Flow,"transport, passenger, bus, diesel, regular","market for transport, passenger, bus, diesel, regular","image, remind, message, tiam-ucl"
MOB_PUBLIC_COACH,Flow,"transport, passenger, coach, diesel","market for transport, passenger, coach, diesel","image, remind, message, tiam-ucl"
MOB_PUBLIC_TRAIN,Flow,"transport, passenger, train, fleet average","market for transport, passenger, train, fleet average","image, remind, message, tiam-ucl"
MP_H2_GRID,Construction,"pipeline, for hydrogen distribution","pipeline, hydrogen, low pressure distribution network","image, remind, message, tiam-ucl"
MP_NG_GRID,Construction,"pipeline, natural gas, low pressure distribution network","pipeline construction, natural gas, low pressure distribution network","image, remind, message, tiam-ucl"
MV_GRID,Construction,"distribution network, electricity, low voltage","distribution network construction, electricity, low voltage","image, remind, message, tiam-ucl"
NEW_HYDRO_DAM,Construction,"hydropower plant, reservoir","hydropower plant construction, reservoir","image, remind, message, tiam-ucl"
NEW_HYDRO_DAM,Operation,"electricity, high voltage","electricity production, hydro, reservoir, non-alpine region","image, remind, message, tiam-ucl"
NEW_HYDRO_RIVER,Construction,"hydropower plant, run-of-river","hydropower plant construction, run-of-river","image, remind, message, tiam-ucl"
NEW_HYDRO_RIVER,Operation,"electricity, high voltage","electricity production, hydro, run-of-river","image, remind, message, tiam-ucl"
NEW_WIND_ONSHORE,Operation,"electricity, high voltage","electricity production, wind, 1-3MW turbine, onshore","image, remind, message, tiam-ucl"
NEW_WIND_ONSHORE_CONNECTION,Construction,"wind turbine network connection, 2MW, onshore","wind turbine network connection construction, 2MW, onshore","image, remind, message, tiam-ucl"
NEW_WIND_ONSHORE_TURBINE,Construction,"wind turbine, 2MW, onshore","wind turbine construction, 2MW, onshore","image, remind, message, tiam-ucl"
NG_COMP_HE,Construction,"air compressor, screw-type compressor, 300kW","air compressor production, screw-type compressor, 300kW","image, remind, message, tiam-ucl"
NG_COMP_HE,Operation,"natural gas, high pressure","market for natural gas, high pressure","image, remind, message, tiam-ucl"
NG_COMP_LM,Operation,"natural gas, low pressure","market for natural gas, low pressure","image, remind, message, tiam-ucl"
NG_COMP_LM,Construction,"air compressor, screw-type compressor, 4kW","air compressor production, screw-type compressor, 4kW","image, remind, message, tiam-ucl"
NG_COMP_MH,Operation,"natural gas, medium pressure, vehicle grade","market for natural gas, medium pressure, vehicle grade","image, remind, message, tiam-ucl"
NG_COMP_MH,Construction,"air compressor, screw-type compressor, 300kW","air compressor production, screw-type compressor, 300kW","image, remind, message, tiam-ucl"
NG_EHP,Resource,"natural gas, high pressure","market for natural gas, high pressure","image, remind, message, tiam-ucl"
NG_EHP,Flow,"natural gas, high pressure","market for natural gas, high pressure","image, remind, message, tiam-ucl"
NG_EXP_EH,Operation,"natural gas, high pressure","market for natural gas, high pressure","image, remind, message, tiam-ucl"
NG_EXP_EH_COGEN,Construction,"air input/output unit, heat and power co-generation unit, 160kW electrical","air input/output unit production, heat and power co-generation unit, 160kW electrical","image, remind, message, tiam-ucl"
NG_EXP_EH_COGEN,Operation,"natural gas, high pressure","market for natural gas, high pressure","image, remind, message, tiam-ucl"
NG_EXP_HM,Operation,"natural gas, high pressure","market for natural gas, high pressure","image, remind, message, tiam-ucl"
NG_EXP_HM_COGEN,Construction,"air input/output unit, heat and power co-generation unit, 160kW electrical","air input/output unit production, heat and power co-generation unit, 160kW electrical","image, remind, message, tiam-ucl"
NG_EXP_HM_COGEN,Operation,"natural gas, high pressure","market for natural gas, high pressure","image, remind, message, tiam-ucl"
NG_EXP_ML,Operation,"natural gas, medium pressure, vehicle grade","market for natural gas, medium pressure, vehicle grade","image, remind, message, tiam-ucl"
NG_EXP_ML_COGEN,Construction,"air input/output unit, heat and power co-generation unit, 160kW electrical","air input/output unit production, heat and power co-generation unit, 160kW electrical","image, remind, message, tiam-ucl"
NG_EXP_ML_COGEN,Operation,"natural gas, medium pressure, vehicle grade","market for natural gas, medium pressure, vehicle grade","image, remind, message, tiam-ucl"
NG_HP,Resource,"natural gas, high pressure","market for natural gas, high pressure","image, remind, message, tiam-ucl"
NG_HP,Flow,"natural gas, high pressure","market for natural gas, high pressure","image, remind, message, tiam-ucl"
NG_LP,Resource,"natural gas, low pressure","market for natural gas, low pressure","image, remind, message, tiam-ucl"
NG_LP,Flow,"natural gas, low pressure","market for natural gas, low pressure","image, remind, message, tiam-ucl"
NG_MP,Resource,"natural gas, medium pressure, vehicle grade","natural gas production, medium pressure, vehicle grade","image, remind, message, tiam-ucl"
NG_MP,Flow,"natural gas, medium pressure, vehicle grade","natural gas production, medium pressure, vehicle grade","image, remind, message, tiam-ucl"
NG_PYROLYSIS_PLASMA,Operation,"hydrogen, gaseous, 100 bar","hydrogen production, gaseous, 100 bar, from methane pyrolysis","image, remind, message, tiam-ucl"
NG_PYROLYSIS_PLASMA,Construction,"air compressor, screw-type compressor, 4kW","market for air compressor, screw-type compressor, 4kW","image, remind, message, tiam-ucl"
NG_PYROLYSIS_THERMAL,Construction,"air compressor, screw-type compressor, 4kW","market for air compressor, screw-type compressor, 4kW","image, remind, message, tiam-ucl"
NG_PYROLYSIS_THERMAL,Operation,"hydrogen, gaseous, 100 bar","hydrogen production, gaseous, 100 bar, from methane pyrolysis","image, remind, message, tiam-ucl"
NG_REFORMING,Operation,"hydrogen, gaseous, low pressure","hydrogen production, steam methane reforming","image, remind, message, tiam-ucl"
NG_REFORMING_PLANT,Construction,"chemical factory, organics","chemical factory construction, organics","image, remind, message, tiam-ucl"
NG_REFORMING_TANK,Construction,"liquid storage tank, chemicals, organics","market for liquid storage tank, chemicals, organics","image, remind, message, tiam-ucl"
NG_STO,Construction,"liquid storage tank, chemicals, organics","liquid storage tank production, chemicals, organics","image, remind, message, tiam-ucl"
NUCLEAR,Operation,"electricity, high voltage","electricity production, nuclear, pressure water reactor","image, remind, message, tiam-ucl"
NUCLEAR,Construction,"nuclear power plant, pressure water reactor, 1000MW","nuclear power plant construction, pressure water reactor, 1000MW","image, remind, message, tiam-ucl"
OCGT_BIOGAS_LARGE,Operation,"natural gas, burned in gas turbine","natural gas, burned in gas turbine","image, remind, message, tiam-ucl"
OCGT_BIOGAS_LARGE,Construction,"gas turbine, 10MW electrical","market for gas turbine, 10MW electrical","image, remind, message, tiam-ucl"
OCGT_BIOGAS_SMALL,Operation,"natural gas, burned in gas turbine","natural gas, burned in gas turbine","image, remind, message, tiam-ucl"
OCGT_BIOGAS_SMALL,Construction,"gas turbine, 10MW electrical","market for gas turbine, 10MW electrical","image, remind, message, tiam-ucl"
OCGT_LARGE,Operation,"natural gas, burned in gas turbine","natural gas, burned in gas turbine","image, remind, message, tiam-ucl"
OCGT_LARGE,Construction,"gas turbine, 10MW electrical","market for gas turbine, 10MW electrical","image, remind, message, tiam-ucl"
OCGT_SMALL,Operation,"natural gas, burned in gas turbine","natural gas, burned in gas turbine","image, remind, message, tiam-ucl"
OCGT_SMALL,Construction,"gas turbine, 10MW electrical","market for gas turbine, 10MW electrical","image, remind, message, tiam-ucl"
OIL_TANKER_BIO_ELD,Operation,"transport, freight, sea, tanker for petroleum, heavy fuel oil","transport, freight, sea, tanker for petroleum, heavy fuel oil","image, remind, message, tiam-ucl"
OIL_TANKER_BIO_ELD,Construction,"tanker, for petroleum","tanker production, for petroleum","image, remind, message, tiam-ucl"
OIL_TANKER_BIOMEOH_ELD,Operation,"transport, freight, sea, tanker for petroleum, heavy fuel oil","transport, freight, sea, tanker for petroleum, heavy fuel oil","image, remind, message, tiam-ucl"
OIL_TANKER_BIOMEOH_ELD,Construction,"tanker, for petroleum","tanker production, for petroleum","image, remind, message, tiam-ucl"
OIL_TANKER_ELD,Operation,"transport, freight, sea, tanker for petroleum, heavy fuel oil","transport, freight, sea, tanker for petroleum, heavy fuel oil","image, remind, message, tiam-ucl"
OIL_TANKER_ELD,Construction,"tanker, for petroleum","tanker production, for petroleum","image, remind, message, tiam-ucl"
OIL_TANKER_MEOH_ELD,Operation,"transport, freight, sea, tanker for petroleum, heavy fuel oil","transport, freight, sea, tanker for petroleum, heavy fuel oil","image, remind, message, tiam-ucl"
OIL_TANKER_MEOH_ELD,Construction,"tanker, for petroleum","tanker production, for petroleum","image, remind, message, tiam-ucl"
PAFC,Operation,"electricity, from residential heating system","electricity, residential, by conversion of hydrogen using fuel cell, PEM, allocated by exergy, distributed by pipeline, produced by Electrolysis, PEM using electricity from grid","image, remind, message, tiam-ucl"
PAFC,Construction,"fuel cell system, 1 kWe, proton exchange membrane (PEM)","fuel cell system assembly, 1 kWe, proton exchange membrane (PEM)","image, remind, message, tiam-ucl"
PAPER,Flow,"paper, newsprint","paper production, newsprint, recycled","image, remind, message, tiam-ucl"
PAPER_MAKING,Construction,"paper mill, integrated","paper mill construction, integrated","image, remind, message, tiam-ucl"
PAPER_MAKING,Operation,"paper, newsprint","paper production, newsprint, recycled","image, remind, message, tiam-ucl"
PAPER_MAKING_HP,Construction,"paper mill, integrated","paper mill construction, integrated","image, remind, message, tiam-ucl"
PAPER_MAKING_HP,Operation,"paper, newsprint","paper production, newsprint, recycled","image, remind, message, tiam-ucl"
PAPER_MAKING_HR,Construction,"paper mill, integrated","paper mill construction, integrated","image, remind, message, tiam-ucl"
PAPER_MAKING_HR,Operation,"paper, newsprint","paper production, newsprint, recycled","image, remind, message, tiam-ucl"
PE,Resource,"polyethylene, high density, granulate","market for polyethylene, high density, granulate","image, remind, message, tiam-ucl"
PE,Flow,"polyethylene, high density, granulate","market for polyethylene, high density, granulate","image, remind, message, tiam-ucl"
PEM_ELECTROLYSIS,Operation,"hydrogen, gaseous, 30 bar","hydrogen production, gaseous, 30 bar, from PEM electrolysis, from grid electricity","image, remind, message, tiam-ucl"
PEM_ELECTROLYSIS_PLANT,Construction,"electrolyzer, 1MWe, PEM, Balance of Plant","electrolyzer production, 1MWe, PEM, Balance of Plant","image, remind, message, tiam-ucl"
PEM_ELECTROLYSIS_PLANT_DECOM,Construction,"used electrolyzer balance of plant, 1MWe, PEM","treatment of electrolyzer balance of plant, 1MWe, PEM","image, remind, message, tiam-ucl"
PEM_ELECTROLYSIS_STACK,Construction,"electrolyzer, 1MWe, PEM, Stack","electrolyzer production, 1MWe, PEM, Stack","image, remind, message, tiam-ucl"
PEM_ELECTROLYSIS_STACK_DECOM,Construction,"used electrolyzer stack, 1MWe, PEM","treatment of electrolyzer stack, 1MWe, PEM","image, remind, message, tiam-ucl"
PEMFC,Construction,"fuel cell system, 1 kWe, proton exchange membrane (PEM)","fuel cell system assembly, 1 kWe, proton exchange membrane (PEM)","image, remind, message, tiam-ucl"
PET,Resource,"polyethylene terephthalate, granulate, amorphous","market for polyethylene terephthalate, granulate, amorphous","image, remind, message, tiam-ucl"
PET,Flow,"polyethylene terephthalate, granulate, amorphous","market for polyethylene terephthalate, granulate, amorphous","image, remind, message, tiam-ucl"
PET_FORMATION,Operation,"polyethylene terephthalate, granulate, amorphous","polyethylene terephthalate production, granulate, amorphous","image, remind, message, tiam-ucl"
PET_FORMATION,Construction,"chemical factory, organics","chemical factory construction, organics","image, remind, message, tiam-ucl"
PHENOL,Resource,phenol,market for phenol,"image, remind, message, tiam-ucl"
PHENOL,Flow,phenol,market for phenol,"image, remind, message, tiam-ucl"
PLANE_FREIGHT_BIO_ELD,Construction,"aircraft, dedicated freight, medium haul","market for aircraft, dedicated freight, medium haul","image, remind, message, tiam-ucl"
PLANE_FREIGHT_BIO_ELD,Operation,"transport, freight, aircraft, medium haul","transport, freight, aircraft, dedicated freight, medium haul","image, remind, message, tiam-ucl"
PLANE_FREIGHT_ELD,Construction,"aircraft, dedicated freight, long haul","market for aircraft, dedicated freight, long haul","image, remind, message, tiam-ucl"
PLANE_FREIGHT_ELD,Operation,"transport, freight, aircraft, long haul","transport, freight, aircraft, dedicated freight, long haul","image, remind, message, tiam-ucl"
PLANE_LH_BIO_ELD,Operation,"transport, passenger, aircraft, very short haul","transport, passenger, aircraft, very short haul","image, remind, message, tiam-ucl"
PLANE_LH_BIO_ELD,Construction,"aircraft, passenger, very short haul","market for aircraft, passenger, very short haul","image, remind, message, tiam-ucl"
PLANE_LH_ELD,Operation,"transport, passenger, aircraft, long haul","transport, passenger, aircraft, long haul","image, remind, message, tiam-ucl"
PLANE_LH_ELD,Construction,"aircraft, passenger, long haul","market for aircraft, passenger, long haul","image, remind, message, tiam-ucl"
PLANE_SH_BIO_LD,Construction,"aircraft, passenger, medium haul","market for aircraft, passenger, medium haul","image, remind, message, tiam-ucl"
PLANE_SH_BIO_LD,Operation,"transport, passenger, aircraft, medium haul","transport, passenger, aircraft, medium haul","image, remind, message, tiam-ucl"
PLANE_SH_LD,Construction,"aircraft, passenger, medium haul","market for aircraft, passenger, medium haul","image, remind, message, tiam-ucl"
PLANE_SH_LD,Operation,"transport, passenger, aircraft, medium haul","transport, passenger, aircraft, medium haul","image, remind, message, tiam-ucl"
POLYPROPYLENE_PP,Operation,"polypropylene, granulate","polypropylene production, granulate","image, remind, message, tiam-ucl"
POLYPROPYLENE_PP,Construction,"chemical factory, organics","chemical factory construction, organics","image, remind, message, tiam-ucl"
PP,Resource,"polypropylene, granulate","market for polypropylene, granulate","image, remind, message, tiam-ucl"
PP,Flow,"polypropylene, granulate","market for polypropylene, granulate","image, remind, message, tiam-ucl"
PROPANE,Resource,propane,market for propane,"image, remind, message, tiam-ucl"
PROPYLENE,Resource,propylene,market for propylene,"image, remind, message, tiam-ucl"
PROPYLENE,Flow,propylene,market for propylene,"image, remind, message, tiam-ucl"
PS,Resource,"polystyrene, general purpose","market for polystyrene, general purpose","image, remind, message, tiam-ucl"
PS,Flow,"polystyrene, general purpose","market for polystyrene, general purpose","image, remind, message, tiam-ucl"
PV_GROUND,Operation,"electricity, low voltage","electricity production, photovoltaic, 570kWp open ground installation, multi-Si","image, remind, message, tiam-ucl"
PV_GROUND,Construction,"photovoltaic plant, 570kWp, multi-Si, on open ground","market for photovoltaic plant, 570kWp, multi-Si, on open ground","image, remind, message, tiam-ucl"
PV_ROOF,Operation,"electricity, low voltage","electricity production, photovoltaic, 3kWp slanted-roof installation, multi-Si, panel, mounted","image, remind, message, tiam-ucl"
PV_ROOF,Construction,"photovoltaic slanted-roof installation, 3kWp, multi-Si, panel, mounted, on roof","market for photovoltaic slanted-roof installation, 3kWp, multi-Si, panel, mounted, on roof","image, remind, message, tiam-ucl"
PVC,Resource,"polyvinylchloride, rigid, pellets, recycled","market for polyvinylchloride, rigid, pellets, recycled","image, remind, message, tiam-ucl"
PVC,Flow,"polyvinylchloride, rigid, pellets, recycled","market for polyvinylchloride, rigid, pellets, recycled","image, remind, message, tiam-ucl"
PVC_FORMATION,Construction,"chemical factory, organics","chemical factory construction, organics","image, remind, message, tiam-ucl"
PVC_FORMATION,Operation,"polyvinylchloride, rigid, pellets, recycled",pelletising of polyvinylchloride,"image, remind, message, tiam-ucl"
PYROLYSIS,Construction,"chemical factory, organics","chemical factory construction, organics","image, remind, message, tiam-ucl"
PYROLYSIS,Operation,light fuel oil,"light fuel oil production, from waste polyethylene","image, remind, message, tiam-ucl"
SCHOOLBUS_BIODIESEL_B100_SD,Operation,"transport, passenger bus, EURO-VI","transport, passenger bus, diesel, 13m single deck urban bus, EURO-VI","image, remind, message, tiam-ucl"
SCHOOLBUS_BIODIESEL_B100_SD,Construction,"Passenger bus, EURO-VI","Passenger bus, diesel, 13m single deck urban bus, EURO-VI","image, remind, message, tiam-ucl"
SCHOOLBUS_BIODIESEL_B20_SD,Operation,"transport, passenger bus, EURO-VI","transport, passenger bus, diesel, 13m single deck urban bus, EURO-VI","image, remind, message, tiam-ucl"
SCHOOLBUS_BIODIESEL_B20_SD,Construction,"Passenger bus, EURO-VI","Passenger bus, diesel, 13m single deck urban bus, EURO-VI","image, remind, message, tiam-ucl"
SCHOOLBUS_BIOETOH_E10_SD,Operation,"transport, passenger bus, EURO-VI","transport, passenger bus, diesel, 13m single deck urban bus, EURO-VI","image, remind, message, tiam-ucl"
SCHOOLBUS_BIOETOH_E10_SD,Construction,"Passenger bus, EURO-VI","Passenger bus, diesel, 13m single deck urban bus, EURO-VI","image, remind, message, tiam-ucl"
SCHOOLBUS_CNG_SD,Operation,"transport, passenger bus, EURO-VI","transport, passenger bus, compressed gas, 13m single deck urban bus, EURO-VI","image, remind, message, tiam-ucl"
SCHOOLBUS_CNG_SD,Construction,"Passenger bus, EURO-VI","Passenger bus, compressed gas, 13m single deck urban bus, EURO-VI","image, remind, message, tiam-ucl"
SCHOOLBUS_CSNG_SD,Operation,"transport, passenger bus, EURO-VI","transport, passenger bus, compressed gas, 13m single deck urban bus, EURO-VI","image, remind, message, tiam-ucl"
SCHOOLBUS_CSNG_SD,Construction,"Passenger bus, EURO-VI","Passenger bus, compressed gas, 13m single deck urban bus, EURO-VI","image, remind, message, tiam-ucl"
SCHOOLBUS_DIESEL_SD,Operation,"transport, passenger bus, EURO-VI","transport, passenger bus, diesel, 13m single deck urban bus, EURO-VI","image, remind, message, tiam-ucl"
SCHOOLBUS_DIESEL_SD,Construction,"Passenger bus, EURO-VI","Passenger bus, diesel, 13m single deck urban bus, EURO-VI","image, remind, message, tiam-ucl"
SCHOOLBUS_ETOH_E10_SD,Operation,"transport, passenger bus, EURO-VI","transport, passenger bus, diesel, 13m single deck urban bus, EURO-VI","image, remind, message, tiam-ucl"
SCHOOLBUS_ETOH_E10_SD,Construction,"Passenger bus, EURO-VI","Passenger bus, diesel, 13m single deck urban bus, EURO-VI","image, remind, message, tiam-ucl"
SCHOOLBUS_EV_SD,Operation,"transport, passenger bus","transport, passenger bus, battery electric - overnight charging, 13m single deck urban bus","image, remind, message, tiam-ucl"
SCHOOLBUS_EV_SD,Construction,passenger bus,"passenger bus, battery electric - overnight charging, 13m single deck urban bus","image, remind, message, tiam-ucl"
SCHOOLBUS_GASOLINE_SD,Operation,"transport, passenger bus, EURO-VI","transport, passenger bus, diesel, 13m single deck urban bus, EURO-VI","image, remind, message, tiam-ucl"
SCHOOLBUS_GASOLINE_SD,Construction,"Passenger bus, EURO-VI","Passenger bus, diesel, 13m single deck urban bus, EURO-VI","image, remind, message, tiam-ucl"
SCHOOLBUS_HY_DIESEL_SD,Operation,"transport, passenger bus, EURO-VI","transport, passenger bus, diesel hybrid, 13m single deck urban bus, EURO-VI","image, remind, message, tiam-ucl"
SCHOOLBUS_HY_DIESEL_SD,Construction,"Passenger bus, EURO-VI","Passenger bus, diesel hybrid, 13m single deck urban bus, EURO-VI","image, remind, message, tiam-ucl"
SCHOOLBUS_PROPANE_SD,Operation,"transport, passenger bus, EURO-VI","transport, passenger bus, compressed gas, 13m single deck urban bus, EURO-VI","image, remind, message, tiam-ucl"
SCHOOLBUS_PROPANE_SD,Construction,"Passenger bus, EURO-VI","Passenger bus, compressed gas, 13m single deck urban bus, EURO-VI","image, remind, message, tiam-ucl"
SEMI_LH_BIODIESEL_B100_ELD,Operation,"transport, freight, lorry","transport, freight, lorry, diesel, 26 metric ton","image, remind, message, tiam-ucl"
SEMI_LH_BIODIESEL_B100_ELD,Construction,truck,"lorry production, diesel, 26 metric ton","image, remind, message, tiam-ucl"
SEMI_LH_BIODIESEL_B100_LD,Operation,"transport, freight, lorry","transport, freight, lorry, diesel, 26 metric ton","image, remind, message, tiam-ucl"
SEMI_LH_BIODIESEL_B100_LD,Construction,truck,"lorry production, diesel, 26 metric ton","image, remind, message, tiam-ucl"
SEMI_LH_BIODIESEL_B20_ELD,Construction,truck,"lorry production, diesel, 26 metric ton","image, remind, message, tiam-ucl"
SEMI_LH_BIODIESEL_B20_ELD,Operation,"transport, freight, lorry","transport, freight, lorry, diesel, 26 metric ton","image, remind, message, tiam-ucl"
SEMI_LH_BIODIESEL_B20_LD,Construction,truck,"lorry production, diesel, 26 metric ton","image, remind, message, tiam-ucl"
SEMI_LH_BIODIESEL_B20_LD,Operation,"transport, freight, lorry","transport, freight, lorry, diesel, 26 metric ton","image, remind, message, tiam-ucl"
SEMI_LH_CNG_ELD,Operation,"transport, freight, lorry","transport, freight, lorry, compressed gas, 26 metric ton","image, remind, message, tiam-ucl"
SEMI_LH_CNG_ELD,Construction,truck,"lorry production, compressed gas, 26 metric ton","image, remind, message, tiam-ucl"
SEMI_LH_CNG_LD,Operation,"transport, freight, lorry","transport, freight, lorry, compressed gas, 26 metric ton","image, remind, message, tiam-ucl"
SEMI_LH_CNG_LD,Construction,truck,"lorry production, compressed gas, 26 metric ton","image, remind, message, tiam-ucl"
SEMI_LH_CSNG_ELD,Operation,"transport, freight, lorry","transport, freight, lorry, compressed gas, 26 metric ton","image, remind, message, tiam-ucl"
SEMI_LH_CSNG_ELD,Construction,truck,"lorry production, compressed gas, 26 metric ton","image, remind, message, tiam-ucl"
SEMI_LH_CSNG_LD,Operation,"transport, freight, lorry","transport, freight, lorry, compressed gas, 26 metric ton","image, remind, message, tiam-ucl"
SEMI_LH_CSNG_LD,Construction,truck,"lorry production, compressed gas, 26 metric ton","image, remind, message, tiam-ucl"
SEMI_LH_DIESEL_ELD,Operation,"transport, freight, lorry","transport, freight, lorry, diesel, 26 metric ton","image, remind, message, tiam-ucl"
SEMI_LH_DIESEL_ELD,Construction,truck,"lorry production, diesel, 26 metric ton","image, remind, message, tiam-ucl"
SEMI_LH_DIESEL_LD,Operation,"transport, freight, lorry","transport, freight, lorry, diesel, 26 metric ton","image, remind, message, tiam-ucl"
SEMI_LH_DIESEL_LD,Construction,truck,"lorry production, diesel, 26 metric ton","image, remind, message, tiam-ucl"
SEMI_LH_EV_ELD,Operation,"transport, freight, lorry","transport, freight, lorry, battery electric, 26 metric ton","image, remind, message, tiam-ucl"
SEMI_LH_EV_ELD,Construction,truck,"lorry production, battery electric, 26 metric ton","image, remind, message, tiam-ucl"
SEMI_LH_EV_LD,Operation,"transport, freight, lorry","transport, freight, lorry, battery electric, 26 metric ton","image, remind, message, tiam-ucl"
SEMI_LH_EV_LD,Construction,truck,"lorry production, battery electric, 26 metric ton","image, remind, message, tiam-ucl"
SEMI_LH_FC_H2_ELD,Operation,"transport, freight, lorry","transport, freight, lorry, fuel cell electric, 26 metric ton","image, remind, message, tiam-ucl"
SEMI_LH_FC_H2_ELD,Construction,truck,"lorry production, fuel cell electric, 26 metric ton","image, remind, message, tiam-ucl"
SEMI_LH_FC_H2_LD,Operation,"transport, freight, lorry","transport, freight, lorry, fuel cell electric, 26 metric ton","image, remind, message, tiam-ucl"
SEMI_LH_FC_H2_LD,Construction,truck,"lorry production, fuel cell electric, 26 metric ton","image, remind, message, tiam-ucl"
SEMI_LH_HY_DIESEL_ELD,Operation,"transport, freight, lorry","transport, freight, lorry, diesel hybrid, 26 metric ton","image, remind, message, tiam-ucl"
SEMI_LH_HY_DIESEL_ELD,Construction,truck,"lorry production, diesel hybrid, 26 metric ton","image, remind, message, tiam-ucl"
SEMI_LH_HY_DIESEL_LD,Construction,truck,"lorry production, diesel hybrid, 26 metric ton","image, remind, message, tiam-ucl"
SEMI_LH_HY_DIESEL_LD,Operation,"transport, freight, lorry","transport, freight, lorry, diesel hybrid, 26 metric ton","image, remind, message, tiam-ucl"
SEMI_LH_PROPANE_ELD,Operation,"transport, freight, lorry","transport, freight, lorry, compressed gas, 26 metric ton","image, remind, message, tiam-ucl"
SEMI_LH_PROPANE_ELD,Construction,truck,"lorry production, compressed gas, 26 metric ton","image, remind, message, tiam-ucl"
SEMI_LH_PROPANE_LD,Operation,"transport, freight, lorry","transport, freight, lorry, compressed gas, 26 metric ton","image, remind, message, tiam-ucl"
SEMI_LH_PROPANE_LD,Construction,truck,"lorry production, compressed gas, 26 metric ton","image, remind, message, tiam-ucl"
SEMI_SH_BIODIESEL_B100_MD,Construction,truck,"lorry production, diesel, 26 metric ton","image, remind, message, tiam-ucl"
SEMI_SH_BIODIESEL_B100_MD,Operation,"transport, freight, lorry","transport, freight, lorry, diesel, 26 metric ton","image, remind, message, tiam-ucl"
SEMI_SH_BIODIESEL_B20_MD,Construction,truck,"lorry production, diesel, 26 metric ton","image, remind, message, tiam-ucl"
SEMI_SH_BIODIESEL_B20_MD,Operation,"transport, freight, lorry","transport, freight, lorry, diesel, 26 metric ton","image, remind, message, tiam-ucl"
SEMI_SH_CNG_MD,Operation,"transport, freight, lorry","transport, freight, lorry, compressed gas, 26 metric ton","image, remind, message, tiam-ucl"
SEMI_SH_CNG_MD,Construction,truck,"lorry production, compressed gas, 26 metric ton","image, remind, message, tiam-ucl"
SEMI_SH_CSNG_MD,Operation,"transport, freight, lorry","transport, freight, lorry, compressed gas, 26 metric ton","image, remind, message, tiam-ucl"
SEMI_SH_CSNG_MD,Construction,truck,"lorry production, compressed gas, 26 metric ton","image, remind, message, tiam-ucl"
SEMI_SH_DIESEL_MD,Construction,truck,"lorry production, diesel, 26 metric ton","image, remind, message, tiam-ucl"
SEMI_SH_DIESEL_MD,Operation,"transport, freight, lorry","transport, freight, lorry, diesel, 26 metric ton","image, remind, message, tiam-ucl"
SEMI_SH_EV_MD,Operation,"transport, freight, lorry","transport, freight, lorry, battery electric, 26 metric ton","image, remind, message, tiam-ucl"
SEMI_SH_EV_MD,Construction,truck,"lorry production, battery electric, 26 metric ton","image, remind, message, tiam-ucl"
SEMI_SH_FC_H2_MD,Operation,"transport, freight, lorry","transport, freight, lorry, fuel cell electric, 26 metric ton","image, remind, message, tiam-ucl"
SEMI_SH_FC_H2_MD,Construction,truck,"lorry production, fuel cell electric, 26 metric ton","image, remind, message, tiam-ucl"
SEMI_SH_HY_DIESEL_MD,Operation,"transport, freight, lorry","transport, freight, lorry, diesel hybrid, 26 metric ton","image, remind, message, tiam-ucl"
SEMI_SH_HY_DIESEL_MD,Construction,truck,"lorry production, diesel hybrid, 26 metric ton","image, remind, message, tiam-ucl"
SEMI_SH_PROPANE_MD,Operation,"transport, freight, lorry","transport, freight, lorry, compressed gas, 26 metric ton","image, remind, message, tiam-ucl"
SEMI_SH_PROPANE_MD,Construction,truck,"lorry production, compressed gas, 26 metric ton","image, remind, message, tiam-ucl"
SMART_PROCESS,Construction,"chemical factory, organics","chemical factory construction, organics","image, remind, message, tiam-ucl"
SMART_PROCESS,Operation,styrene,"styrene production, from ethyl benzene, PO/SM process","image, remind, message, tiam-ucl"
SMR,Operation,"hydrogen, gaseous, low pressure","hydrogen production, steam methane reforming","image, remind, message, tiam-ucl"
SMR_CCS,Operation,"hydrogen, gaseous, low pressure","hydrogen production, steam methane reforming, with CCS","image, remind, message, tiam-ucl"
SMR_CCS_PLANT,Construction,"chemical factory, organics","chemical factory construction, organics","image, remind, message, tiam-ucl"
SMR_CCS_TANK,Construction,"liquid storage tank, chemicals, organics","market for liquid storage tank, chemicals, organics","image, remind, message, tiam-ucl"
SMR_PLANT,Construction,"chemical factory, organics","chemical factory construction, organics","image, remind, message, tiam-ucl"
SMR_TANK,Construction,"liquid storage tank, chemicals, organics","market for liquid storage tank, chemicals, organics","image, remind, message, tiam-ucl"
SNG,Flow,biogas,market for biogas,"image, remind, message, tiam-ucl"
SNG_COMP_HE,Construction,"air compressor, screw-type compressor, 300kW","air compressor production, screw-type compressor, 300kW","image, remind, message, tiam-ucl"
SNG_COMP_HE,Operation,"natural gas, high pressure","market for natural gas, high pressure","image, remind, message, tiam-ucl"
SNG_COMP_LM,Operation,"natural gas, low pressure","market for natural gas, low pressure","image, remind, message, tiam-ucl"
SNG_COMP_LM,Construction,"air compressor, screw-type compressor, 4kW","air compressor production, screw-type compressor, 4kW","image, remind, message, tiam-ucl"
SNG_COMP_MH,Operation,"natural gas, medium pressure, vehicle grade","market for natural gas, medium pressure, vehicle grade","image, remind, message, tiam-ucl"
SNG_COMP_MH,Construction,"air compressor, screw-type compressor, 300kW","air compressor production, screw-type compressor, 300kW","image, remind, message, tiam-ucl"
SNG_EHP,Resource,biogas,market for biogas,"image, remind, message, tiam-ucl"
SNG_EXP_EH,Operation,"natural gas, high pressure","market for natural gas, high pressure","image, remind, message, tiam-ucl"
SNG_EXP_EH_COGEN,Construction,"air input/output unit, heat and power co-generation unit, 160kW electrical","air input/output unit production, heat and power co-generation unit, 160kW electrical","image, remind, message, tiam-ucl"
SNG_EXP_EH_COGEN,Operation,"natural gas, high pressure","market for natural gas, high pressure","image, remind, message, tiam-ucl"
SNG_EXP_HM,Operation,"natural gas, high pressure","market for natural gas, high pressure","image, remind, message, tiam-ucl"
SNG_EXP_HM_COGEN,Construction,"air input/output unit, heat and power co-generation unit, 160kW electrical","air input/output unit production, heat and power co-generation unit, 160kW electrical","image, remind, message, tiam-ucl"
SNG_EXP_HM_COGEN,Operation,"natural gas, high pressure","market for natural gas, high pressure","image, remind, message, tiam-ucl"
SNG_EXP_ML,Operation,"natural gas, medium pressure, vehicle grade","market for natural gas, medium pressure, vehicle grade","image, remind, message, tiam-ucl"
SNG_EXP_ML_COGEN,Construction,"air input/output unit, heat and power co-generation unit, 160kW electrical","air input/output unit production, heat and power co-generation unit, 160kW electrical","image, remind, message, tiam-ucl"
SNG_EXP_ML_COGEN,Operation,"natural gas, medium pressure, vehicle grade","market for natural gas, medium pressure, vehicle grade","image, remind, message, tiam-ucl"
SNG_PYROLYSIS_PLASMA,Operation,"hydrogen, gaseous, 100 bar","hydrogen production, gaseous, 100 bar, from methane pyrolysis","image, remind, message, tiam-ucl"
SNG_PYROLYSIS_PLASMA,Construction,"air compressor, screw-type compressor, 4kW","market for air compressor, screw-type compressor, 4kW","image, remind, message, tiam-ucl"
SNG_PYROLYSIS_THERMAL,Construction,"air compressor, screw-type compressor, 4kW","market for air compressor, screw-type compressor, 4kW","image, remind, message, tiam-ucl"
SNG_PYROLYSIS_THERMAL,Operation,"hydrogen, gaseous, 100 bar","hydrogen production, gaseous, 100 bar, from methane pyrolysis","image, remind, message, tiam-ucl"
SNG_REFORMING,Operation,"hydrogen, gaseous, low pressure","hydrogen production, steam methane reforming","image, remind, message, tiam-ucl"
SNG_REFORMING_PLANT,Construction,"chemical factory, organics","chemical factory construction, organics","image, remind, message, tiam-ucl"
SNG_REFORMING_TANK,Construction,"liquid storage tank, chemicals, organics","market for liquid storage tank, chemicals, organics","image, remind, message, tiam-ucl"
SNG_STO,Construction,"liquid storage tank, chemicals, organics","liquid storage tank production, chemicals, organics","image, remind, message, tiam-ucl"
SOEC_ELECTROLYSIS,Operation,"hydrogen, gaseous, 1 bar","hydrogen production, gaseous, 1 bar, from SOEC electrolysis, from grid electricity","image, remind, message, tiam-ucl"
SOEC_ELECTROLYSIS_PLANT,Construction,"electrolyzer, 1MWe, SOEC, Balance of Plant","electrolyzer production, 1MWe, SOEC, Balance of Plant","image, remind, message, tiam-ucl"
SOEC_ELECTROLYSIS_PLANT_DECOM,Construction,"used electrolyzer balance of plant, 1MWe, SOEC","treatment of electrolyzer balance of plant, 1MWe, SOEC","image, remind, message, tiam-ucl"
SOEC_ELECTROLYSIS_STACK,Construction,"electrolyzer, 1MWe, SOEC, Stack","electrolyzer production, 1MWe, SOEC, Stack","image, remind, message, tiam-ucl"
SOEC_ELECTROLYSIS_STACK_DECOM,Construction,"used electrolyzer stack, 1MWe, SOEC","treatment of electrolyzer stack, 1MWe, SOEC","image, remind, message, tiam-ucl"
SOFC,Construction,"fuel cell, stack solid oxide, 125kW electrical, future","fuel cell production, stack solid oxide, 125kW electrical, future","image, remind, message, tiam-ucl"
SOFC,Operation,"electricity, from residential heating system","electricity, residential, by conversion of hydrogen using fuel cell, SOFC, allocated by exergy, distributed by pipeline, produced by Electrolysis, PEM using electricity from grid","image, remind, message, tiam-ucl"
STEEL,Flow,"steel, chromium steel 18/8","market for steel, chromium steel 18/8","image, remind, message, tiam-ucl"
STEEL_MAKING,Operation,"steel, chromium steel 18/8","market for steel, chromium steel 18/8","image, remind, message, tiam-ucl"
STEEL_MAKING,Construction,aluminium casting facility,aluminium casting facility construction,"image, remind, message, tiam-ucl"
STEEL_MAKING_HP,Construction,aluminium casting facility,aluminium casting facility construction,"image, remind, message, tiam-ucl"
STEEL_MAKING_HP,Operation,"steel, chromium steel 18/8","market for steel, chromium steel 18/8","image, remind, message, tiam-ucl"
STEEL_MAKING_HR,Operation,"steel, chromium steel 18/8","market for steel, chromium steel 18/8","image, remind, message, tiam-ucl"
STEEL_MAKING_HR,Construction,aluminium casting facility,aluminium casting facility construction,"image, remind, message, tiam-ucl"
STYRENE,Resource,styrene,market for styrene,"image, remind, message, tiam-ucl"
STYRENE,Flow,styrene,market for styrene,"image, remind, message, tiam-ucl"
STYRENE_POLYMERIZATION,Construction,"chemical factory, organics","chemical factory construction, organics","image, remind, message, tiam-ucl"
STYRENE_POLYMERIZATION,Operation,"polystyrene, expandable","polystyrene production, expandable","image, remind, message, tiam-ucl"
SUV_BIODIESEL_B100_ELD,Construction,"Passenger car, EURO-6ab","Passenger car, diesel, Large SUV, EURO-6ab","image, remind, message, tiam-ucl"
SUV_BIODIESEL_B100_ELD,Operation,"transport, passenger car, EURO-6ab","transport, passenger car, diesel, Large SUV, EURO-6ab","image, remind, message, tiam-ucl"
SUV_BIODIESEL_B100_LD,Construction,"Passenger car, EURO-6ab","Passenger car, diesel, Large SUV, EURO-6ab","image, remind, message, tiam-ucl"
SUV_BIODIESEL_B100_LD,Operation,"transport, passenger car, EURO-6ab","transport, passenger car, diesel, Large SUV, EURO-6ab","image, remind, message, tiam-ucl"
SUV_BIODIESEL_B100_MD,Construction,"Passenger car, EURO-6ab","Passenger car, diesel, Large SUV, EURO-6ab","image, remind, message, tiam-ucl"
SUV_BIODIESEL_B100_MD,Operation,"transport, passenger car, EURO-6ab","transport, passenger car, diesel, Large SUV, EURO-6ab","image, remind, message, tiam-ucl"
SUV_BIODIESEL_B100_SD,Construction,"Passenger car, EURO-6ab","Passenger car, diesel, Large SUV, EURO-6ab","image, remind, message, tiam-ucl"
SUV_BIODIESEL_B100_SD,Operation,"transport, passenger car, EURO-6ab","transport, passenger car, diesel, Large SUV, EURO-6ab","image, remind, message, tiam-ucl"
SUV_BIODIESEL_B20_ELD,Operation,"transport, passenger car, EURO-6ab","transport, passenger car, diesel, Large SUV, EURO-6ab","image, remind, message, tiam-ucl"
SUV_BIODIESEL_B20_ELD,Construction,"Passenger car, EURO-6ab","Passenger car, diesel, Large SUV, EURO-6ab","image, remind, message, tiam-ucl"
SUV_BIODIESEL_B20_LD,Operation,"transport, passenger car, EURO-6ab","transport, passenger car, diesel, Large SUV, EURO-6ab","image, remind, message, tiam-ucl"
SUV_BIODIESEL_B20_LD,Construction,"Passenger car, EURO-6ab","Passenger car, diesel, Large SUV, EURO-6ab","image, remind, message, tiam-ucl"
SUV_BIODIESEL_B20_MD,Operation,"transport, passenger car, EURO-6ab","transport, passenger car, diesel, Large SUV, EURO-6ab","image, remind, message, tiam-ucl"
SUV_BIODIESEL_B20_MD,Construction,"Passenger car, EURO-6ab","Passenger car, diesel, Large SUV, EURO-6ab","image, remind, message, tiam-ucl"
SUV_BIODIESEL_B20_SD,Operation,"transport, passenger car, EURO-6ab","transport, passenger car, diesel, Large SUV, EURO-6ab","image, remind, message, tiam-ucl"
SUV_BIODIESEL_B20_SD,Construction,"Passenger car, EURO-6ab","Passenger car, diesel, Large SUV, EURO-6ab","image, remind, message, tiam-ucl"
SUV_BIOETOH_E10_ELD,Operation,"transport, passenger car, EURO-6ab","transport, passenger car, diesel, Large SUV, EURO-6ab","image, remind, message, tiam-ucl"
SUV_BIOETOH_E10_ELD,Construction,"Passenger car, EURO-6ab","Passenger car, diesel, Large SUV, EURO-6ab","image, remind, message, tiam-ucl"
SUV_BIOETOH_E10_LD,Operation,"transport, passenger car, EURO-6ab","transport, passenger car, diesel, Large SUV, EURO-6ab","image, remind, message, tiam-ucl"
SUV_BIOETOH_E10_LD,Construction,"Passenger car, EURO-6ab","Passenger car, diesel, Large SUV, EURO-6ab","image, remind, message, tiam-ucl"
SUV_BIOETOH_E10_MD,Operation,"transport, passenger car, EURO-6ab","transport, passenger car, diesel, Large SUV, EURO-6ab","image, remind, message, tiam-ucl"
SUV_BIOETOH_E10_MD,Construction,"Passenger car, EURO-6ab","Passenger car, diesel, Large SUV, EURO-6ab","image, remind, message, tiam-ucl"
SUV_BIOETOH_E10_SD,Operation,"transport, passenger car, EURO-6ab","transport, passenger car, diesel, Large SUV, EURO-6ab","image, remind, message, tiam-ucl"
SUV_BIOETOH_E10_SD,Construction,"Passenger car, EURO-6ab","Passenger car, diesel, Large SUV, EURO-6ab","image, remind, message, tiam-ucl"
SUV_BIOETOH_E85_ELD,Operation,"transport, passenger car, EURO-6ab","transport, passenger car, diesel, Large SUV, EURO-6ab","image, remind, message, tiam-ucl"
SUV_BIOETOH_E85_ELD,Construction,"Passenger car, EURO-6ab","Passenger car, diesel, Large SUV, EURO-6ab","image, remind, message, tiam-ucl"
SUV_BIOETOH_E85_LD,Operation,"transport, passenger car, EURO-6ab","transport, passenger car, diesel, Large SUV, EURO-6ab","image, remind, message, tiam-ucl"
SUV_BIOETOH_E85_LD,Construction,"Passenger car, EURO-6ab","Passenger car, diesel, Large SUV, EURO-6ab","image, remind, message, tiam-ucl"
SUV_BIOETOH_E85_MD,Operation,"transport, passenger car, EURO-6ab","transport, passenger car, diesel, Large SUV, EURO-6ab","image, remind, message, tiam-ucl"
SUV_BIOETOH_E85_MD,Construction,"Passenger car, EURO-6ab","Passenger car, diesel, Large SUV, EURO-6ab","image, remind, message, tiam-ucl"
SUV_BIOETOH_E85_SD,Operation,"transport, passenger car, EURO-6ab","transport, passenger car, diesel, Large SUV, EURO-6ab","image, remind, message, tiam-ucl"
SUV_BIOETOH_E85_SD,Construction,"Passenger car, EURO-6ab","Passenger car, diesel, Large SUV, EURO-6ab","image, remind, message, tiam-ucl"
SUV_CNG_ELD,Construction,"Passenger car, EURO-6ab","Passenger car, compressed gas, Large SUV, EURO-6ab","image, remind, message, tiam-ucl"
SUV_CNG_ELD,Operation,"transport, passenger car, EURO-6ab","transport, passenger car, compressed gas, Large SUV, EURO-6ab","image, remind, message, tiam-ucl"
SUV_CNG_LD,Operation,"transport, passenger car, EURO-6ab","transport, passenger car, compressed gas, Large SUV, EURO-6ab","image, remind, message, tiam-ucl"
SUV_CNG_LD,Construction,"Passenger car, EURO-6ab","Passenger car, compressed gas, Large SUV, EURO-6ab","image, remind, message, tiam-ucl"
SUV_CNG_MD,Operation,"transport, passenger car, EURO-6ab","transport, passenger car, compressed gas, Large SUV, EURO-6ab","image, remind, message, tiam-ucl"
SUV_CNG_MD,Construction,"Passenger car, EURO-6ab","Passenger car, compressed gas, Large SUV, EURO-6ab","image, remind, message, tiam-ucl"
SUV_CNG_SD,Construction,"Passenger car, EURO-6ab","Passenger car, compressed gas, Large SUV, EURO-6ab","image, remind, message, tiam-ucl"
SUV_CNG_SD,Operation,"transport, passenger car, EURO-6ab","transport, passenger car, compressed gas, Large SUV, EURO-6ab","image, remind, message, tiam-ucl"
SUV_CSNG_ELD,Construction,"Passenger car, EURO-6ab","Passenger car, compressed gas, Large SUV, EURO-6ab","image, remind, message, tiam-ucl"
SUV_CSNG_ELD,Operation,"transport, passenger car, EURO-6ab","transport, passenger car, compressed gas, Large SUV, EURO-6ab","image, remind, message, tiam-ucl"
SUV_CSNG_LD,Operation,"transport, passenger car, EURO-6ab","transport, passenger car, compressed gas, Large SUV, EURO-6ab","image, remind, message, tiam-ucl"
SUV_CSNG_LD,Construction,"Passenger car, EURO-6ab","Passenger car, compressed gas, Large SUV, EURO-6ab","image, remind, message, tiam-ucl"
SUV_CSNG_MD,Operation,"transport, passenger car, EURO-6ab","transport, passenger car, compressed gas, Large SUV, EURO-6ab","image, remind, message, tiam-ucl"
SUV_CSNG_MD,Construction,"Passenger car, EURO-6ab","Passenger car, compressed gas, Large SUV, EURO-6ab","image, remind, message, tiam-ucl"
SUV_CSNG_SD,Construction,"Passenger car, EURO-6ab","Passenger car, compressed gas, Large SUV, EURO-6ab","image, remind, message, tiam-ucl"
SUV_CSNG_SD,Operation,"transport, passenger car, EURO-6ab","transport, passenger car, compressed gas, Large SUV, EURO-6ab","image, remind, message, tiam-ucl"
SUV_DIESEL_ELD,Operation,"transport, passenger car, EURO-6ab","transport, passenger car, diesel, Large SUV, EURO-6ab","image, remind, message, tiam-ucl"
SUV_DIESEL_ELD,Construction,"Passenger car, EURO-6ab","Passenger car, diesel, Large SUV, EURO-6ab","image, remind, message, tiam-ucl"
SUV_DIESEL_LD,Construction,"Passenger car, EURO-6ab","Passenger car, diesel, Large SUV, EURO-6ab","image, remind, message, tiam-ucl"
SUV_DIESEL_LD,Operation,"transport, passenger car, EURO-6ab","transport, passenger car, diesel, Large SUV, EURO-6ab","image, remind, message, tiam-ucl"
SUV_DIESEL_MD,Operation,"transport, passenger car, EURO-6ab","transport, passenger car, diesel, Large SUV, EURO-6ab","image, remind, message, tiam-ucl"
SUV_DIESEL_MD,Construction,"Passenger car, EURO-6ab","Passenger car, diesel, Large SUV, EURO-6ab","image, remind, message, tiam-ucl"
SUV_DIESEL_SD,Operation,"transport, passenger car, EURO-6ab","transport, passenger car, diesel, Large SUV, EURO-6ab","image, remind, message, tiam-ucl"
SUV_DIESEL_SD,Construction,"Passenger car, EURO-6ab","Passenger car, diesel, Large SUV, EURO-6ab","image, remind, message, tiam-ucl"
SUV_ETOH_E10_ELD,Operation,"transport, passenger car, EURO-6ab","transport, passenger car, diesel, Large SUV, EURO-6ab","image, remind, message, tiam-ucl"
SUV_ETOH_E10_ELD,Construction,"Passenger car, EURO-6ab","Passenger car, diesel, Large SUV, EURO-6ab","image, remind, message, tiam-ucl"
SUV_ETOH_E10_LD,Operation,"transport, passenger car, EURO-6ab","transport, passenger car, diesel, Large SUV, EURO-6ab","image, remind, message, tiam-ucl"
SUV_ETOH_E10_LD,Construction,"Passenger car, EURO-6ab","Passenger car, diesel, Large SUV, EURO-6ab","image, remind, message, tiam-ucl"
SUV_ETOH_E10_MD,Operation,"transport, passenger car, EURO-6ab","transport, passenger car, diesel, Large SUV, EURO-6ab","image, remind, message, tiam-ucl"
SUV_ETOH_E10_MD,Construction,"Passenger car, EURO-6ab","Passenger car, diesel, Large SUV, EURO-6ab","image, remind, message, tiam-ucl"
SUV_ETOH_E10_SD,Operation,"transport, passenger car, EURO-6ab","transport, passenger car, diesel, Large SUV, EURO-6ab","image, remind, message, tiam-ucl"
SUV_ETOH_E10_SD,Construction,"Passenger car, EURO-6ab","Passenger car, diesel, Large SUV, EURO-6ab","image, remind, message, tiam-ucl"
SUV_ETOH_E85_ELD,Operation,"transport, passenger car, EURO-6ab","transport, passenger car, diesel, Large SUV, EURO-6ab","image, remind, message, tiam-ucl"
SUV_ETOH_E85_ELD,Construction,"Passenger car, EURO-6ab","Passenger car, diesel, Large SUV, EURO-6ab","image, remind, message, tiam-ucl"
SUV_ETOH_E85_LD,Operation,"transport, passenger car, EURO-6ab","transport, passenger car, diesel, Large SUV, EURO-6ab","image, remind, message, tiam-ucl"
SUV_ETOH_E85_LD,Construction,"Passenger car, EURO-6ab","Passenger car, diesel, Large SUV, EURO-6ab","image, remind, message, tiam-ucl"
SUV_ETOH_E85_MD,Operation,"transport, passenger car, EURO-6ab","transport, passenger car, diesel, Large SUV, EURO-6ab","image, remind, message, tiam-ucl"
SUV_ETOH_E85_MD,Construction,"Passenger car, EURO-6ab","Passenger car, diesel, Large SUV, EURO-6ab","image, remind, message, tiam-ucl"
SUV_ETOH_E85_SD,Operation,"transport, passenger car, EURO-6ab","transport, passenger car, diesel, Large SUV, EURO-6ab","image, remind, message, tiam-ucl"
SUV_ETOH_E85_SD,Construction,"Passenger car, EURO-6ab","Passenger car, diesel, Large SUV, EURO-6ab","image, remind, message, tiam-ucl"
SUV_EV_ELD,Construction,passenger car,"passenger car, battery electric, Large SUV","image, remind, message, tiam-ucl"
SUV_EV_ELD,Operation,"transport, passenger car","transport, passenger car, battery electric, Large SUV","image, remind, message, tiam-ucl"
SUV_EV_LD,Operation,"transport, passenger car","transport, passenger car, battery electric, Large SUV","image, remind, message, tiam-ucl"
SUV_EV_LD,Construction,passenger car,"passenger car, battery electric, Large SUV","image, remind, message, tiam-ucl"
SUV_EV_MD,Construction,passenger car,"passenger car, battery electric, Large SUV","image, remind, message, tiam-ucl"
SUV_EV_MD,Operation,"transport, passenger car","transport, passenger car, battery electric, Large SUV","image, remind, message, tiam-ucl"
SUV_EV_SD,Operation,"transport, passenger car","transport, passenger car, battery electric, Large SUV","image, remind, message, tiam-ucl"
SUV_EV_SD,Construction,passenger car,"passenger car, battery electric, Large SUV","image, remind, message, tiam-ucl"
SUV_FC_H2_ELD,Operation,"transport, passenger car","transport, passenger car, fuel cell electric, Large SUV","image, remind, message, tiam-ucl"
SUV_FC_H2_ELD,Construction,passenger car,"passenger car, fuel cell electric, Large SUV","image, remind, message, tiam-ucl"
SUV_FC_H2_LD,Operation,"transport, passenger car","transport, passenger car, fuel cell electric, Large SUV","image, remind, message, tiam-ucl"
SUV_FC_H2_LD,Construction,passenger car,"passenger car, fuel cell electric, Large SUV","image, remind, message, tiam-ucl"
SUV_FC_H2_MD,Operation,"transport, passenger car","transport, passenger car, fuel cell electric, Large SUV","image, remind, message, tiam-ucl"
SUV_FC_H2_MD,Construction,passenger car,"passenger car, fuel cell electric, Large SUV","image, remind, message, tiam-ucl"
SUV_FC_H2_SD,Operation,"transport, passenger car","transport, passenger car, fuel cell electric, Large SUV","image, remind, message, tiam-ucl"
SUV_FC_H2_SD,Construction,passenger car,"passenger car, fuel cell electric, Large SUV","image, remind, message, tiam-ucl"
SUV_GASOLINE_ELD,Construction,"Passenger car, EURO-6ab","Passenger car, gasoline, Large SUV, EURO-6ab","image, remind, message, tiam-ucl"
SUV_GASOLINE_ELD,Operation,"transport, passenger car, EURO-6ab","transport, passenger car, gasoline, Large SUV, EURO-6ab","image, remind, message, tiam-ucl"
SUV_GASOLINE_LD,Construction,"Passenger car, EURO-6ab","Passenger car, gasoline, Large SUV, EURO-6ab","image, remind, message, tiam-ucl"
SUV_GASOLINE_LD,Operation,"transport, passenger car, EURO-6ab","transport, passenger car, gasoline, Large SUV, EURO-6ab","image, remind, message, tiam-ucl"
SUV_GASOLINE_MD,Construction,"Passenger car, EURO-6ab","Passenger car, gasoline, Large SUV, EURO-6ab","image, remind, message, tiam-ucl"
SUV_GASOLINE_MD,Operation,"transport, passenger car, EURO-6ab","transport, passenger car, gasoline, Large SUV, EURO-6ab","image, remind, message, tiam-ucl"
SUV_GASOLINE_SD,Construction,"Passenger car, EURO-6ab","Passenger car, gasoline, Large SUV, EURO-6ab","image, remind, message, tiam-ucl"
SUV_GASOLINE_SD,Operation,"transport, passenger car, EURO-6ab","transport, passenger car, gasoline, Large SUV, EURO-6ab","image, remind, message, tiam-ucl"
SUV_HY_GASOLINE_ELD,Operation,"transport, passenger car, EURO-6ab","transport, passenger car, gasoline hybrid, Large SUV, EURO-6ab","image, remind, message, tiam-ucl"
SUV_HY_GASOLINE_ELD,Construction,"Passenger car, EURO-6ab","Passenger car, gasoline hybrid, Large SUV, EURO-6ab","image, remind, message, tiam-ucl"
SUV_HY_GASOLINE_LD,Operation,"transport, passenger car, EURO-6ab","transport, passenger car, gasoline hybrid, Large SUV, EURO-6ab","image, remind, message, tiam-ucl"
SUV_HY_GASOLINE_LD,Construction,"Passenger car, EURO-6ab","Passenger car, gasoline hybrid, Large SUV, EURO-6ab","image, remind, message, tiam-ucl"
SUV_HY_GASOLINE_MD,Operation,"transport, passenger car, EURO-6ab","transport, passenger car, gasoline hybrid, Large SUV, EURO-6ab","image, remind, message, tiam-ucl"
SUV_HY_GASOLINE_MD,Construction,"Passenger car, EURO-6ab","Passenger car, gasoline hybrid, Large SUV, EURO-6ab","image, remind, message, tiam-ucl"
SUV_HY_GASOLINE_SD,Operation,"transport, passenger car, EURO-6ab","transport, passenger car, gasoline hybrid, Large SUV, EURO-6ab","image, remind, message, tiam-ucl"
SUV_HY_GASOLINE_SD,Construction,"Passenger car, EURO-6ab","Passenger car, gasoline hybrid, Large SUV, EURO-6ab","image, remind, message, tiam-ucl"
SUV_PHEV_GASOLINE_ELD,Construction,"Passenger car, EURO-6ab","Passenger car, plugin gasoline hybrid, Large SUV, EURO-6ab","image, remind, message, tiam-ucl"
SUV_PHEV_GASOLINE_ELD,Operation,"transport, passenger car, EURO-6ab","transport, passenger car, plugin gasoline hybrid, Large SUV, EURO-6ab","image, remind, message, tiam-ucl"
SUV_PHEV_GASOLINE_LD,Construction,"Passenger car, EURO-6ab","Passenger car, plugin gasoline hybrid, Large SUV, EURO-6ab","image, remind, message, tiam-ucl"
SUV_PHEV_GASOLINE_LD,Operation,"transport, passenger car, EURO-6ab","transport, passenger car, plugin gasoline hybrid, Large SUV, EURO-6ab","image, remind, message, tiam-ucl"
SUV_PHEV_GASOLINE_MD,Operation,"transport, passenger car, EURO-6ab","transport, passenger car, plugin gasoline hybrid, Large SUV, EURO-6ab","image, remind, message, tiam-ucl"
SUV_PHEV_GASOLINE_MD,Construction,"Passenger car, EURO-6ab","Passenger car, plugin gasoline hybrid, Large SUV, EURO-6ab","image, remind, message, tiam-ucl"
SUV_PHEV_GASOLINE_SD,Construction,"Passenger car, EURO-6ab","Passenger car, plugin gasoline hybrid, Large SUV, EURO-6ab","image, remind, message, tiam-ucl"
SUV_PHEV_GASOLINE_SD,Operation,"transport, passenger car, EURO-6ab","transport, passenger car, plugin gasoline hybrid, Large SUV, EURO-6ab","image, remind, message, tiam-ucl"
SUV_PROPANE_ELD,Operation,"transport, passenger car, EURO-6ab","transport, passenger car, compressed gas, Large SUV, EURO-6ab","image, remind, message, tiam-ucl"
SUV_PROPANE_ELD,Construction,"Passenger car, EURO-6ab","Passenger car, compressed gas, Large SUV, EURO-6ab","image, remind, message, tiam-ucl"
SUV_PROPANE_LD,Operation,"transport, passenger car, EURO-6ab","transport, passenger car, compressed gas, Large SUV, EURO-6ab","image, remind, message, tiam-ucl"
SUV_PROPANE_LD,Construction,"Passenger car, EURO-6ab","Passenger car, compressed gas, Large SUV, EURO-6ab","image, remind, message, tiam-ucl"
SUV_PROPANE_MD,Operation,"transport, passenger car, EURO-6ab","transport, passenger car, compressed gas, Large SUV, EURO-6ab","image, remind, message, tiam-ucl"
SUV_PROPANE_MD,Construction,"Passenger car, EURO-6ab","Passenger car, compressed gas, Large SUV, EURO-6ab","image, remind, message, tiam-ucl"
SUV_PROPANE_SD,Operation,"transport, passenger car, EURO-6ab","transport, passenger car, compressed gas, Large SUV, EURO-6ab","image, remind, message, tiam-ucl"
SUV_PROPANE_SD,Construction,"Passenger car, EURO-6ab","Passenger car, compressed gas, Large SUV, EURO-6ab","image, remind, message, tiam-ucl"
TIDAL,Construction,wave energy converter platform,wave energy converter platform production,"image, remind, message, tiam-ucl"
TIDAL,Operation,"electricity, high voltage","electricity production, wave energy converter","image, remind, message, tiam-ucl"
TOLUENE,Resource,"toluene, liquid","market for toluene, liquid","image, remind, message, tiam-ucl"
TOLUENE,Flow,"toluene, liquid","market for toluene, liquid","image, remind, message, tiam-ucl"
TRAFO_EH,Operation,"electricity, high voltage","market for electricity, high voltage","image, remind, message, tiam-ucl"
TRAFO_HE,Operation,"electricity, high voltage","market for electricity, high voltage","image, remind, message, tiam-ucl"
TRAFO_HM,Operation,"electricity, high voltage","market for electricity, high voltage","image, remind, message, tiam-ucl"
TRAFO_LM,Operation,"electricity, low voltage","market for electricity, low voltage","image, remind, message, tiam-ucl"
TRAFO_MH,Operation,"electricity, medium voltage","market for electricity, medium voltage","image, remind, message, tiam-ucl"
TRAFO_ML,Operation,"electricity, medium voltage","market for electricity, medium voltage","image, remind, message, tiam-ucl"
TRAIN_BIODIESEL_ELD,Operation,"transport, passenger, train, fleet average","transport, passenger, train, fleet average","image, remind, message, tiam-ucl"
TRAIN_BIODIESEL_ELD,Construction,"train, passenger, long-distance","train production, passenger, long-distance","image, remind, message, tiam-ucl"
TRAIN_BIODIESEL_LD,Construction,"train, passenger, long-distance","train production, passenger, long-distance","image, remind, message, tiam-ucl"
TRAIN_BIODIESEL_LD,Operation,"transport, passenger, train, fleet average","transport, passenger, train, fleet average","image, remind, message, tiam-ucl"
TRAIN_DIESEL_ELD,Operation,"transport, passenger, train, fleet average","transport, passenger, train, fleet average","image, remind, message, tiam-ucl"
TRAIN_DIESEL_ELD,Construction,"train, passenger, long-distance","train production, passenger, long-distance","image, remind, message, tiam-ucl"
TRAIN_DIESEL_LD,Construction,"train, passenger, long-distance","train production, passenger, long-distance","image, remind, message, tiam-ucl"
TRAIN_DIESEL_LD,Operation,"transport, passenger, train, fleet average","transport, passenger, train, fleet average","image, remind, message, tiam-ucl"
TRAIN_ELEC_ELD,Operation,"transport, passenger, train, fleet average","transport, passenger, train, electric high-speed","image, remind, message, tiam-ucl"
TRAIN_ELEC_ELD,Construction,"train, passenger, high speed","market for train, passenger, high speed","image, remind, message, tiam-ucl"
TRAIN_ELEC_LD,Operation,"transport, passenger, train, fleet average","transport, passenger, train, electric high-speed","image, remind, message, tiam-ucl"
TRAIN_ELEC_LD,Construction,"train, passenger, high speed","market for train, passenger, high speed","image, remind, message, tiam-ucl"
TRAIN_FREIGHT_BIODIESEL_ELD,Operation,"transport, freight, train, fleet average","transport, freight, train, diesel","image, remind, message, tiam-ucl"
TRAIN_FREIGHT_BIODIESEL_ELD_LOC,Construction,locomotive,locomotive production,"image, remind, message, tiam-ucl"
TRAIN_FREIGHT_BIODIESEL_ELD_WAG,Construction,goods wagon,goods wagon production,"image, remind, message, tiam-ucl"
TRAIN_FREIGHT_BIODIESEL_LD,Operation,"transport, freight, train, fleet average","transport, freight, train, diesel","image, remind, message, tiam-ucl"
TRAIN_FREIGHT_BIODIESEL_LD_LOC,Construction,locomotive,locomotive production,"image, remind, message, tiam-ucl"
TRAIN_FREIGHT_BIODIESEL_LD_WAG,Construction,goods wagon,goods wagon production,"image, remind, message, tiam-ucl"
TRAIN_FREIGHT_DIESEL_ELD,Operation,"transport, freight, train, fleet average","transport, freight, train, diesel","image, remind, message, tiam-ucl"
TRAIN_FREIGHT_DIESEL_ELD_LOC,Construction,locomotive,locomotive production,"image, remind, message, tiam-ucl"
TRAIN_FREIGHT_DIESEL_ELD_WAG,Construction,goods wagon,goods wagon production,"image, remind, message, tiam-ucl"
TRAIN_FREIGHT_DIESEL_LD,Operation,"transport, freight, train, fleet average","transport, freight, train, diesel","image, remind, message, tiam-ucl"
TRAIN_FREIGHT_DIESEL_LD_LOC,Construction,locomotive,locomotive production,"image, remind, message, tiam-ucl"
TRAIN_FREIGHT_DIESEL_LD_WAG,Construction,goods wagon,goods wagon production,"image, remind, message, tiam-ucl"
TRAIN_FREIGHT_ELEC_ELD,Operation,"transport, freight, train, fleet average","transport, freight, train, electric","image, remind, message, tiam-ucl"
TRAIN_FREIGHT_ELEC_ELD_LOC,Construction,locomotive,locomotive production,"image, remind, message, tiam-ucl"
TRAIN_FREIGHT_ELEC_ELD_WAG,Construction,goods wagon,goods wagon production,"image, remind, message, tiam-ucl"
TRAIN_FREIGHT_ELEC_LD,Operation,"transport, freight, train, fleet average","transport, freight, train, electric","image, remind, message, tiam-ucl"
TRAIN_FREIGHT_ELEC_LD_LOC,Construction,locomotive,locomotive production,"image, remind, message, tiam-ucl"
TRAIN_FREIGHT_ELEC_LD_WAG,Construction,goods wagon,goods wagon production,"image, remind, message, tiam-ucl"
TRAIN_FREIGHT_H2_ELD,Operation,"transport, freight train","transport, freight train, fuel cell, hydrogen","image, remind, message, tiam-ucl"
TRAIN_FREIGHT_H2_ELD_LOC,Construction,"locomotive fuel cell, hydrogen","production of locomotive, fuel cell, hydrogen","image, remind, message, tiam-ucl"
TRAIN_FREIGHT_H2_ELD_WAG,Construction,goods wagon,goods wagon production,"image, remind, message, tiam-ucl"
TRAIN_FREIGHT_H2_HYBRID_ELD,Operation,"transport, freight, train, fleet average","transport, freight, train, electric","image, remind, message, tiam-ucl"
TRAIN_FREIGHT_H2_HYBRID_ELD_LOC,Construction,locomotive,locomotive production,"image, remind, message, tiam-ucl"
TRAIN_FREIGHT_H2_HYBRID_ELD_WAG,Construction,goods wagon,goods wagon production,"image, remind, message, tiam-ucl"
TRAIN_FREIGHT_H2_HYBRID_LD,Operation,"transport, freight, train, fleet average","transport, freight, train, electric","image, remind, message, tiam-ucl"
TRAIN_FREIGHT_H2_HYBRID_LD_LOC,Construction,locomotive,locomotive production,"image, remind, message, tiam-ucl"
TRAIN_FREIGHT_H2_HYBRID_LD_WAG,Construction,goods wagon,goods wagon production,"image, remind, message, tiam-ucl"
TRAIN_FREIGHT_H2_LD,Operation,"transport, freight train","transport, freight train, fuel cell, hydrogen","image, remind, message, tiam-ucl"
TRAIN_FREIGHT_H2_LD_LOC,Construction,"locomotive fuel cell, hydrogen","production of locomotive, fuel cell, hydrogen","image, remind, message, tiam-ucl"
TRAIN_FREIGHT_H2_LD_WAG,Construction,goods wagon,goods wagon production,"image, remind, message, tiam-ucl"
TRAIN_FREIGHT_NG_ELD,Operation,"transport, freight, train, fleet average","transport, freight, train, diesel","image, remind, message, tiam-ucl"
TRAIN_FREIGHT_NG_ELD_LOC,Construction,locomotive,locomotive production,"image, remind, message, tiam-ucl"
TRAIN_FREIGHT_NG_ELD_WAG,Construction,goods wagon,goods wagon production,"image, remind, message, tiam-ucl"
TRAIN_FREIGHT_NG_LD,Operation,"transport, freight, train, fleet average","transport, freight, train, diesel","image, remind, message, tiam-ucl"
TRAIN_FREIGHT_NG_LD_LOC,Construction,locomotive,locomotive production,"image, remind, message, tiam-ucl"
TRAIN_FREIGHT_NG_LD_WAG,Construction,goods wagon,goods wagon production,"image, remind, message, tiam-ucl"
TRAIN_FREIGHT_SNG_ELD,Operation,"transport, freight, train, fleet average","transport, freight, train, diesel","image, remind, message, tiam-ucl"
TRAIN_FREIGHT_SNG_ELD_LOC,Construction,locomotive,locomotive production,"image, remind, message, tiam-ucl"
TRAIN_FREIGHT_SNG_ELD_WAG,Construction,goods wagon,goods wagon production,"image, remind, message, tiam-ucl"
TRAIN_FREIGHT_SNG_LD,Operation,"transport, freight, train, fleet average","transport, freight, train, diesel","image, remind, message, tiam-ucl"
TRAIN_FREIGHT_SNG_LD_LOC,Construction,locomotive,locomotive production,"image, remind, message, tiam-ucl"
TRAIN_FREIGHT_SNG_LD_WAG,Construction,goods wagon,goods wagon production,"image, remind, message, tiam-ucl"
TRAIN_H2_ELD,Operation,"transport, passenger, train, fleet average","transport, passenger, train, fleet average","image, remind, message, tiam-ucl"
TRAIN_H2_ELD,Construction,"train, passenger, long-distance","train production, passenger, long-distance","image, remind, message, tiam-ucl"
TRAIN_H2_LD,Operation,"transport, passenger, train, fleet average","transport, passenger, train, fleet average","image, remind, message, tiam-ucl"
TRAIN_H2_LD,Construction,"train, passenger, long-distance","train production, passenger, long-distance","image, remind, message, tiam-ucl"
TRAIN_NG_ELD,Operation,"transport, passenger, train, fleet average","transport, passenger, train, fleet average","image, remind, message, tiam-ucl"
TRAIN_NG_ELD,Construction,"train, passenger, long-distance","train production, passenger, long-distance","image, remind, message, tiam-ucl"
TRAIN_NG_LD,Operation,"transport, passenger, train, fleet average","transport, passenger, train, fleet average","image, remind, message, tiam-ucl"
TRAIN_NG_LD,Construction,"train, passenger, long-distance","train production, passenger, long-distance","image, remind, message, tiam-ucl"
TRAIN_SNG_ELD,Operation,"transport, passenger, train, fleet average","transport, passenger, train, fleet average","image, remind, message, tiam-ucl"
TRAIN_SNG_ELD,Construction,"train, passenger, long-distance","train production, passenger, long-distance","image, remind, message, tiam-ucl"
TRAIN_SNG_LD,Operation,"transport, passenger, train, fleet average","transport, passenger, train, fleet average","image, remind, message, tiam-ucl"
TRAIN_SNG_LD,Construction,"train, passenger, long-distance","train production, passenger, long-distance","image, remind, message, tiam-ucl"
TRAMWAY_SD,Construction,tram,tram production,"image, remind, message, tiam-ucl"
TRAMWAY_SD,Operation,"transport, passenger, tram, electric","transport, passenger, tram, electric","image, remind, message, tiam-ucl"
TRUCK_LH_BIODIESEL_B100_LD,Construction,truck,"lorry production, diesel, 18 metric ton","image, remind, message, tiam-ucl"
TRUCK_LH_BIODIESEL_B100_LD,Operation,"transport, freight, lorry","transport, freight, lorry, diesel, 18 metric ton","image, remind, message, tiam-ucl"
TRUCK_LH_BIODIESEL_B20_LD,Construction,truck,"lorry production, diesel, 18 metric ton","image, remind, message, tiam-ucl"
TRUCK_LH_BIODIESEL_B20_LD,Operation,"transport, freight, lorry","transport, freight, lorry, diesel, 18 metric ton","image, remind, message, tiam-ucl"
TRUCK_LH_CNG_LD,Construction,truck,"lorry production, compressed gas, 18 metric ton","image, remind, message, tiam-ucl"
TRUCK_LH_CNG_LD,Operation,"transport, freight, lorry","transport, freight, lorry, compressed gas, 18 metric ton","image, remind, message, tiam-ucl"
TRUCK_LH_CSNG_LD,Construction,truck,"lorry production, compressed gas, 18 metric ton","image, remind, message, tiam-ucl"
TRUCK_LH_CSNG_LD,Operation,"transport, freight, lorry","transport, freight, lorry, compressed gas, 18 metric ton","image, remind, message, tiam-ucl"
TRUCK_LH_DIESEL_LD,Construction,truck,"lorry production, diesel, 18 metric ton","image, remind, message, tiam-ucl"
TRUCK_LH_DIESEL_LD,Operation,"transport, freight, lorry","transport, freight, lorry, diesel, 18 metric ton","image, remind, message, tiam-ucl"
TRUCK_LH_EV_LD,Operation,"transport, freight, lorry","transport, freight, lorry, battery electric, 18 metric ton","image, remind, message, tiam-ucl"
TRUCK_LH_EV_LD,Construction,truck,"lorry production, battery electric, 18 metric ton","image, remind, message, tiam-ucl"
TRUCK_LH_GASOLINE_LD,Construction,truck,"lorry production, diesel, 18 metric ton","image, remind, message, tiam-ucl"
TRUCK_LH_GASOLINE_LD,Operation,"transport, freight, lorry","transport, freight, lorry, diesel, 18 metric ton","image, remind, message, tiam-ucl"
TRUCK_LH_HY_DIESEL_LD,Construction,truck,"lorry production, diesel hybrid, 18 metric ton","image, remind, message, tiam-ucl"
TRUCK_LH_HY_DIESEL_LD,Operation,"transport, freight, lorry","transport, freight, lorry, diesel hybrid, 18 metric ton","image, remind, message, tiam-ucl"
TRUCK_LH_PROPANE_LD,Operation,"transport, freight, lorry","transport, freight, lorry, compressed gas, 18 metric ton","image, remind, message, tiam-ucl"
TRUCK_LH_PROPANE_LD,Construction,truck,"lorry production, compressed gas, 18 metric ton","image, remind, message, tiam-ucl"
TRUCK_SH_BIODIESEL_B100_MD,Operation,"transport, freight, lorry","transport, freight, lorry, diesel, 18 metric ton","image, remind, message, tiam-ucl"
TRUCK_SH_BIODIESEL_B100_MD,Construction,truck,"lorry production, diesel, 18 metric ton","image, remind, message, tiam-ucl"
TRUCK_SH_BIODIESEL_B100_SD,Construction,truck,"lorry production, diesel, 18 metric ton","image, remind, message, tiam-ucl"
TRUCK_SH_BIODIESEL_B100_SD,Operation,"transport, freight, lorry","transport, freight, lorry, diesel, 18 metric ton","image, remind, message, tiam-ucl"
TRUCK_SH_BIODIESEL_B20_MD,Operation,"transport, freight, lorry","transport, freight, lorry, diesel, 18 metric ton","image, remind, message, tiam-ucl"
TRUCK_SH_BIODIESEL_B20_MD,Construction,truck,"lorry production, diesel, 18 metric ton","image, remind, message, tiam-ucl"
TRUCK_SH_BIODIESEL_B20_SD,Construction,truck,"lorry production, diesel, 18 metric ton","image, remind, message, tiam-ucl"
TRUCK_SH_BIODIESEL_B20_SD,Operation,"transport, freight, lorry","transport, freight, lorry, diesel, 18 metric ton","image, remind, message, tiam-ucl"
TRUCK_SH_CNG_MD,Construction,truck,"lorry production, compressed gas, 18 metric ton","image, remind, message, tiam-ucl"
TRUCK_SH_CNG_MD,Operation,"transport, freight, lorry","transport, freight, lorry, compressed gas, 18 metric ton","image, remind, message, tiam-ucl"
TRUCK_SH_CNG_SD,Operation,"transport, freight, lorry","transport, freight, lorry, compressed gas, 18 metric ton","image, remind, message, tiam-ucl"
TRUCK_SH_CNG_SD,Construction,truck,"lorry production, compressed gas, 18 metric ton","image, remind, message, tiam-ucl"
TRUCK_SH_CSNG_MD,Construction,truck,"lorry production, compressed gas, 18 metric ton","image, remind, message, tiam-ucl"
TRUCK_SH_CSNG_MD,Operation,"transport, freight, lorry","transport, freight, lorry, compressed gas, 18 metric ton","image, remind, message, tiam-ucl"
TRUCK_SH_CSNG_SD,Operation,"transport, freight, lorry","transport, freight, lorry, compressed gas, 18 metric ton","image, remind, message, tiam-ucl"
TRUCK_SH_CSNG_SD,Construction,truck,"lorry production, compressed gas, 18 metric ton","image, remind, message, tiam-ucl"
TRUCK_SH_DIESEL_MD,Operation,"transport, freight, lorry","transport, freight, lorry, diesel, 18 metric ton","image, remind, message, tiam-ucl"
TRUCK_SH_DIESEL_MD,Construction,truck,"lorry production, diesel, 18 metric ton","image, remind, message, tiam-ucl"
TRUCK_SH_DIESEL_SD,Operation,"transport, freight, lorry","transport, freight, lorry, diesel, 18 metric ton","image, remind, message, tiam-ucl"
TRUCK_SH_DIESEL_SD,Construction,truck,"lorry production, diesel, 18 metric ton","image, remind, message, tiam-ucl"
TRUCK_SH_EV_MD,Construction,truck,"lorry production, battery electric, 18 metric ton","image, remind, message, tiam-ucl"
TRUCK_SH_EV_MD,Operation,"transport, freight, lorry","transport, freight, lorry, battery electric, 18 metric ton","image, remind, message, tiam-ucl"
TRUCK_SH_EV_SD,Operation,"transport, freight, lorry","transport, freight, lorry, battery electric, 18 metric ton","image, remind, message, tiam-ucl"
TRUCK_SH_EV_SD,Construction,truck,"lorry production, battery electric, 18 metric ton","image, remind, message, tiam-ucl"
TRUCK_SH_GASOLINE_MD,Operation,"transport, freight, lorry","transport, freight, lorry, diesel, 18 metric ton","image, remind, message, tiam-ucl"
TRUCK_SH_GASOLINE_MD,Construction,truck,"lorry production, diesel, 18 metric ton","image, remind, message, tiam-ucl"
TRUCK_SH_GASOLINE_SD,Operation,"transport, freight, lorry","transport, freight, lorry, diesel, 18 metric ton","image, remind, message, tiam-ucl"
TRUCK_SH_GASOLINE_SD,Construction,truck,"lorry production, diesel, 18 metric ton","image, remind, message, tiam-ucl"
TRUCK_SH_HY_DIESEL_MD,Operation,"transport, freight, lorry","transport, freight, lorry, diesel hybrid, 18 metric ton","image, remind, message, tiam-ucl"
TRUCK_SH_HY_DIESEL_MD,Construction,truck,"lorry production, diesel hybrid, 18 metric ton","image, remind, message, tiam-ucl"
TRUCK_SH_HY_DIESEL_SD,Operation,"transport, freight, lorry","transport, freight, lorry, diesel hybrid, 18 metric ton","image, remind, message, tiam-ucl"
TRUCK_SH_HY_DIESEL_SD,Construction,truck,"lorry production, diesel hybrid, 18 metric ton","image, remind, message, tiam-ucl"
TRUCK_SH_PROPANE_MD,Construction,truck,"lorry production, compressed gas, 18 metric ton","image, remind, message, tiam-ucl"
TRUCK_SH_PROPANE_MD,Operation,"transport, freight, lorry","transport, freight, lorry, compressed gas, 18 metric ton","image, remind, message, tiam-ucl"
TRUCK_SH_PROPANE_SD,Construction,truck,"lorry production, compressed gas, 18 metric ton","image, remind, message, tiam-ucl"
TRUCK_SH_PROPANE_SD,Operation,"transport, freight, lorry","transport, freight, lorry, compressed gas, 18 metric ton","image, remind, message, tiam-ucl"
UNMINEABLE_COAL_SEAM,Operation,"carbon dioxide, stored","carbon dioxide compression, transport and storage","image, remind, message, tiam-ucl"
URANIUM,Resource,"nuclear fuel element, for pressure water reactor, UO2 4.2% & MOX","market for nuclear fuel element, for pressure water reactor, UO2 4.2% & MOX","image, remind, message, tiam-ucl"
URANIUM,Flow,"nuclear fuel element, for pressure water reactor, UO2 4.2% & MOX","market for nuclear fuel element, for pressure water reactor, UO2 4.2% & MOX","image, remind, message, tiam-ucl"
WIND_OFFSHORE,Operation,"electricity, high voltage","electricity production, wind, 1-3MW turbine, offshore","image, remind, message, tiam-ucl"
WIND_OFFSHORE_FIXED,Construction,"wind power plant, 2MW, offshore, fixed parts","market for wind power plant, 2MW, offshore, fixed parts","image, remind, message, tiam-ucl"
WIND_OFFSHORE_MOVING,Construction,"wind power plant, 2MW, offshore, moving parts","market for wind power plant, 2MW, offshore, moving parts","image, remind, message, tiam-ucl"
WIND_ONSHORE,Operation,"electricity, high voltage","electricity production, wind, 1-3MW turbine, onshore","image, remind, message, tiam-ucl"
WIND_ONSHORE_CONNECTION,Construction,"wind turbine network connection, 2MW, onshore","wind turbine network connection construction, 2MW, onshore","image, remind, message, tiam-ucl"
WIND_ONSHORE_TURBINE,Construction,"wind turbine, 2MW, onshore","wind turbine construction, 2MW, onshore","image, remind, message, tiam-ucl"
WOOD_METHANOL,Operation,"methanol, unpurified","methanol synthesis, from wood, with CCS","image, remind, message, tiam-ucl"
WOOD_METHANOL,Construction,methanol factory,methanol factory construction,"image, remind, message, tiam-ucl"
XYLENE,Resource,"xylene, mixed","market for xylene, mixed","image, remind, message, tiam-ucl"
XYLENE,Flow,"xylene, mixed","market for xylene, mixed","image, remind, message, tiam-ucl"
