ES_name_ES_QC,Flow,Ratio 2025/2020,Ratio 2030/2020,Ratio 2035/2020,Ratio 2040/2020,Ratio 2045/2020,Ratio 2050/2020,YEAR_2020,YEAR_2025,YEAR_2030,YEAR_2035,YEAR_2040,YEAR_2045,YEAR_2050,Location,Source
IND_COGEN_GAS,ELECTRICITY,1.0,1.0,1.0,1.0,1.0,1.0,0.9565,0.9565,0.9565,0.9565,0.9565,0.9565,0.9565,EU,"G. Limpens, “Generating energy transition pathways: application to Belgium,” PhD thesis, Université catholique de Louvain, 2021. Available: https://dial.uclouvain.be/pr/boreal/object/boreal:249196"
IND_COGEN_BIOGAS,ELECTRICITY,1.0,1.0,1.0,1.0,1.0,1.0,0.9565,0.9565,0.9565,0.9565,0.9565,0.9565,0.9565,EU,"G. Limpens, “Generating energy transition pathways: application to Belgium,” PhD thesis, Université catholique de Louvain, 2021. Available: https://dial.uclouvain.be/pr/boreal/object/boreal:249196"
IND_COGEN_WOOD,ELECTRICITY,1.0,1.0,1.0,1.0,1.0,1.0,0.3396,0.3396,0.3396,0.3396,0.3396,0.3396,0.3396,EU,"G. Limpens, “Generating energy transition pathways: application to Belgium,” PhD thesis, Université catholique de Louvain, 2021. Available: https://dial.uclouvain.be/pr/boreal/object/boreal:249196"
IND_COGEN_WASTE,ELECTRICITY,1.0,1.0,1.0,1.0,1.0,1.0,0.4444,0.4444,0.4444,0.4444,0.4444,0.4444,0.4444,EU,"G. Limpens, “Generating energy transition pathways: application to Belgium,” PhD thesis, Université catholique de Louvain, 2021. Available: https://dial.uclouvain.be/pr/boreal/object/boreal:249196"
DHN_HP_ELEC,ELECTRICITY,0.9729729725712292,0.9473684235952462,0.9290322588317169,0.9113924074623111,0.8944099393192546,0.8780487819380015,-0.269097222,-0.261824324,-0.254934211,-0.25,-0.245253165,-0.24068323,-0.236280488,EU,"G. Limpens, “Generating energy transition pathways: application to Belgium,” PhD thesis, Université catholique de Louvain, 2021. Available: https://dial.uclouvain.be/pr/boreal/object/boreal:249196"
DHN_COGEN_GAS,ELECTRICITY,1.0,1.0,1.0,1.0,1.0,1.0,1.25,1.25,1.25,1.25,1.25,1.25,1.25,EU,"G. Limpens, “Generating energy transition pathways: application to Belgium,” PhD thesis, Université catholique de Louvain, 2021. Available: https://dial.uclouvain.be/pr/boreal/object/boreal:249196"
DHN_COGEN_BIOGAS,ELECTRICITY,1.0,1.0,1.0,1.0,1.0,1.0,1.25,1.25,1.25,1.25,1.25,1.25,1.25,EU,"G. Limpens, “Generating energy transition pathways: application to Belgium,” PhD thesis, Université catholique de Louvain, 2021. Available: https://dial.uclouvain.be/pr/boreal/object/boreal:249196"
DHN_COGEN_WOOD,ELECTRICITY,1.0,1.0,1.0,1.0,1.0,1.0,0.3396,0.3396,0.3396,0.3396,0.3396,0.3396,0.3396,EU,"G. Limpens, “Generating energy transition pathways: application to Belgium,” PhD thesis, Université catholique de Louvain, 2021. Available: https://dial.uclouvain.be/pr/boreal/object/boreal:249196"
DHN_COGEN_WASTE,ELECTRICITY,1.0,1.0,1.0,1.0,1.0,1.0,0.4444,0.4444,0.4444,0.4444,0.4444,0.4444,0.4444,EU,"G. Limpens, “Generating energy transition pathways: application to Belgium,” PhD thesis, Université catholique de Louvain, 2021. Available: https://dial.uclouvain.be/pr/boreal/object/boreal:249196"
DEC_HP_ELEC,ELECTRICITY,0.9729729715416181,0.947368418852072,0.9290322572013289,0.9113924042517767,0.8944099370918057,0.8780487787202009,-0.358760417,-0.349064189,-0.339878289,-0.3333,-0.326971519,-0.320878882,-0.315009146,EU,"G. Limpens, “Generating energy transition pathways: application to Belgium,” PhD thesis, Université catholique de Louvain, 2021. Available: https://dial.uclouvain.be/pr/boreal/object/boreal:249196"
DEC_COGEN_GAS,ELECTRICITY,1.0,1.0,1.0,1.0,1.0,1.0,0.9565,0.9565,0.9565,0.9565,0.9565,0.9565,0.9565,EU,"G. Limpens, “Generating energy transition pathways: application to Belgium,” PhD thesis, Université catholique de Louvain, 2021. Available: https://dial.uclouvain.be/pr/boreal/object/boreal:249196"
DEC_COGEN_BIOGAS,ELECTRICITY,1.0,1.0,1.0,1.0,1.0,1.0,0.9565,0.9565,0.9565,0.9565,0.9565,0.9565,0.9565,EU,"G. Limpens, “Generating energy transition pathways: application to Belgium,” PhD thesis, Université catholique de Louvain, 2021. Available: https://dial.uclouvain.be/pr/boreal/object/boreal:249196"
DEC_COGEN_OIL,ELECTRICITY,1.0,1.0,1.0,1.0,1.0,1.0,0.907,0.907,0.907,0.907,0.907,0.907,0.907,EU,"G. Limpens, “Generating energy transition pathways: application to Belgium,” PhD thesis, Université catholique de Louvain, 2021. Available: https://dial.uclouvain.be/pr/boreal/object/boreal:249196"
DEC_COGEN_BIOOIL,ELECTRICITY,1.0,1.0,1.0,1.0,1.0,1.0,0.907,0.907,0.907,0.907,0.907,0.907,0.907,EU,"G. Limpens, “Generating energy transition pathways: application to Belgium,” PhD thesis, Université catholique de Louvain, 2021. Available: https://dial.uclouvain.be/pr/boreal/object/boreal:249196"
DEC_ADVCOGEN_H2,ELECTRICITY,1.0,1.0,1.0,1.0,1.0,1.0,2.6364,2.6364,2.6364,2.6364,2.6364,2.6364,2.6364,EU,"G. Limpens, “Generating energy transition pathways: application to Belgium,” PhD thesis, Université catholique de Louvain, 2021. Available: https://dial.uclouvain.be/pr/boreal/object/boreal:249196"
ALKALINE_ELECTROLYSIS,ELECTRICITY,0.9806451613710815,0.9620253160595681,0.9620253160595681,0.9620253160595681,0.9620253160595681,0.9620253160595681,-1.118421053,-1.096774194,-1.075949367,-1.075949367,-1.075949367,-1.075949367,-1.075949367,EU,"G. Limpens, “Generating energy transition pathways: application to Belgium,” PhD thesis, Université catholique de Louvain, 2021. Available: https://dial.uclouvain.be/pr/boreal/object/boreal:249196"
PEM_ELECTROLYSIS,ELECTRICITY,0.9806451613710815,0.9620253160595681,0.9620253160595681,0.9620253160595681,0.9620253160595681,0.9620253160595681,-1.118421053,-1.096774194,-1.075949367,-1.075949367,-1.075949367,-1.075949367,-1.075949367,EU,"G. Limpens, “Generating energy transition pathways: application to Belgium,” PhD thesis, Université catholique de Louvain, 2021. Available: https://dial.uclouvain.be/pr/boreal/object/boreal:249196"
SOEC_ELECTROLYSIS,ELECTRICITY,0.9806451613710815,0.9620253160595681,0.9620253160595681,0.9620253160595681,0.9620253160595681,0.9620253160595681,-1.118421053,-1.096774194,-1.075949367,-1.075949367,-1.075949367,-1.075949367,-1.075949367,EU,"G. Limpens, “Generating energy transition pathways: application to Belgium,” PhD thesis, Université catholique de Louvain, 2021. Available: https://dial.uclouvain.be/pr/boreal/object/boreal:249196"
PYROLYSIS,ELECTRICITY,1.0,1.0,1.0,1.0,1.0,1.0,0.0256,0.0256,0.0256,0.0256,0.0256,0.0256,0.0256,EU,"G. Limpens, “Generating energy transition pathways: application to Belgium,” PhD thesis, Université catholique de Louvain, 2021. Available: https://dial.uclouvain.be/pr/boreal/object/boreal:249196"
DAC_HT,ELECTRICITY,1.0,1.0,1.0,1.0,1.0,1.0,-1.3,-1.3,-1.3,-1.3,-1.3,-1.3,-1.3,EU,"G. Limpens, “Generating energy transition pathways: application to Belgium,” PhD thesis, Université catholique de Louvain, 2021. Available: https://dial.uclouvain.be/pr/boreal/object/boreal:249196"
DAC_LT,ELECTRICITY,1.0,1.0,1.0,1.0,1.0,1.0,-1.3,-1.3,-1.3,-1.3,-1.3,-1.3,-1.3,EU,"G. Limpens, “Generating energy transition pathways: application to Belgium,” PhD thesis, Université catholique de Louvain, 2021. Available: https://dial.uclouvain.be/pr/boreal/object/boreal:249196"
WOOD_METHANOL,ELECTRICITY,1.0,1.0,1.0,1.0,1.0,1.0,0.032258,0.032258,0.032258,0.032258,0.032258,0.032258,0.032258,EU,"G. Limpens, “Generating energy transition pathways: application to Belgium,” PhD thesis, Université catholique de Louvain, 2021. Available: https://dial.uclouvain.be/pr/boreal/object/boreal:249196"
Haber_Bosch,ELECTRICITY,1.0,1.0,1.0,1.0,1.0,1.0,-0.122553192,-0.122553192,-0.122553192,-0.122553192,-0.122553192,-0.122553192,-0.122553192,EU,"G. Limpens, “Generating energy transition pathways: application to Belgium,” PhD thesis, Université catholique de Louvain, 2021. Available: https://dial.uclouvain.be/pr/boreal/object/boreal:249196"
SUV_HEV,GASOLINE,0.952212389339363,0.908783784133031,0.8691437800235807,0.8328173381174095,0.7994056472812232,0.7685714290735465,-0.386932528,-0.368441947,-0.351638007,-0.3363,-0.322244118,-0.309316048,-0.297385286,EU,"G. Limpens, “Generating energy transition pathways: application to Belgium,” PhD thesis, Université catholique de Louvain, 2021. Available: https://dial.uclouvain.be/pr/boreal/object/boreal:249196"
SEMI_SH_GASOLINE,DIESEL,0.9685950412047667,0.939102563680882,0.9113530319405057,0.8851963731989599,0.8604992642948861,0.8371428559745209,-0.56246041,-0.544796364,-0.528208013,-0.5126,-0.497887915,-0.483996769,-0.470859714,EU,"G. Limpens, “Generating energy transition pathways: application to Belgium,” PhD thesis, Université catholique de Louvain, 2021. Available: https://dial.uclouvain.be/pr/boreal/object/boreal:249196"
SEMI_LH_GASOLINE,DIESEL,0.9685950412047667,0.939102563680882,0.9113530319405057,0.8851963731989599,0.8604992642948861,0.8371428559745209,-0.56246041,-0.544796364,-0.528208013,-0.5126,-0.497887915,-0.483996769,-0.470859714,EU,"G. Limpens, “Generating energy transition pathways: application to Belgium,” PhD thesis, Université catholique de Louvain, 2021. Available: https://dial.uclouvain.be/pr/boreal/object/boreal:249196"
LCV_GASOLINE  ,DIESEL,0.9685950412047667,0.939102563680882,0.9113530319405057,0.8851963731989599,0.8604992642948861,0.8371428559745209,-0.56246041,-0.544796364,-0.528208013,-0.5126,-0.497887915,-0.483996769,-0.470859714,EU,"G. Limpens, “Generating energy transition pathways: application to Belgium,” PhD thesis, Université catholique de Louvain, 2021. Available: https://dial.uclouvain.be/pr/boreal/object/boreal:249196"
PYROLYSIS,DIESEL,1.0,1.0,1.0,1.0,1.0,1.0,0.456,0.456,0.456,0.456,0.456,0.456,0.456,EU,"G. Limpens, “Generating energy transition pathways: application to Belgium,” PhD thesis, Université catholique de Louvain, 2021. Available: https://dial.uclouvain.be/pr/boreal/object/boreal:249196"
IND_BOILER_OIL,LFO,0.995260663974073,0.990566037817386,0.990566037817386,0.990566037817386,0.990566037817386,0.990566037817386,-1.157015238,-1.151531754,-1.1461,-1.1461,-1.1461,-1.1461,-1.1461,EU,"G. Limpens, “Generating energy transition pathways: application to Belgium,” PhD thesis, Université catholique de Louvain, 2021. Available: https://dial.uclouvain.be/pr/boreal/object/boreal:249196"
IND_BOILER_BIOOIL,LFO,0.995260663974073,0.990566037817386,0.990566037817386,0.990566037817386,0.990566037817386,0.990566037817386,-1.157015238,-1.151531754,-1.1461,-1.1461,-1.1461,-1.1461,-1.1461,EU,"G. Limpens, “Generating energy transition pathways: application to Belgium,” PhD thesis, Université catholique de Louvain, 2021. Available: https://dial.uclouvain.be/pr/boreal/object/boreal:249196"
DHN_BOILER_OIL,LFO,0.995260663974073,0.990566037817386,0.990566037817386,0.990566037817386,0.990566037817386,0.990566037817386,-1.157015238,-1.151531754,-1.1461,-1.1461,-1.1461,-1.1461,-1.1461,EU,"G. Limpens, “Generating energy transition pathways: application to Belgium,” PhD thesis, Université catholique de Louvain, 2021. Available: https://dial.uclouvain.be/pr/boreal/object/boreal:249196"
DHN_BOILER_BIOOIL,LFO,0.995260663974073,0.990566037817386,0.990566037817386,0.990566037817386,0.990566037817386,0.990566037817386,-1.157015238,-1.151531754,-1.1461,-1.1461,-1.1461,-1.1461,-1.1461,EU,"G. Limpens, “Generating energy transition pathways: application to Belgium,” PhD thesis, Université catholique de Louvain, 2021. Available: https://dial.uclouvain.be/pr/boreal/object/boreal:249196"
DEC_COGEN_OIL,LFO,0.9952606637109951,0.9905660379166727,0.9905660379166727,0.9905660379166727,0.9905660379166727,0.9905660379166727,-2.347748571,-2.336621801,-2.3256,-2.3256,-2.3256,-2.3256,-2.3256,EU,"G. Limpens, “Generating energy transition pathways: application to Belgium,” PhD thesis, Université catholique de Louvain, 2021. Available: https://dial.uclouvain.be/pr/boreal/object/boreal:249196"
DEC_COGEN_BIOOIL,LFO,0.9952606637109951,0.9905660379166727,0.9905660379166727,0.9905660379166727,0.9905660379166727,0.9905660379166727,-2.347748571,-2.336621801,-2.3256,-2.3256,-2.3256,-2.3256,-2.3256,EU,"G. Limpens, “Generating energy transition pathways: application to Belgium,” PhD thesis, Université catholique de Louvain, 2021. Available: https://dial.uclouvain.be/pr/boreal/object/boreal:249196"
DEC_BOILER_OIL,LFO,0.9952606631040853,0.9905660376564189,0.9905660376564189,0.9905660376564189,0.9905660376564189,0.9905660376564189,-1.187704762,-1.182075829,-1.1765,-1.1765,-1.1765,-1.1765,-1.1765,EU,"G. Limpens, “Generating energy transition pathways: application to Belgium,” PhD thesis, Université catholique de Louvain, 2021. Available: https://dial.uclouvain.be/pr/boreal/object/boreal:249196"
DEC_BOILER_BIOOIL,LFO,0.9952606631040853,0.9905660376564189,0.9905660376564189,0.9905660376564189,0.9905660376564189,0.9905660376564189,-1.187704762,-1.182075829,-1.1765,-1.1765,-1.1765,-1.1765,-1.1765,EU,"G. Limpens, “Generating energy transition pathways: application to Belgium,” PhD thesis, Université catholique de Louvain, 2021. Available: https://dial.uclouvain.be/pr/boreal/object/boreal:249196"
CCGT,GAS,0.9833333330815038,0.967213114664926,0.9593495932502476,0.9516129032550511,0.9439999997582437,0.9365079363544404,-1.654558475,-1.6269825,-1.600310656,-1.5873,-1.574499194,-1.5619032,-1.549507143,EU,"G. Limpens, “Generating energy transition pathways: application to Belgium,” PhD thesis, Université catholique de Louvain, 2021. Available: https://dial.uclouvain.be/pr/boreal/object/boreal:249196"
H2_NG_CCGT,GAS,0.9833333330815038,0.967213114664926,0.9593495932502476,0.9516129032550511,0.9439999997582437,0.9365079363544404,-1.654558475,-1.6269825,-1.600310656,-1.5873,-1.574499194,-1.5619032,-1.549507143,EU,"G. Limpens, “Generating energy transition pathways: application to Belgium,” PhD thesis, Université catholique de Louvain, 2021. Available: https://dial.uclouvain.be/pr/boreal/object/boreal:249196"
CCGT_CC,GAS,0.9833333330815038,0.967213114664926,0.9593495932502476,0.9516129032550511,0.9439999997582437,0.9365079363544404,-1.654558475,-1.6269825,-1.600310656,-1.5873,-1.574499194,-1.5619032,-1.549507143,EU,"G. Limpens, “Generating energy transition pathways: application to Belgium,” PhD thesis, Université catholique de Louvain, 2021. Available: https://dial.uclouvain.be/pr/boreal/object/boreal:249196"
H2_NG_CCGT_CCS,GAS,0.9833333330815038,0.967213114664926,0.9593495932502476,0.9516129032550511,0.9439999997582437,0.9365079363544404,-1.654558475,-1.6269825,-1.600310656,-1.5873,-1.574499194,-1.5619032,-1.549507143,EU,"G. Limpens, “Generating energy transition pathways: application to Belgium,” PhD thesis, Université catholique de Louvain, 2021. Available: https://dial.uclouvain.be/pr/boreal/object/boreal:249196"
CCGT_BIOGAS,GAS,0.9833333330815038,0.967213114664926,0.9593495932502476,0.9516129032550511,0.9439999997582437,0.9365079363544404,-1.654558475,-1.6269825,-1.600310656,-1.5873,-1.574499194,-1.5619032,-1.549507143,EU,"G. Limpens, “Generating energy transition pathways: application to Belgium,” PhD thesis, Université catholique de Louvain, 2021. Available: https://dial.uclouvain.be/pr/boreal/object/boreal:249196"
H2_SNG_CCGT,GAS,0.9833333330815038,0.967213114664926,0.9593495932502476,0.9516129032550511,0.9439999997582437,0.9365079363544404,-1.654558475,-1.6269825,-1.600310656,-1.5873,-1.574499194,-1.5619032,-1.549507143,EU,"G. Limpens, “Generating energy transition pathways: application to Belgium,” PhD thesis, Université catholique de Louvain, 2021. Available: https://dial.uclouvain.be/pr/boreal/object/boreal:249196"
CCGT_BIOGAS_CC,GAS,0.9833333330815038,0.967213114664926,0.9593495932502476,0.9516129032550511,0.9439999997582437,0.9365079363544404,-1.654558475,-1.6269825,-1.600310656,-1.5873,-1.574499194,-1.5619032,-1.549507143,EU,"G. Limpens, “Generating energy transition pathways: application to Belgium,” PhD thesis, Université catholique de Louvain, 2021. Available: https://dial.uclouvain.be/pr/boreal/object/boreal:249196"
H2_SNG_CCGT_CCS,GAS,0.9833333330815038,0.967213114664926,0.9593495932502476,0.9516129032550511,0.9439999997582437,0.9365079363544404,-1.654558475,-1.6269825,-1.600310656,-1.5873,-1.574499194,-1.5619032,-1.549507143,EU,"G. Limpens, “Generating energy transition pathways: application to Belgium,” PhD thesis, Université catholique de Louvain, 2021. Available: https://dial.uclouvain.be/pr/boreal/object/boreal:249196"
IND_COGEN_GAS,GAS,0.9952606634725565,0.9905660375209138,0.9905660375209138,0.9905660375209138,0.9905660375209138,0.9905660375209138,-2.19460381,-2.184202844,-2.1739,-2.1739,-2.1739,-2.1739,-2.1739,EU,"G. Limpens, “Generating energy transition pathways: application to Belgium,” PhD thesis, Université catholique de Louvain, 2021. Available: https://dial.uclouvain.be/pr/boreal/object/boreal:249196"
IND_COGEN_BIOGAS,GAS,0.9952606634725565,0.9905660375209138,0.9905660375209138,0.9905660375209138,0.9905660375209138,0.9905660375209138,-2.19460381,-2.184202844,-2.1739,-2.1739,-2.1739,-2.1739,-2.1739,EU,"G. Limpens, “Generating energy transition pathways: application to Belgium,” PhD thesis, Université catholique de Louvain, 2021. Available: https://dial.uclouvain.be/pr/boreal/object/boreal:249196"
IND_BOILER_GAS,GAS,0.9952606627409949,0.9905660373459342,0.9905660373459342,0.9905660373459342,0.9905660373459342,0.9905660373459342,-1.088771429,-1.083611374,-1.0785,-1.0785,-1.0785,-1.0785,-1.0785,EU,"G. Limpens, “Generating energy transition pathways: application to Belgium,” PhD thesis, Université catholique de Louvain, 2021. Available: https://dial.uclouvain.be/pr/boreal/object/boreal:249196"
IND_BOILER_BIOGAS,GAS,0.9952606627409949,0.9905660373459342,0.9905660373459342,0.9905660373459342,0.9905660373459342,0.9905660373459342,-1.088771429,-1.083611374,-1.0785,-1.0785,-1.0785,-1.0785,-1.0785,EU,"G. Limpens, “Generating energy transition pathways: application to Belgium,” PhD thesis, Université catholique de Louvain, 2021. Available: https://dial.uclouvain.be/pr/boreal/object/boreal:249196"
DHN_COGEN_GAS,GAS,0.9952606633399803,0.9905660376610894,0.9905660376610894,0.9905660376610894,0.9905660376610894,0.9905660376610894,-2.523809524,-2.511848341,-2.5,-2.5,-2.5,-2.5,-2.5,EU,"G. Limpens, “Generating energy transition pathways: application to Belgium,” PhD thesis, Université catholique de Louvain, 2021. Available: https://dial.uclouvain.be/pr/boreal/object/boreal:249196"
DHN_COGEN_BIOGAS,GAS,0.9952606633399803,0.9905660376610894,0.9905660376610894,0.9905660376610894,0.9905660376610894,0.9905660376610894,-2.523809524,-2.511848341,-2.5,-2.5,-2.5,-2.5,-2.5,EU,"G. Limpens, “Generating energy transition pathways: application to Belgium,” PhD thesis, Université catholique de Louvain, 2021. Available: https://dial.uclouvain.be/pr/boreal/object/boreal:249196"
DHN_BOILER_GAS,GAS,0.9952606627409949,0.9905660373459342,0.9905660373459342,0.9905660373459342,0.9905660373459342,0.9905660373459342,-1.088771429,-1.083611374,-1.0785,-1.0785,-1.0785,-1.0785,-1.0785,EU,"G. Limpens, “Generating energy transition pathways: application to Belgium,” PhD thesis, Université catholique de Louvain, 2021. Available: https://dial.uclouvain.be/pr/boreal/object/boreal:249196"
DHN_BOILER_BIOGAS,GAS,0.9952606627409949,0.9905660373459342,0.9905660373459342,0.9905660373459342,0.9905660373459342,0.9905660373459342,-1.088771429,-1.083611374,-1.0785,-1.0785,-1.0785,-1.0785,-1.0785,EU,"G. Limpens, “Generating energy transition pathways: application to Belgium,” PhD thesis, Université catholique de Louvain, 2021. Available: https://dial.uclouvain.be/pr/boreal/object/boreal:249196"
DEC_THHP_GAS,GAS,0.9729729731236194,0.9473684218593823,0.9290322583522019,0.9113924050103742,0.894409937792992,0.8780487809296396,-0.717628472,-0.698233108,-0.679858553,-0.6667,-0.654041139,-0.641854037,-0.630112805,EU,"G. Limpens, “Generating energy transition pathways: application to Belgium,” PhD thesis, Université catholique de Louvain, 2021. Available: https://dial.uclouvain.be/pr/boreal/object/boreal:249196"
DEC_THHP_BIOGAS,GAS,0.9729729731236194,0.9473684218593823,0.9290322583522019,0.9113924050103742,0.894409937792992,0.8780487809296396,-0.717628472,-0.698233108,-0.679858553,-0.6667,-0.654041139,-0.641854037,-0.630112805,EU,"G. Limpens, “Generating energy transition pathways: application to Belgium,” PhD thesis, Université catholique de Louvain, 2021. Available: https://dial.uclouvain.be/pr/boreal/object/boreal:249196"
DEC_COGEN_GAS,GAS,0.9952606634725565,0.9905660375209138,0.9905660375209138,0.9905660375209138,0.9905660375209138,0.9905660375209138,-2.19460381,-2.184202844,-2.1739,-2.1739,-2.1739,-2.1739,-2.1739,EU,"G. Limpens, “Generating energy transition pathways: application to Belgium,” PhD thesis, Université catholique de Louvain, 2021. Available: https://dial.uclouvain.be/pr/boreal/object/boreal:249196"
DEC_COGEN_BIOGAS,GAS,0.9952606634725565,0.9905660375209138,0.9905660375209138,0.9905660375209138,0.9905660375209138,0.9905660375209138,-2.19460381,-2.184202844,-2.1739,-2.1739,-2.1739,-2.1739,-2.1739,EU,"G. Limpens, “Generating energy transition pathways: application to Belgium,” PhD thesis, Université catholique de Louvain, 2021. Available: https://dial.uclouvain.be/pr/boreal/object/boreal:249196"
DEC_BOILER_GAS,GAS,0.9952606634944334,0.9905660375255853,0.9905660375255853,0.9905660375255853,0.9905660375255853,0.9905660375255853,-1.121681905,-1.116365877,-1.1111,-1.1111,-1.1111,-1.1111,-1.1111,EU,"G. Limpens, “Generating energy transition pathways: application to Belgium,” PhD thesis, Université catholique de Louvain, 2021. Available: https://dial.uclouvain.be/pr/boreal/object/boreal:249196"
DEC_BOILER_BIOGAS,GAS,0.9952606634944334,0.9905660375255853,0.9905660375255853,0.9905660375255853,0.9905660375255853,0.9905660375255853,-1.121681905,-1.116365877,-1.1111,-1.1111,-1.1111,-1.1111,-1.1111,EU,"G. Limpens, “Generating energy transition pathways: application to Belgium,” PhD thesis, Université catholique de Louvain, 2021. Available: https://dial.uclouvain.be/pr/boreal/object/boreal:249196"
SMR,GAS,1.0,1.0,1.0,1.0,1.0,1.0,-1.3646,-1.3646,-1.3646,-1.3646,-1.3646,-1.3646,-1.3646,EU,"G. Limpens, “Generating energy transition pathways: application to Belgium,” PhD thesis, Université catholique de Louvain, 2021. Available: https://dial.uclouvain.be/pr/boreal/object/boreal:249196"
SMR_CCS,GAS,1.0,1.0,1.0,1.0,1.0,1.0,-1.3646,-1.3646,-1.3646,-1.3646,-1.3646,-1.3646,-1.3646,EU,"G. Limpens, “Generating energy transition pathways: application to Belgium,” PhD thesis, Université catholique de Louvain, 2021. Available: https://dial.uclouvain.be/pr/boreal/object/boreal:249196"
METHANE_TO_METHANOL,GAS,0.999999992152,0.999999992152,0.999999992152,0.999999992152,0.999999992152,0.999999992152,-1.529052,-1.529051988,-1.529051988,-1.529051988,-1.529051988,-1.529051988,-1.529051988,EU,"G. Limpens, “Generating energy transition pathways: application to Belgium,” PhD thesis, Université catholique de Louvain, 2021. Available: https://dial.uclouvain.be/pr/boreal/object/boreal:249196"
BIOMETHANE_TO_BIOMETHANOL,GAS,0.999999992152,0.999999992152,0.999999992152,0.999999992152,0.999999992152,0.999999992152,-1.529052,-1.529051988,-1.529051988,-1.529051988,-1.529051988,-1.529051988,-1.529051988,EU,"G. Limpens, “Generating energy transition pathways: application to Belgium,” PhD thesis, Université catholique de Louvain, 2021. Available: https://dial.uclouvain.be/pr/boreal/object/boreal:249196"
IND_COGEN_WOOD,WOOD,1.0,1.0,1.0,1.0,1.0,1.0,-1.8868,-1.8868,-1.8868,-1.8868,-1.8868,-1.8868,-1.8868,EU,"G. Limpens, “Generating energy transition pathways: application to Belgium,” PhD thesis, Université catholique de Louvain, 2021. Available: https://dial.uclouvain.be/pr/boreal/object/boreal:249196"
IND_BOILER_WOOD,WOOD,0.995260662995765,0.9905660376146749,0.9905660376146749,0.9905660376146749,0.9905660376146749,0.9905660376146749,-1.167817143,-1.162282464,-1.1568,-1.1568,-1.1568,-1.1568,-1.1568,EU,"G. Limpens, “Generating energy transition pathways: application to Belgium,” PhD thesis, Université catholique de Louvain, 2021. Available: https://dial.uclouvain.be/pr/boreal/object/boreal:249196"
DHN_COGEN_WOOD,WOOD,1.0,1.0,1.0,1.0,1.0,1.0,-1.8868,-1.8868,-1.8868,-1.8868,-1.8868,-1.8868,-1.8868,EU,"G. Limpens, “Generating energy transition pathways: application to Belgium,” PhD thesis, Université catholique de Louvain, 2021. Available: https://dial.uclouvain.be/pr/boreal/object/boreal:249196"
DHN_BOILER_WOOD,WOOD,0.995260662995765,0.9905660376146749,0.9905660376146749,0.9905660376146749,0.9905660376146749,0.9905660376146749,-1.167817143,-1.162282464,-1.1568,-1.1568,-1.1568,-1.1568,-1.1568,EU,"G. Limpens, “Generating energy transition pathways: application to Belgium,” PhD thesis, Université catholique de Louvain, 2021. Available: https://dial.uclouvain.be/pr/boreal/object/boreal:249196"
DEC_BOILER_WOOD,WOOD,0.9952606631040853,0.9905660376564189,0.9905660376564189,0.9905660376564189,0.9905660376564189,0.9905660376564189,-1.187704762,-1.182075829,-1.1765,-1.1765,-1.1765,-1.1765,-1.1765,EU,"G. Limpens, “Generating energy transition pathways: application to Belgium,” PhD thesis, Université catholique de Louvain, 2021. Available: https://dial.uclouvain.be/pr/boreal/object/boreal:249196"
GASIFICATION_SNG,WOOD,0.9756097561857027,0.952380952122823,0.9266409264548875,0.9022556389800012,0.879120878882606,0.857142856970771,-1.660297917,-1.619802846,-1.581236111,-1.5385,-1.498013158,-1.459602564,-1.4231125,EU,"G. Limpens, “Generating energy transition pathways: application to Belgium,” PhD thesis, Université catholique de Louvain, 2021. Available: https://dial.uclouvain.be/pr/boreal/object/boreal:249196"
PYROLYSIS,WOOD,1.0,1.0,0.9942726230093639,0.9886104782162358,0.9774774772021906,0.9665924273307451,-2.552619816,-2.552619816,-2.552619816,-2.538,-2.523546697,-2.495128378,-2.467342984,EU,"G. Limpens, “Generating energy transition pathways: application to Belgium,” PhD thesis, Université catholique de Louvain, 2021. Available: https://dial.uclouvain.be/pr/boreal/object/boreal:249196"
WOOD_METHANOL,WOOD,1.0,1.0,0.9942726229041678,0.9886104779583035,0.9774774775135758,0.9665924275414147,-1.622190899,-1.622190899,-1.622190899,-1.6129,-1.60371492,-1.585655068,-1.567997439,EU,"G. Limpens, “Generating energy transition pathways: application to Belgium,” PhD thesis, Université catholique de Louvain, 2021. Available: https://dial.uclouvain.be/pr/boreal/object/boreal:249196"
METHANATION,WET_BIOMASS,1.0,1.0,1.0,1.0,1.0,1.0,-3.3462,-3.3462,-3.3462,-3.3462,-3.3462,-3.3462,-3.3462,EU,"G. Limpens, “Generating energy transition pathways: application to Belgium,” PhD thesis, Université catholique de Louvain, 2021. Available: https://dial.uclouvain.be/pr/boreal/object/boreal:249196"
COAL_US,COAL,0.9651741296602491,0.9326923079366349,0.9260143199130311,0.919431279666013,0.9129411766264648,0.9065420560366003,-2.203853608,-2.127102488,-2.055517308,-2.0408,-2.026291943,-2.011988706,-1.997885981,EU,"G. Limpens, “Generating energy transition pathways: application to Belgium,” PhD thesis, Université catholique de Louvain, 2021. Available: https://dial.uclouvain.be/pr/boreal/object/boreal:249196"
COAL_US_CC,COAL,0.9651741296602491,0.9326923079366349,0.9260143199130311,0.919431279666013,0.9129411766264648,0.9065420560366003,-2.203853608,-2.127102488,-2.055517308,-2.0408,-2.026291943,-2.011988706,-1.997885981,EU,"G. Limpens, “Generating energy transition pathways: application to Belgium,” PhD thesis, Université catholique de Louvain, 2021. Available: https://dial.uclouvain.be/pr/boreal/object/boreal:249196"
COAL_IGCC,COAL,0.965174129529863,0.9326923078750127,0.9260143200286549,0.919431279777262,0.9129411764811772,0.9065420565047028,-1.999861082,-1.930214179,-1.865255048,-1.8519,-1.838734834,-1.825755529,-1.812958178,EU,"G. Limpens, “Generating energy transition pathways: application to Belgium,” PhD thesis, Université catholique de Louvain, 2021. Available: https://dial.uclouvain.be/pr/boreal/object/boreal:249196"
COAL_IGCC_CC,COAL,0.965174129529863,0.9326923078750127,0.9260143200286549,0.919431279777262,0.9129411764811772,0.9065420565047028,-1.999861082,-1.930214179,-1.865255048,-1.8519,-1.838734834,-1.825755529,-1.812958178,EU,"G. Limpens, “Generating energy transition pathways: application to Belgium,” PhD thesis, Université catholique de Louvain, 2021. Available: https://dial.uclouvain.be/pr/boreal/object/boreal:249196"
IND_BOILER_COAL,COAL,0.9952606633954698,0.9905660375059607,0.9905660375059607,0.9905660375059607,0.9905660375059607,0.9905660375059607,-1.231114286,-1.225279621,-1.2195,-1.2195,-1.2195,-1.2195,-1.2195,EU,"G. Limpens, “Generating energy transition pathways: application to Belgium,” PhD thesis, Université catholique de Louvain, 2021. Available: https://dial.uclouvain.be/pr/boreal/object/boreal:249196"
NUCLEAR,URANIUM,0.9714587737200152,0.9445015417157532,0.9189999999989799,0.8948393380054447,0.8719165085205106,0.8501387604482367,-2.940914037,-2.856976744,-2.777697842,-2.7027,-2.63164557,-2.564231499,-2.500185014,EU,"G. Limpens, “Generating energy transition pathways: application to Belgium,” PhD thesis, Université catholique de Louvain, 2021. Available: https://dial.uclouvain.be/pr/boreal/object/boreal:249196"
IND_COGEN_WASTE,WASTE,0.999003983970795,0.9980099501326843,0.997017892653055,0.9960278052506314,0.9950396825414631,0.9940535182442745,-2.22884666,-2.226626693,-2.224411144,-2.2222,-2.219993247,-2.217790873,-2.215592864,EU,"G. Limpens, “Generating energy transition pathways: application to Belgium,” PhD thesis, Université catholique de Louvain, 2021. Available: https://dial.uclouvain.be/pr/boreal/object/boreal:249196"
IND_BOILER_WASTE,WASTE,0.9952606633954698,0.9905660375059607,0.9905660375059607,0.9905660375059607,0.9905660375059607,0.9905660375059607,-1.231114286,-1.225279621,-1.2195,-1.2195,-1.2195,-1.2195,-1.2195,EU,"G. Limpens, “Generating energy transition pathways: application to Belgium,” PhD thesis, Université catholique de Louvain, 2021. Available: https://dial.uclouvain.be/pr/boreal/object/boreal:249196"
DHN_COGEN_WASTE,WASTE,0.999003983970795,0.9980099501326843,0.997017892653055,0.9960278052506314,0.9950396825414631,0.9940535182442745,-2.22884666,-2.226626693,-2.224411144,-2.2222,-2.219993247,-2.217790873,-2.215592864,EU,"G. Limpens, “Generating energy transition pathways: application to Belgium,” PhD thesis, Université catholique de Louvain, 2021. Available: https://dial.uclouvain.be/pr/boreal/object/boreal:249196"
DEC_ADVCOGEN_H2,H2,1.0,1.0,1.0,1.0,1.0,1.0,-4.5455,-4.5455,-4.5455,-4.5455,-4.5455,-4.5455,-4.5455,EU,"G. Limpens, “Generating energy transition pathways: application to Belgium,” PhD thesis, Université catholique de Louvain, 2021. Available: https://dial.uclouvain.be/pr/boreal/object/boreal:249196"
Haber_Bosch,H2,1.0,1.0,1.0,1.0,1.0,1.0,-1.13,-1.13,-1.13,-1.13,-1.13,-1.13,-1.13,EU,"G. Limpens, “Generating energy transition pathways: application to Belgium,” PhD thesis, Université catholique de Louvain, 2021. Available: https://dial.uclouvain.be/pr/boreal/object/boreal:249196"
SUV_MEOH,METHANOL,0.9617021294710849,0.9262295092164502,0.8932806332101235,0.8625954209899013,0.8339483402867606,0.8071428573094735,-0.514440796,-0.494738809,-0.476490246,-0.45954,-0.443754275,-0.429017048,-0.415227214,EU,"G. Limpens, “Generating energy transition pathways: application to Belgium,” PhD thesis, Université catholique de Louvain, 2021. Available: https://dial.uclouvain.be/pr/boreal/object/boreal:249196"
SUV_BIOMEOH,METHANOL,0.9617021294710849,0.9262295092164502,0.8932806332101235,0.8625954209899013,0.8339483402867606,0.8071428573094735,-0.514440796,-0.494738809,-0.476490246,-0.45954,-0.443754275,-0.429017048,-0.415227214,EU,"G. Limpens, “Generating energy transition pathways: application to Belgium,” PhD thesis, Université catholique de Louvain, 2021. Available: https://dial.uclouvain.be/pr/boreal/object/boreal:249196"
LCV_BIOETOH_E10,METHANOL,0.9685950406729847,0.9391025648015224,0.911353032243286,0.8851963749400933,0.8604992655675822,0.8371428579073347,-0.646566639,-0.62626124,-0.607192389,-0.589250467,-0.572338445,-0.556370118,-0.541268644,EU,"G. Limpens, “Generating energy transition pathways: application to Belgium,” PhD thesis, Université catholique de Louvain, 2021. Available: https://dial.uclouvain.be/pr/boreal/object/boreal:249196"
LCV_BIOETOH_E85,METHANOL,0.9685950406729847,0.9391025648015224,0.911353032243286,0.8851963749400933,0.8604992655675822,0.8371428579073347,-0.646566639,-0.62626124,-0.607192389,-0.589250467,-0.572338445,-0.556370118,-0.541268644,EU,"G. Limpens, “Generating energy transition pathways: application to Belgium,” PhD thesis, Université catholique de Louvain, 2021. Available: https://dial.uclouvain.be/pr/boreal/object/boreal:249196"
ALKALINE_ELECTROLYSIS,HEAT_HIGH_T,0.9810126565282701,0.9620253181232068,0.9620253181232068,0.9620253181232068,0.9620253181232068,0.9620253181232068,-0.197368421,-0.193620919,-0.189873418,-0.189873418,-0.189873418,-0.189873418,-0.189873418,EU,"G. Limpens, “Generating energy transition pathways: application to Belgium,” PhD thesis, Université catholique de Louvain, 2021. Available: https://dial.uclouvain.be/pr/boreal/object/boreal:249196"
PEM_ELECTROLYSIS,HEAT_HIGH_T,0.9810126565282701,0.9620253181232068,0.9620253181232068,0.9620253181232068,0.9620253181232068,0.9620253181232068,-0.197368421,-0.193620919,-0.189873418,-0.189873418,-0.189873418,-0.189873418,-0.189873418,EU,"G. Limpens, “Generating energy transition pathways: application to Belgium,” PhD thesis, Université catholique de Louvain, 2021. Available: https://dial.uclouvain.be/pr/boreal/object/boreal:249196"
SOEC_ELECTROLYSIS,HEAT_HIGH_T,0.9810126565282701,0.9620253181232068,0.9620253181232068,0.9620253181232068,0.9620253181232068,0.9620253181232068,-0.197368421,-0.193620919,-0.189873418,-0.189873418,-0.189873418,-0.189873418,-0.189873418,EU,"G. Limpens, “Generating energy transition pathways: application to Belgium,” PhD thesis, Université catholique de Louvain, 2021. Available: https://dial.uclouvain.be/pr/boreal/object/boreal:249196"
ALKALINE_ELECTROLYSIS,HEAT_LOW_T_DHN,0.7405063332827004,0.48101266656540087,0.48101266656540087,0.48101266656540087,0.48101266656540087,0.48101266656540087,0.039473684,0.029230513,0.018987342,0.018987342,0.018987342,0.018987342,0.018987342,EU,"G. Limpens, “Generating energy transition pathways: application to Belgium,” PhD thesis, Université catholique de Louvain, 2021. Available: https://dial.uclouvain.be/pr/boreal/object/boreal:249196"
PEM_ELECTROLYSIS,HEAT_LOW_T_DHN,0.7405063332827004,0.48101266656540087,0.48101266656540087,0.48101266656540087,0.48101266656540087,0.48101266656540087,0.039473684,0.029230513,0.018987342,0.018987342,0.018987342,0.018987342,0.018987342,EU,"G. Limpens, “Generating energy transition pathways: application to Belgium,” PhD thesis, Université catholique de Louvain, 2021. Available: https://dial.uclouvain.be/pr/boreal/object/boreal:249196"
SOEC_ELECTROLYSIS,HEAT_LOW_T_DHN,0.7405063332827004,0.48101266656540087,0.48101266656540087,0.48101266656540087,0.48101266656540087,0.48101266656540087,0.039473684,0.029230513,0.018987342,0.018987342,0.018987342,0.018987342,0.018987342,EU,"G. Limpens, “Generating energy transition pathways: application to Belgium,” PhD thesis, Université catholique de Louvain, 2021. Available: https://dial.uclouvain.be/pr/boreal/object/boreal:249196"
GASIFICATION_SNG,HEAT_LOW_T_DHN,1.0,1.0,1.0,1.0,1.0,1.0,0.338,0.338,0.338,0.338,0.338,0.338,0.338,EU,"G. Limpens, “Generating energy transition pathways: application to Belgium,” PhD thesis, Université catholique de Louvain, 2021. Available: https://dial.uclouvain.be/pr/boreal/object/boreal:249196"
WOOD_METHANOL,HEAT_LOW_T_DHN,1.0,1.0,1.0,1.0,1.0,1.0,0.35484,0.35484,0.35484,0.35484,0.35484,0.35484,0.35484,EU,"G. Limpens, “Generating energy transition pathways: application to Belgium,” PhD thesis, Université catholique de Louvain, 2021. Available: https://dial.uclouvain.be/pr/boreal/object/boreal:249196"
Haber_Bosch,HEAT_LOW_T_DHN,1.0,1.0,1.0,1.0,1.0,1.0,0.134042253,0.134042253,0.134042253,0.134042253,0.134042253,0.134042253,0.134042253,EU,"G. Limpens, “Generating energy transition pathways: application to Belgium,” PhD thesis, Université catholique de Louvain, 2021. Available: https://dial.uclouvain.be/pr/boreal/object/boreal:249196"
CCGT,CO2_INDUSTRY,1.0,1.0,1.0,1.0,1.0,1.0,0.31746,0.31746,0.31746,0.31746,0.31746,0.31746,0.31746,EU,"G. Limpens, “Generating energy transition pathways: application to Belgium,” PhD thesis, Université catholique de Louvain, 2021. Available: https://dial.uclouvain.be/pr/boreal/object/boreal:249196"
H2_NG_CCGT,CO2_INDUSTRY,1.0,1.0,1.0,1.0,1.0,1.0,0.31746,0.31746,0.31746,0.31746,0.31746,0.31746,0.31746,EU,"G. Limpens, “Generating energy transition pathways: application to Belgium,” PhD thesis, Université catholique de Louvain, 2021. Available: https://dial.uclouvain.be/pr/boreal/object/boreal:249196"
CCGT_CC,CO2_INDUSTRY,1.0,1.0,1.0,1.0,1.0,1.0,0.31746,0.31746,0.31746,0.31746,0.31746,0.31746,0.31746,EU,"G. Limpens, “Generating energy transition pathways: application to Belgium,” PhD thesis, Université catholique de Louvain, 2021. Available: https://dial.uclouvain.be/pr/boreal/object/boreal:249196"
H2_NG_CCGT_CCS,CO2_INDUSTRY,1.0,1.0,1.0,1.0,1.0,1.0,0.31746,0.31746,0.31746,0.31746,0.31746,0.31746,0.31746,EU,"G. Limpens, “Generating energy transition pathways: application to Belgium,” PhD thesis, Université catholique de Louvain, 2021. Available: https://dial.uclouvain.be/pr/boreal/object/boreal:249196"
CCGT_BIOGAS,CO2_INDUSTRY,1.0,1.0,1.0,1.0,1.0,1.0,0.31746,0.31746,0.31746,0.31746,0.31746,0.31746,0.31746,EU,"G. Limpens, “Generating energy transition pathways: application to Belgium,” PhD thesis, Université catholique de Louvain, 2021. Available: https://dial.uclouvain.be/pr/boreal/object/boreal:249196"
H2_SNG_CCGT,CO2_INDUSTRY,1.0,1.0,1.0,1.0,1.0,1.0,0.31746,0.31746,0.31746,0.31746,0.31746,0.31746,0.31746,EU,"G. Limpens, “Generating energy transition pathways: application to Belgium,” PhD thesis, Université catholique de Louvain, 2021. Available: https://dial.uclouvain.be/pr/boreal/object/boreal:249196"
CCGT_BIOGAS_CC,CO2_INDUSTRY,1.0,1.0,1.0,1.0,1.0,1.0,0.31746,0.31746,0.31746,0.31746,0.31746,0.31746,0.31746,EU,"G. Limpens, “Generating energy transition pathways: application to Belgium,” PhD thesis, Université catholique de Louvain, 2021. Available: https://dial.uclouvain.be/pr/boreal/object/boreal:249196"
H2_SNG_CCGT_CCS,CO2_INDUSTRY,1.0,1.0,1.0,1.0,1.0,1.0,0.31746,0.31746,0.31746,0.31746,0.31746,0.31746,0.31746,EU,"G. Limpens, “Generating energy transition pathways: application to Belgium,” PhD thesis, Université catholique de Louvain, 2021. Available: https://dial.uclouvain.be/pr/boreal/object/boreal:249196"
COAL_US,CO2_INDUSTRY,1.0,1.0,1.0,1.0,1.0,1.0,0.734688,0.734688,0.734688,0.734688,0.734688,0.734688,0.734688,EU,"G. Limpens, “Generating energy transition pathways: application to Belgium,” PhD thesis, Université catholique de Louvain, 2021. Available: https://dial.uclouvain.be/pr/boreal/object/boreal:249196"
COAL_US_CC,CO2_INDUSTRY,1.0,1.0,1.0,1.0,1.0,1.0,0.734688,0.734688,0.734688,0.734688,0.734688,0.734688,0.734688,EU,"G. Limpens, “Generating energy transition pathways: application to Belgium,” PhD thesis, Université catholique de Louvain, 2021. Available: https://dial.uclouvain.be/pr/boreal/object/boreal:249196"
COAL_IGCC,CO2_INDUSTRY,1.0,1.0,1.0,1.0,1.0,1.0,0.666684,0.666684,0.666684,0.666684,0.666684,0.666684,0.666684,EU,"G. Limpens, “Generating energy transition pathways: application to Belgium,” PhD thesis, Université catholique de Louvain, 2021. Available: https://dial.uclouvain.be/pr/boreal/object/boreal:249196"
COAL_IGCC_CC,CO2_INDUSTRY,1.0,1.0,1.0,1.0,1.0,1.0,0.666684,0.666684,0.666684,0.666684,0.666684,0.666684,0.666684,EU,"G. Limpens, “Generating energy transition pathways: application to Belgium,” PhD thesis, Université catholique de Louvain, 2021. Available: https://dial.uclouvain.be/pr/boreal/object/boreal:249196"
IND_COGEN_GAS,CO2_INDUSTRY,1.0,1.0,1.0,1.0,1.0,1.0,0.43478,0.43478,0.43478,0.43478,0.43478,0.43478,0.43478,EU,"G. Limpens, “Generating energy transition pathways: application to Belgium,” PhD thesis, Université catholique de Louvain, 2021. Available: https://dial.uclouvain.be/pr/boreal/object/boreal:249196"
IND_COGEN_BIOGAS,CO2_INDUSTRY,1.0,1.0,1.0,1.0,1.0,1.0,0.43478,0.43478,0.43478,0.43478,0.43478,0.43478,0.43478,EU,"G. Limpens, “Generating energy transition pathways: application to Belgium,” PhD thesis, Université catholique de Louvain, 2021. Available: https://dial.uclouvain.be/pr/boreal/object/boreal:249196"
IND_COGEN_WOOD,CO2_INDUSTRY,1.0,1.0,1.0,1.0,1.0,1.0,0.735852,0.735852,0.735852,0.735852,0.735852,0.735852,0.735852,EU,"G. Limpens, “Generating energy transition pathways: application to Belgium,” PhD thesis, Université catholique de Louvain, 2021. Available: https://dial.uclouvain.be/pr/boreal/object/boreal:249196"
IND_COGEN_WASTE,CO2_INDUSTRY,1.0,1.0,1.0,1.0,1.0,1.0,0.577772,0.577772,0.577772,0.577772,0.577772,0.577772,0.577772,EU,"G. Limpens, “Generating energy transition pathways: application to Belgium,” PhD thesis, Université catholique de Louvain, 2021. Available: https://dial.uclouvain.be/pr/boreal/object/boreal:249196"
IND_BOILER_GAS,CO2_INDUSTRY,1.0,1.0,1.0,1.0,1.0,1.0,0.2157,0.2157,0.2157,0.2157,0.2157,0.2157,0.2157,EU,"G. Limpens, “Generating energy transition pathways: application to Belgium,” PhD thesis, Université catholique de Louvain, 2021. Available: https://dial.uclouvain.be/pr/boreal/object/boreal:249196"
IND_BOILER_BIOGAS,CO2_INDUSTRY,1.0,1.0,1.0,1.0,1.0,1.0,0.2157,0.2157,0.2157,0.2157,0.2157,0.2157,0.2157,EU,"G. Limpens, “Generating energy transition pathways: application to Belgium,” PhD thesis, Université catholique de Louvain, 2021. Available: https://dial.uclouvain.be/pr/boreal/object/boreal:249196"
IND_BOILER_WOOD,CO2_INDUSTRY,1.0,1.0,1.0,1.0,1.0,1.0,0.451152,0.451152,0.451152,0.451152,0.451152,0.451152,0.451152,EU,"G. Limpens, “Generating energy transition pathways: application to Belgium,” PhD thesis, Université catholique de Louvain, 2021. Available: https://dial.uclouvain.be/pr/boreal/object/boreal:249196"
IND_BOILER_OIL,CO2_INDUSTRY,1.0,1.0,1.0,1.0,1.0,1.0,0.297986,0.297986,0.297986,0.297986,0.297986,0.297986,0.297986,EU,"G. Limpens, “Generating energy transition pathways: application to Belgium,” PhD thesis, Université catholique de Louvain, 2021. Available: https://dial.uclouvain.be/pr/boreal/object/boreal:249196"
IND_BOILER_BIOOIL,CO2_INDUSTRY,1.0,1.0,1.0,1.0,1.0,1.0,0.297986,0.297986,0.297986,0.297986,0.297986,0.297986,0.297986,EU,"G. Limpens, “Generating energy transition pathways: application to Belgium,” PhD thesis, Université catholique de Louvain, 2021. Available: https://dial.uclouvain.be/pr/boreal/object/boreal:249196"
IND_BOILER_COAL,CO2_INDUSTRY,1.0,1.0,1.0,1.0,1.0,1.0,0.43902,0.43902,0.43902,0.43902,0.43902,0.43902,0.43902,EU,"G. Limpens, “Generating energy transition pathways: application to Belgium,” PhD thesis, Université catholique de Louvain, 2021. Available: https://dial.uclouvain.be/pr/boreal/object/boreal:249196"
IND_BOILER_WASTE,CO2_INDUSTRY,1.0,1.0,1.0,1.0,1.0,1.0,0.31707,0.31707,0.31707,0.31707,0.31707,0.31707,0.31707,EU,"G. Limpens, “Generating energy transition pathways: application to Belgium,” PhD thesis, Université catholique de Louvain, 2021. Available: https://dial.uclouvain.be/pr/boreal/object/boreal:249196"
DHN_COGEN_GAS,CO2_INDUSTRY,1.0,1.0,1.0,1.0,1.0,1.0,0.5,0.5,0.5,0.5,0.5,0.5,0.5,EU,"G. Limpens, “Generating energy transition pathways: application to Belgium,” PhD thesis, Université catholique de Louvain, 2021. Available: https://dial.uclouvain.be/pr/boreal/object/boreal:249196"
DHN_COGEN_BIOGAS,CO2_INDUSTRY,1.0,1.0,1.0,1.0,1.0,1.0,0.5,0.5,0.5,0.5,0.5,0.5,0.5,EU,"G. Limpens, “Generating energy transition pathways: application to Belgium,” PhD thesis, Université catholique de Louvain, 2021. Available: https://dial.uclouvain.be/pr/boreal/object/boreal:249196"
DHN_COGEN_WOOD,CO2_INDUSTRY,1.0,1.0,1.0,1.0,1.0,1.0,0.735852,0.735852,0.735852,0.735852,0.735852,0.735852,0.735852,EU,"G. Limpens, “Generating energy transition pathways: application to Belgium,” PhD thesis, Université catholique de Louvain, 2021. Available: https://dial.uclouvain.be/pr/boreal/object/boreal:249196"
DHN_COGEN_WASTE,CO2_INDUSTRY,1.0,1.0,1.0,1.0,1.0,1.0,0.577772,0.577772,0.577772,0.577772,0.577772,0.577772,0.577772,EU,"G. Limpens, “Generating energy transition pathways: application to Belgium,” PhD thesis, Université catholique de Louvain, 2021. Available: https://dial.uclouvain.be/pr/boreal/object/boreal:249196"
DHN_BOILER_GAS,CO2_INDUSTRY,1.0,1.0,1.0,1.0,1.0,1.0,0.2157,0.2157,0.2157,0.2157,0.2157,0.2157,0.2157,EU,"G. Limpens, “Generating energy transition pathways: application to Belgium,” PhD thesis, Université catholique de Louvain, 2021. Available: https://dial.uclouvain.be/pr/boreal/object/boreal:249196"
DHN_BOILER_BIOGAS,CO2_INDUSTRY,1.0,1.0,1.0,1.0,1.0,1.0,0.2157,0.2157,0.2157,0.2157,0.2157,0.2157,0.2157,EU,"G. Limpens, “Generating energy transition pathways: application to Belgium,” PhD thesis, Université catholique de Louvain, 2021. Available: https://dial.uclouvain.be/pr/boreal/object/boreal:249196"
DHN_BOILER_WOOD,CO2_INDUSTRY,1.0,1.0,1.0,1.0,1.0,1.0,0.451152,0.451152,0.451152,0.451152,0.451152,0.451152,0.451152,EU,"G. Limpens, “Generating energy transition pathways: application to Belgium,” PhD thesis, Université catholique de Louvain, 2021. Available: https://dial.uclouvain.be/pr/boreal/object/boreal:249196"
DHN_BOILER_OIL,CO2_INDUSTRY,1.0,1.0,1.0,1.0,1.0,1.0,0.297986,0.297986,0.297986,0.297986,0.297986,0.297986,0.297986,EU,"G. Limpens, “Generating energy transition pathways: application to Belgium,” PhD thesis, Université catholique de Louvain, 2021. Available: https://dial.uclouvain.be/pr/boreal/object/boreal:249196"
DHN_BOILER_BIOOIL,CO2_INDUSTRY,1.0,1.0,1.0,1.0,1.0,1.0,0.297986,0.297986,0.297986,0.297986,0.297986,0.297986,0.297986,EU,"G. Limpens, “Generating energy transition pathways: application to Belgium,” PhD thesis, Université catholique de Louvain, 2021. Available: https://dial.uclouvain.be/pr/boreal/object/boreal:249196"
SMR,CO2_INDUSTRY,1.0,1.0,1.0,1.0,1.0,1.0,0.27292,0.27292,0.27292,0.27292,0.27292,0.27292,0.27292,EU,"G. Limpens, “Generating energy transition pathways: application to Belgium,” PhD thesis, Université catholique de Louvain, 2021. Available: https://dial.uclouvain.be/pr/boreal/object/boreal:249196"
SMR_CCS,CO2_INDUSTRY,1.0,1.0,1.0,1.0,1.0,1.0,0.27292,0.27292,0.27292,0.27292,0.27292,0.27292,0.27292,EU,"G. Limpens, “Generating energy transition pathways: application to Belgium,” PhD thesis, Université catholique de Louvain, 2021. Available: https://dial.uclouvain.be/pr/boreal/object/boreal:249196"
GASIFICATION_SNG,CO2_INDUSTRY,1.0,1.0,1.0,1.0,1.0,1.0,0.400015,0.400015,0.400015,0.400015,0.400015,0.400015,0.400015,EU,"G. Limpens, “Generating energy transition pathways: application to Belgium,” PhD thesis, Université catholique de Louvain, 2021. Available: https://dial.uclouvain.be/pr/boreal/object/boreal:249196"
METHANATION,CO2_INDUSTRY,1.0,1.0,1.0,1.0,1.0,1.0,1.105018,1.105018,1.105018,1.105018,1.105018,1.105018,1.105018,EU,"G. Limpens, “Generating energy transition pathways: application to Belgium,” PhD thesis, Université catholique de Louvain, 2021. Available: https://dial.uclouvain.be/pr/boreal/object/boreal:249196"
PYROLYSIS,CO2_INDUSTRY,1.0,1.0,1.0,1.0,1.0,1.0,0.6167,0.6167,0.6167,0.6167,0.6167,0.6167,0.6167,EU,"G. Limpens, “Generating energy transition pathways: application to Belgium,” PhD thesis, Université catholique de Louvain, 2021. Available: https://dial.uclouvain.be/pr/boreal/object/boreal:249196"
METHANE_TO_METHANOL,CO2_INDUSTRY,1.0000000499109092,1.0000000499109092,1.0000000499109092,1.0000000499109092,1.0000000499109092,1.0000000499109092,0.0601071,0.060107103,0.060107103,0.060107103,0.060107103,0.060107103,0.060107103,EU,"G. Limpens, “Generating energy transition pathways: application to Belgium,” PhD thesis, Université catholique de Louvain, 2021. Available: https://dial.uclouvain.be/pr/boreal/object/boreal:249196"
BIOMETHANE_TO_BIOMETHANOL,CO2_INDUSTRY,1.0000000499109092,1.0000000499109092,1.0000000499109092,1.0000000499109092,1.0000000499109092,1.0000000499109092,0.0601071,0.060107103,0.060107103,0.060107103,0.060107103,0.060107103,0.060107103,EU,"G. Limpens, “Generating energy transition pathways: application to Belgium,” PhD thesis, Université catholique de Louvain, 2021. Available: https://dial.uclouvain.be/pr/boreal/object/boreal:249196"
WOOD_METHANOL,CO2_INDUSTRY,1.0,1.0,1.0,1.0,1.0,1.0,0.383327705,0.383327705,0.383327705,0.383327705,0.383327705,0.383327705,0.383327705,EU,"G. Limpens, “Generating energy transition pathways: application to Belgium,” PhD thesis, Université catholique de Louvain, 2021. Available: https://dial.uclouvain.be/pr/boreal/object/boreal:249196"
TRAIN_FREIGHT_ELEC_LD,ELECTRICITY,0.9596566491575563,0.9224422400622078,0.8880063547450951,0.8560490082776235,0.8263118987234863,0.7985714253024656,-0.076913864,-0.073810901,-0.070948597,-0.0683,-0.065842037,-0.063554841,-0.061421214,EU,"G. Limpens, “Generating energy transition pathways: application to Belgium,” PhD thesis, Université catholique de Louvain, 2021. Available: https://dial.uclouvain.be/pr/boreal/object/boreal:249196"
TRAIN_FREIGHT_ELEC_ELD,ELECTRICITY,0.9596566491575563,0.9224422400622078,0.8880063547450951,0.8560490082776235,0.8263118987234863,0.7985714253024656,-0.076913864,-0.073810901,-0.070948597,-0.0683,-0.065842037,-0.063554841,-0.061421214,EU,"G. Limpens, “Generating energy transition pathways: application to Belgium,” PhD thesis, Université catholique de Louvain, 2021. Available: https://dial.uclouvain.be/pr/boreal/object/boreal:249196"
TRAIN_FREIGHT_NG_LD,ELECTRICITY,0.9596566491575563,0.9224422400622078,0.8880063547450951,0.8560490082776235,0.8263118987234863,0.7985714253024656,-0.076913864,-0.073810901,-0.070948597,-0.0683,-0.065842037,-0.063554841,-0.061421214,EU,"G. Limpens, “Generating energy transition pathways: application to Belgium,” PhD thesis, Université catholique de Louvain, 2021. Available: https://dial.uclouvain.be/pr/boreal/object/boreal:249196"
TRAIN_FREIGHT_NG_ELD,ELECTRICITY,0.9596566491575563,0.9224422400622078,0.8880063547450951,0.8560490082776235,0.8263118987234863,0.7985714253024656,-0.076913864,-0.073810901,-0.070948597,-0.0683,-0.065842037,-0.063554841,-0.061421214,EU,"G. Limpens, “Generating energy transition pathways: application to Belgium,” PhD thesis, Université catholique de Louvain, 2021. Available: https://dial.uclouvain.be/pr/boreal/object/boreal:249196"
TRAIN_FREIGHT_SNG_LD,ELECTRICITY,0.9596566491575563,0.9224422400622078,0.8880063547450951,0.8560490082776235,0.8263118987234863,0.7985714253024656,-0.076913864,-0.073810901,-0.070948597,-0.0683,-0.065842037,-0.063554841,-0.061421214,EU,"G. Limpens, “Generating energy transition pathways: application to Belgium,” PhD thesis, Université catholique de Louvain, 2021. Available: https://dial.uclouvain.be/pr/boreal/object/boreal:249196"
TRAIN_FREIGHT_SNG_ELD,ELECTRICITY,0.9596566491575563,0.9224422400622078,0.8880063547450951,0.8560490082776235,0.8263118987234863,0.7985714253024656,-0.076913864,-0.073810901,-0.070948597,-0.0683,-0.065842037,-0.063554841,-0.061421214,EU,"G. Limpens, “Generating energy transition pathways: application to Belgium,” PhD thesis, Université catholique de Louvain, 2021. Available: https://dial.uclouvain.be/pr/boreal/object/boreal:249196"
TRAIN_FREIGHT_BIODIESEL_LD,ELECTRICITY,0.9596566491575563,0.9224422400622078,0.8880063547450951,0.8560490082776235,0.8263118987234863,0.7985714253024656,-0.076913864,-0.073810901,-0.070948597,-0.0683,-0.065842037,-0.063554841,-0.061421214,EU,"G. Limpens, “Generating energy transition pathways: application to Belgium,” PhD thesis, Université catholique de Louvain, 2021. Available: https://dial.uclouvain.be/pr/boreal/object/boreal:249196"
TRAIN_FREIGHT_BIODIESEL_ELD,ELECTRICITY,0.9596566491575563,0.9224422400622078,0.8880063547450951,0.8560490082776235,0.8263118987234863,0.7985714253024656,-0.076913864,-0.073810901,-0.070948597,-0.0683,-0.065842037,-0.063554841,-0.061421214,EU,"G. Limpens, “Generating energy transition pathways: application to Belgium,” PhD thesis, Université catholique de Louvain, 2021. Available: https://dial.uclouvain.be/pr/boreal/object/boreal:249196"
TRUCK_SH_EV_SD,ELECTRICITY,0.9596566516656241,0.9224422454308409,0.888006354017128,0.8560490060250661,0.8263118985943534,0.7985714288720159,-0.280403399,-0.269090987,-0.258655941,-0.249,-0.240039051,-0.231700665,-0.223922143,EU,"G. Limpens, “Generating energy transition pathways: application to Belgium,” PhD thesis, Université catholique de Louvain, 2021. Available: https://dial.uclouvain.be/pr/boreal/object/boreal:249196"
TRUCK_SH_EV_MD,ELECTRICITY,0.9596566516656241,0.9224422454308409,0.888006354017128,0.8560490060250661,0.8263118985943534,0.7985714288720159,-0.280403399,-0.269090987,-0.258655941,-0.249,-0.240039051,-0.231700665,-0.223922143,EU,"G. Limpens, “Generating energy transition pathways: application to Belgium,” PhD thesis, Université catholique de Louvain, 2021. Available: https://dial.uclouvain.be/pr/boreal/object/boreal:249196"
TRUCK_LH_EV_LD,ELECTRICITY,0.9596566516656241,0.9224422454308409,0.888006354017128,0.8560490060250661,0.8263118985943534,0.7985714288720159,-0.280403399,-0.269090987,-0.258655941,-0.249,-0.240039051,-0.231700665,-0.223922143,EU,"G. Limpens, “Generating energy transition pathways: application to Belgium,” PhD thesis, Université catholique de Louvain, 2021. Available: https://dial.uclouvain.be/pr/boreal/object/boreal:249196"
SEMI_SH_EV_MD,ELECTRICITY,0.9596566516656241,0.9224422454308409,0.888006354017128,0.8560490060250661,0.8263118985943534,0.7985714288720159,-0.280403399,-0.269090987,-0.258655941,-0.249,-0.240039051,-0.231700665,-0.223922143,EU,"G. Limpens, “Generating energy transition pathways: application to Belgium,” PhD thesis, Université catholique de Louvain, 2021. Available: https://dial.uclouvain.be/pr/boreal/object/boreal:249196"
SEMI_LH_EV_LD,ELECTRICITY,0.9596566516656241,0.9224422454308409,0.888006354017128,0.8560490060250661,0.8263118985943534,0.7985714288720159,-0.280403399,-0.269090987,-0.258655941,-0.249,-0.240039051,-0.231700665,-0.223922143,EU,"G. Limpens, “Generating energy transition pathways: application to Belgium,” PhD thesis, Université catholique de Louvain, 2021. Available: https://dial.uclouvain.be/pr/boreal/object/boreal:249196"
SEMI_LH_EV_ELD,ELECTRICITY,0.9596566516656241,0.9224422454308409,0.888006354017128,0.8560490060250661,0.8263118985943534,0.7985714288720159,-0.280403399,-0.269090987,-0.258655941,-0.249,-0.240039051,-0.231700665,-0.223922143,EU,"G. Limpens, “Generating energy transition pathways: application to Belgium,” PhD thesis, Université catholique de Louvain, 2021. Available: https://dial.uclouvain.be/pr/boreal/object/boreal:249196"
LCV_EV_SD,ELECTRICITY,0.9596566516656241,0.9224422454308409,0.888006354017128,0.8560490060250661,0.8263118985943534,0.7985714288720159,-0.280403399,-0.269090987,-0.258655941,-0.249,-0.240039051,-0.231700665,-0.223922143,EU,"G. Limpens, “Generating energy transition pathways: application to Belgium,” PhD thesis, Université catholique de Louvain, 2021. Available: https://dial.uclouvain.be/pr/boreal/object/boreal:249196"
LCV_EV_MD,ELECTRICITY,0.9596566516656241,0.9224422454308409,0.888006354017128,0.8560490060250661,0.8263118985943534,0.7985714288720159,-0.280403399,-0.269090987,-0.258655941,-0.249,-0.240039051,-0.231700665,-0.223922143,EU,"G. Limpens, “Generating energy transition pathways: application to Belgium,” PhD thesis, Université catholique de Louvain, 2021. Available: https://dial.uclouvain.be/pr/boreal/object/boreal:249196"
TRUCK_SH_DIESEL_SD,DIESEL,0.9685950412047667,0.939102563680882,0.9113530319405057,0.8851963731989599,0.8604992642948861,0.8371428559745209,-0.56246041,-0.544796364,-0.528208013,-0.5126,-0.497887915,-0.483996769,-0.470859714,EU,"G. Limpens, “Generating energy transition pathways: application to Belgium,” PhD thesis, Université catholique de Louvain, 2021. Available: https://dial.uclouvain.be/pr/boreal/object/boreal:249196"
TRUCK_SH_DIESEL_MD,DIESEL,0.9685950412047667,0.939102563680882,0.9113530319405057,0.8851963731989599,0.8604992642948861,0.8371428559745209,-0.56246041,-0.544796364,-0.528208013,-0.5126,-0.497887915,-0.483996769,-0.470859714,EU,"G. Limpens, “Generating energy transition pathways: application to Belgium,” PhD thesis, Université catholique de Louvain, 2021. Available: https://dial.uclouvain.be/pr/boreal/object/boreal:249196"
TRUCK_LH_DIESEL_LD,DIESEL,0.9685950412047667,0.939102563680882,0.9113530319405057,0.8851963731989599,0.8604992642948861,0.8371428559745209,-0.56246041,-0.544796364,-0.528208013,-0.5126,-0.497887915,-0.483996769,-0.470859714,EU,"G. Limpens, “Generating energy transition pathways: application to Belgium,” PhD thesis, Université catholique de Louvain, 2021. Available: https://dial.uclouvain.be/pr/boreal/object/boreal:249196"
TRUCK_SH_BIODIESEL_B20_SD,DIESEL,0.9685950412047667,0.939102563680882,0.9113530319405057,0.8851963731989599,0.8604992642948861,0.8371428559745209,-0.56246041,-0.544796364,-0.528208013,-0.5126,-0.497887915,-0.483996769,-0.470859714,EU,"G. Limpens, “Generating energy transition pathways: application to Belgium,” PhD thesis, Université catholique de Louvain, 2021. Available: https://dial.uclouvain.be/pr/boreal/object/boreal:249196"
TRUCK_SH_BIODIESEL_B20_MD,DIESEL,0.9685950412047667,0.939102563680882,0.9113530319405057,0.8851963731989599,0.8604992642948861,0.8371428559745209,-0.56246041,-0.544796364,-0.528208013,-0.5126,-0.497887915,-0.483996769,-0.470859714,EU,"G. Limpens, “Generating energy transition pathways: application to Belgium,” PhD thesis, Université catholique de Louvain, 2021. Available: https://dial.uclouvain.be/pr/boreal/object/boreal:249196"
TRUCK_SH_BIODIESEL_B100_SD,DIESEL,0.9685950412047667,0.939102563680882,0.9113530319405057,0.8851963731989599,0.8604992642948861,0.8371428559745209,-0.56246041,-0.544796364,-0.528208013,-0.5126,-0.497887915,-0.483996769,-0.470859714,EU,"G. Limpens, “Generating energy transition pathways: application to Belgium,” PhD thesis, Université catholique de Louvain, 2021. Available: https://dial.uclouvain.be/pr/boreal/object/boreal:249196"
TRUCK_SH_BIODIESEL_B100_MD,DIESEL,0.9685950412047667,0.939102563680882,0.9113530319405057,0.8851963731989599,0.8604992642948861,0.8371428559745209,-0.56246041,-0.544796364,-0.528208013,-0.5126,-0.497887915,-0.483996769,-0.470859714,EU,"G. Limpens, “Generating energy transition pathways: application to Belgium,” PhD thesis, Université catholique de Louvain, 2021. Available: https://dial.uclouvain.be/pr/boreal/object/boreal:249196"
TRUCK_LH_BIODIESEL_B20_LD,DIESEL,0.9685950412047667,0.939102563680882,0.9113530319405057,0.8851963731989599,0.8604992642948861,0.8371428559745209,-0.56246041,-0.544796364,-0.528208013,-0.5126,-0.497887915,-0.483996769,-0.470859714,EU,"G. Limpens, “Generating energy transition pathways: application to Belgium,” PhD thesis, Université catholique de Louvain, 2021. Available: https://dial.uclouvain.be/pr/boreal/object/boreal:249196"
TRUCK_LH_BIODIESEL_B100_LD,DIESEL,0.9685950412047667,0.939102563680882,0.9113530319405057,0.8851963731989599,0.8604992642948861,0.8371428559745209,-0.56246041,-0.544796364,-0.528208013,-0.5126,-0.497887915,-0.483996769,-0.470859714,EU,"G. Limpens, “Generating energy transition pathways: application to Belgium,” PhD thesis, Université catholique de Louvain, 2021. Available: https://dial.uclouvain.be/pr/boreal/object/boreal:249196"
TRUCK_SH_GASOLINE_SD,DIESEL,0.9685950412047667,0.939102563680882,0.9113530319405057,0.8851963731989599,0.8604992642948861,0.8371428559745209,-0.56246041,-0.544796364,-0.528208013,-0.5126,-0.497887915,-0.483996769,-0.470859714,EU,"G. Limpens, “Generating energy transition pathways: application to Belgium,” PhD thesis, Université catholique de Louvain, 2021. Available: https://dial.uclouvain.be/pr/boreal/object/boreal:249196"
TRUCK_SH_GASOLINE_MD,DIESEL,0.9685950412047667,0.939102563680882,0.9113530319405057,0.8851963731989599,0.8604992642948861,0.8371428559745209,-0.56246041,-0.544796364,-0.528208013,-0.5126,-0.497887915,-0.483996769,-0.470859714,EU,"G. Limpens, “Generating energy transition pathways: application to Belgium,” PhD thesis, Université catholique de Louvain, 2021. Available: https://dial.uclouvain.be/pr/boreal/object/boreal:249196"
TRUCK_LH_GASOLINE_LD,DIESEL,0.9685950412047667,0.939102563680882,0.9113530319405057,0.8851963731989599,0.8604992642948861,0.8371428559745209,-0.56246041,-0.544796364,-0.528208013,-0.5126,-0.497887915,-0.483996769,-0.470859714,EU,"G. Limpens, “Generating energy transition pathways: application to Belgium,” PhD thesis, Université catholique de Louvain, 2021. Available: https://dial.uclouvain.be/pr/boreal/object/boreal:249196"
TRUCK_SH_PROPANE_SD,DIESEL,0.9685950412047667,0.939102563680882,0.9113530319405057,0.8851963731989599,0.8604992642948861,0.8371428559745209,-0.56246041,-0.544796364,-0.528208013,-0.5126,-0.497887915,-0.483996769,-0.470859714,EU,"G. Limpens, “Generating energy transition pathways: application to Belgium,” PhD thesis, Université catholique de Louvain, 2021. Available: https://dial.uclouvain.be/pr/boreal/object/boreal:249196"
TRUCK_SH_PROPANE_MD,DIESEL,0.9685950412047667,0.939102563680882,0.9113530319405057,0.8851963731989599,0.8604992642948861,0.8371428559745209,-0.56246041,-0.544796364,-0.528208013,-0.5126,-0.497887915,-0.483996769,-0.470859714,EU,"G. Limpens, “Generating energy transition pathways: application to Belgium,” PhD thesis, Université catholique de Louvain, 2021. Available: https://dial.uclouvain.be/pr/boreal/object/boreal:249196"
TRUCK_LH_PROPANE_LD,DIESEL,0.9685950412047667,0.939102563680882,0.9113530319405057,0.8851963731989599,0.8604992642948861,0.8371428559745209,-0.56246041,-0.544796364,-0.528208013,-0.5126,-0.497887915,-0.483996769,-0.470859714,EU,"G. Limpens, “Generating energy transition pathways: application to Belgium,” PhD thesis, Université catholique de Louvain, 2021. Available: https://dial.uclouvain.be/pr/boreal/object/boreal:249196"
SEMI_SH_DIESEL_MD,DIESEL,0.9685950412047667,0.939102563680882,0.9113530319405057,0.8851963731989599,0.8604992642948861,0.8371428559745209,-0.56246041,-0.544796364,-0.528208013,-0.5126,-0.497887915,-0.483996769,-0.470859714,EU,"G. Limpens, “Generating energy transition pathways: application to Belgium,” PhD thesis, Université catholique de Louvain, 2021. Available: https://dial.uclouvain.be/pr/boreal/object/boreal:249196"
SEMI_LH_DIESEL_LD,DIESEL,0.9685950412047667,0.939102563680882,0.9113530319405057,0.8851963731989599,0.8604992642948861,0.8371428559745209,-0.56246041,-0.544796364,-0.528208013,-0.5126,-0.497887915,-0.483996769,-0.470859714,EU,"G. Limpens, “Generating energy transition pathways: application to Belgium,” PhD thesis, Université catholique de Louvain, 2021. Available: https://dial.uclouvain.be/pr/boreal/object/boreal:249196"
SEMI_LH_DIESEL_ELD,DIESEL,0.9685950412047667,0.939102563680882,0.9113530319405057,0.8851963731989599,0.8604992642948861,0.8371428559745209,-0.56246041,-0.544796364,-0.528208013,-0.5126,-0.497887915,-0.483996769,-0.470859714,EU,"G. Limpens, “Generating energy transition pathways: application to Belgium,” PhD thesis, Université catholique de Louvain, 2021. Available: https://dial.uclouvain.be/pr/boreal/object/boreal:249196"
SEMI_SH_BIODIESEL_B20_MD,DIESEL,0.9685950412047667,0.939102563680882,0.9113530319405057,0.8851963731989599,0.8604992642948861,0.8371428559745209,-0.56246041,-0.544796364,-0.528208013,-0.5126,-0.497887915,-0.483996769,-0.470859714,EU,"G. Limpens, “Generating energy transition pathways: application to Belgium,” PhD thesis, Université catholique de Louvain, 2021. Available: https://dial.uclouvain.be/pr/boreal/object/boreal:249196"
SEMI_SH_BIODIESEL_B100_MD,DIESEL,0.9685950412047667,0.939102563680882,0.9113530319405057,0.8851963731989599,0.8604992642948861,0.8371428559745209,-0.56246041,-0.544796364,-0.528208013,-0.5126,-0.497887915,-0.483996769,-0.470859714,EU,"G. Limpens, “Generating energy transition pathways: application to Belgium,” PhD thesis, Université catholique de Louvain, 2021. Available: https://dial.uclouvain.be/pr/boreal/object/boreal:249196"
SEMI_LH_BIODIESEL_B20_LD,DIESEL,0.9685950412047667,0.939102563680882,0.9113530319405057,0.8851963731989599,0.8604992642948861,0.8371428559745209,-0.56246041,-0.544796364,-0.528208013,-0.5126,-0.497887915,-0.483996769,-0.470859714,EU,"G. Limpens, “Generating energy transition pathways: application to Belgium,” PhD thesis, Université catholique de Louvain, 2021. Available: https://dial.uclouvain.be/pr/boreal/object/boreal:249196"
SEMI_LH_BIODIESEL_B20_ELD,DIESEL,0.9685950412047667,0.939102563680882,0.9113530319405057,0.8851963731989599,0.8604992642948861,0.8371428559745209,-0.56246041,-0.544796364,-0.528208013,-0.5126,-0.497887915,-0.483996769,-0.470859714,EU,"G. Limpens, “Generating energy transition pathways: application to Belgium,” PhD thesis, Université catholique de Louvain, 2021. Available: https://dial.uclouvain.be/pr/boreal/object/boreal:249196"
SEMI_LH_BIODIESEL_B100_LD,DIESEL,0.9685950412047667,0.939102563680882,0.9113530319405057,0.8851963731989599,0.8604992642948861,0.8371428559745209,-0.56246041,-0.544796364,-0.528208013,-0.5126,-0.497887915,-0.483996769,-0.470859714,EU,"G. Limpens, “Generating energy transition pathways: application to Belgium,” PhD thesis, Université catholique de Louvain, 2021. Available: https://dial.uclouvain.be/pr/boreal/object/boreal:249196"
SEMI_LH_BIODIESEL_B100_ELD,DIESEL,0.9685950412047667,0.939102563680882,0.9113530319405057,0.8851963731989599,0.8604992642948861,0.8371428559745209,-0.56246041,-0.544796364,-0.528208013,-0.5126,-0.497887915,-0.483996769,-0.470859714,EU,"G. Limpens, “Generating energy transition pathways: application to Belgium,” PhD thesis, Université catholique de Louvain, 2021. Available: https://dial.uclouvain.be/pr/boreal/object/boreal:249196"
SEMI_SH_PROPANE_MD,DIESEL,0.9685950412047667,0.939102563680882,0.9113530319405057,0.8851963731989599,0.8604992642948861,0.8371428559745209,-0.56246041,-0.544796364,-0.528208013,-0.5126,-0.497887915,-0.483996769,-0.470859714,EU,"G. Limpens, “Generating energy transition pathways: application to Belgium,” PhD thesis, Université catholique de Louvain, 2021. Available: https://dial.uclouvain.be/pr/boreal/object/boreal:249196"
SEMI_LH_PROPANE_LD,DIESEL,0.9685950412047667,0.939102563680882,0.9113530319405057,0.8851963731989599,0.8604992642948861,0.8371428559745209,-0.56246041,-0.544796364,-0.528208013,-0.5126,-0.497887915,-0.483996769,-0.470859714,EU,"G. Limpens, “Generating energy transition pathways: application to Belgium,” PhD thesis, Université catholique de Louvain, 2021. Available: https://dial.uclouvain.be/pr/boreal/object/boreal:249196"
SEMI_LH_PROPANE_ELD,DIESEL,0.9685950412047667,0.939102563680882,0.9113530319405057,0.8851963731989599,0.8604992642948861,0.8371428559745209,-0.56246041,-0.544796364,-0.528208013,-0.5126,-0.497887915,-0.483996769,-0.470859714,EU,"G. Limpens, “Generating energy transition pathways: application to Belgium,” PhD thesis, Université catholique de Louvain, 2021. Available: https://dial.uclouvain.be/pr/boreal/object/boreal:249196"
LCV_DIESEL_SD,DIESEL,0.9685950412047667,0.939102563680882,0.9113530319405057,0.8851963731989599,0.8604992642948861,0.8371428559745209,-0.56246041,-0.544796364,-0.528208013,-0.5126,-0.497887915,-0.483996769,-0.470859714,EU,"G. Limpens, “Generating energy transition pathways: application to Belgium,” PhD thesis, Université catholique de Louvain, 2021. Available: https://dial.uclouvain.be/pr/boreal/object/boreal:249196"
LCV_DIESEL_MD,DIESEL,0.9685950412047667,0.939102563680882,0.9113530319405057,0.8851963731989599,0.8604992642948861,0.8371428559745209,-0.56246041,-0.544796364,-0.528208013,-0.5126,-0.497887915,-0.483996769,-0.470859714,EU,"G. Limpens, “Generating energy transition pathways: application to Belgium,” PhD thesis, Université catholique de Louvain, 2021. Available: https://dial.uclouvain.be/pr/boreal/object/boreal:249196"
LCV_BIODIESEL_B20_SD,DIESEL,0.9685950412047667,0.939102563680882,0.9113530319405057,0.8851963731989599,0.8604992642948861,0.8371428559745209,-0.56246041,-0.544796364,-0.528208013,-0.5126,-0.497887915,-0.483996769,-0.470859714,EU,"G. Limpens, “Generating energy transition pathways: application to Belgium,” PhD thesis, Université catholique de Louvain, 2021. Available: https://dial.uclouvain.be/pr/boreal/object/boreal:249196"
LCV_BIODIESEL_B20_MD,DIESEL,0.9685950412047667,0.939102563680882,0.9113530319405057,0.8851963731989599,0.8604992642948861,0.8371428559745209,-0.56246041,-0.544796364,-0.528208013,-0.5126,-0.497887915,-0.483996769,-0.470859714,EU,"G. Limpens, “Generating energy transition pathways: application to Belgium,” PhD thesis, Université catholique de Louvain, 2021. Available: https://dial.uclouvain.be/pr/boreal/object/boreal:249196"
LCV_BIODIESEL_B100_SD,DIESEL,0.9685950412047667,0.939102563680882,0.9113530319405057,0.8851963731989599,0.8604992642948861,0.8371428559745209,-0.56246041,-0.544796364,-0.528208013,-0.5126,-0.497887915,-0.483996769,-0.470859714,EU,"G. Limpens, “Generating energy transition pathways: application to Belgium,” PhD thesis, Université catholique de Louvain, 2021. Available: https://dial.uclouvain.be/pr/boreal/object/boreal:249196"
LCV_BIODIESEL_B100_MD,DIESEL,0.9685950412047667,0.939102563680882,0.9113530319405057,0.8851963731989599,0.8604992642948861,0.8371428559745209,-0.56246041,-0.544796364,-0.528208013,-0.5126,-0.497887915,-0.483996769,-0.470859714,EU,"G. Limpens, “Generating energy transition pathways: application to Belgium,” PhD thesis, Université catholique de Louvain, 2021. Available: https://dial.uclouvain.be/pr/boreal/object/boreal:249196"
LCV_GASOLINE_SD,DIESEL,0.9685950412047667,0.939102563680882,0.9113530319405057,0.8851963731989599,0.8604992642948861,0.8371428559745209,-0.56246041,-0.544796364,-0.528208013,-0.5126,-0.497887915,-0.483996769,-0.470859714,EU,"G. Limpens, “Generating energy transition pathways: application to Belgium,” PhD thesis, Université catholique de Louvain, 2021. Available: https://dial.uclouvain.be/pr/boreal/object/boreal:249196"
LCV_GASOLINE_MD,DIESEL,0.9685950412047667,0.939102563680882,0.9113530319405057,0.8851963731989599,0.8604992642948861,0.8371428559745209,-0.56246041,-0.544796364,-0.528208013,-0.5126,-0.497887915,-0.483996769,-0.470859714,EU,"G. Limpens, “Generating energy transition pathways: application to Belgium,” PhD thesis, Université catholique de Louvain, 2021. Available: https://dial.uclouvain.be/pr/boreal/object/boreal:249196"
LCV_PROPANE_SD,DIESEL,0.9685950412047667,0.939102563680882,0.9113530319405057,0.8851963731989599,0.8604992642948861,0.8371428559745209,-0.56246041,-0.544796364,-0.528208013,-0.5126,-0.497887915,-0.483996769,-0.470859714,EU,"G. Limpens, “Generating energy transition pathways: application to Belgium,” PhD thesis, Université catholique de Louvain, 2021. Available: https://dial.uclouvain.be/pr/boreal/object/boreal:249196"
LCV_PROPANE_MD,DIESEL,0.9685950412047667,0.939102563680882,0.9113530319405057,0.8851963731989599,0.8604992642948861,0.8371428559745209,-0.56246041,-0.544796364,-0.528208013,-0.5126,-0.497887915,-0.483996769,-0.470859714,EU,"G. Limpens, “Generating energy transition pathways: application to Belgium,” PhD thesis, Université catholique de Louvain, 2021. Available: https://dial.uclouvain.be/pr/boreal/object/boreal:249196"
TRUCK_SH_CNG_SD,GAS,0.9617021266222994,0.9262295076010354,0.8932806319562582,0.8625954187609215,0.8339483388800155,0.8071428569481954,-0.660486726,-0.635191489,-0.611762295,-0.59,-0.569732824,-0.550811808,-0.533107143,EU,"G. Limpens, “Generating energy transition pathways: application to Belgium,” PhD thesis, Université catholique de Louvain, 2021. Available: https://dial.uclouvain.be/pr/boreal/object/boreal:249196"
TRUCK_SH_CNG_MD,GAS,0.9617021266222994,0.9262295076010354,0.8932806319562582,0.8625954187609215,0.8339483388800155,0.8071428569481954,-0.660486726,-0.635191489,-0.611762295,-0.59,-0.569732824,-0.550811808,-0.533107143,EU,"G. Limpens, “Generating energy transition pathways: application to Belgium,” PhD thesis, Université catholique de Louvain, 2021. Available: https://dial.uclouvain.be/pr/boreal/object/boreal:249196"
TRUCK_LH_CNG_LD,GAS,0.9617021266222994,0.9262295076010354,0.8932806319562582,0.8625954187609215,0.8339483388800155,0.8071428569481954,-0.660486726,-0.635191489,-0.611762295,-0.59,-0.569732824,-0.550811808,-0.533107143,EU,"G. Limpens, “Generating energy transition pathways: application to Belgium,” PhD thesis, Université catholique de Louvain, 2021. Available: https://dial.uclouvain.be/pr/boreal/object/boreal:249196"
SEMI_SH_CNG_MD,GAS,0.9617021266222994,0.9262295076010354,0.8932806319562582,0.8625954187609215,0.8339483388800155,0.8071428569481954,-0.660486726,-0.635191489,-0.611762295,-0.59,-0.569732824,-0.550811808,-0.533107143,EU,"G. Limpens, “Generating energy transition pathways: application to Belgium,” PhD thesis, Université catholique de Louvain, 2021. Available: https://dial.uclouvain.be/pr/boreal/object/boreal:249196"
SEMI_LH_CNG_LD,GAS,0.9617021266222994,0.9262295076010354,0.8932806319562582,0.8625954187609215,0.8339483388800155,0.8071428569481954,-0.660486726,-0.635191489,-0.611762295,-0.59,-0.569732824,-0.550811808,-0.533107143,EU,"G. Limpens, “Generating energy transition pathways: application to Belgium,” PhD thesis, Université catholique de Louvain, 2021. Available: https://dial.uclouvain.be/pr/boreal/object/boreal:249196"
SEMI_LH_CNG_ELD,GAS,0.9617021266222994,0.9262295076010354,0.8932806319562582,0.8625954187609215,0.8339483388800155,0.8071428569481954,-0.660486726,-0.635191489,-0.611762295,-0.59,-0.569732824,-0.550811808,-0.533107143,EU,"G. Limpens, “Generating energy transition pathways: application to Belgium,” PhD thesis, Université catholique de Louvain, 2021. Available: https://dial.uclouvain.be/pr/boreal/object/boreal:249196"
LCV_CNG_SD,GAS,0.9617021266222994,0.9262295076010354,0.8932806319562582,0.8625954187609215,0.8339483388800155,0.8071428569481954,-0.660486726,-0.635191489,-0.611762295,-0.59,-0.569732824,-0.550811808,-0.533107143,EU,"G. Limpens, “Generating energy transition pathways: application to Belgium,” PhD thesis, Université catholique de Louvain, 2021. Available: https://dial.uclouvain.be/pr/boreal/object/boreal:249196"
LCV_CNG_MD,GAS,0.9617021266222994,0.9262295076010354,0.8932806319562582,0.8625954187609215,0.8339483388800155,0.8071428569481954,-0.660486726,-0.635191489,-0.611762295,-0.59,-0.569732824,-0.550811808,-0.533107143,EU,"G. Limpens, “Generating energy transition pathways: application to Belgium,” PhD thesis, Université catholique de Louvain, 2021. Available: https://dial.uclouvain.be/pr/boreal/object/boreal:249196"
TRUCK_SH_CSNG_SD,GAS,0.9617021266222994,0.9262295076010354,0.8932806319562582,0.8625954187609215,0.8339483388800155,0.8071428569481954,-0.660486726,-0.635191489,-0.611762295,-0.59,-0.569732824,-0.550811808,-0.533107143,EU,"G. Limpens, “Generating energy transition pathways: application to Belgium,” PhD thesis, Université catholique de Louvain, 2021. Available: https://dial.uclouvain.be/pr/boreal/object/boreal:249196"
TRUCK_SH_CSNG_MD,GAS,0.9617021266222994,0.9262295076010354,0.8932806319562582,0.8625954187609215,0.8339483388800155,0.8071428569481954,-0.660486726,-0.635191489,-0.611762295,-0.59,-0.569732824,-0.550811808,-0.533107143,EU,"G. Limpens, “Generating energy transition pathways: application to Belgium,” PhD thesis, Université catholique de Louvain, 2021. Available: https://dial.uclouvain.be/pr/boreal/object/boreal:249196"
TRUCK_LH_CSNG_LD,GAS,0.9617021266222994,0.9262295076010354,0.8932806319562582,0.8625954187609215,0.8339483388800155,0.8071428569481954,-0.660486726,-0.635191489,-0.611762295,-0.59,-0.569732824,-0.550811808,-0.533107143,EU,"G. Limpens, “Generating energy transition pathways: application to Belgium,” PhD thesis, Université catholique de Louvain, 2021. Available: https://dial.uclouvain.be/pr/boreal/object/boreal:249196"
SEMI_SH_CSNG_MD,GAS,0.9617021266222994,0.9262295076010354,0.8932806319562582,0.8625954187609215,0.8339483388800155,0.8071428569481954,-0.660486726,-0.635191489,-0.611762295,-0.59,-0.569732824,-0.550811808,-0.533107143,EU,"G. Limpens, “Generating energy transition pathways: application to Belgium,” PhD thesis, Université catholique de Louvain, 2021. Available: https://dial.uclouvain.be/pr/boreal/object/boreal:249196"
SEMI_LH_CSNG_LD,GAS,0.9617021266222994,0.9262295076010354,0.8932806319562582,0.8625954187609215,0.8339483388800155,0.8071428569481954,-0.660486726,-0.635191489,-0.611762295,-0.59,-0.569732824,-0.550811808,-0.533107143,EU,"G. Limpens, “Generating energy transition pathways: application to Belgium,” PhD thesis, Université catholique de Louvain, 2021. Available: https://dial.uclouvain.be/pr/boreal/object/boreal:249196"
SEMI_LH_CSNG_ELD,GAS,0.9617021266222994,0.9262295076010354,0.8932806319562582,0.8625954187609215,0.8339483388800155,0.8071428569481954,-0.660486726,-0.635191489,-0.611762295,-0.59,-0.569732824,-0.550811808,-0.533107143,EU,"G. Limpens, “Generating energy transition pathways: application to Belgium,” PhD thesis, Université catholique de Louvain, 2021. Available: https://dial.uclouvain.be/pr/boreal/object/boreal:249196"
LCV_CSNG_SD,GAS,0.9617021266222994,0.9262295076010354,0.8932806319562582,0.8625954187609215,0.8339483388800155,0.8071428569481954,-0.660486726,-0.635191489,-0.611762295,-0.59,-0.569732824,-0.550811808,-0.533107143,EU,"G. Limpens, “Generating energy transition pathways: application to Belgium,” PhD thesis, Université catholique de Louvain, 2021. Available: https://dial.uclouvain.be/pr/boreal/object/boreal:249196"
LCV_CSNG_MD,GAS,0.9617021266222994,0.9262295076010354,0.8932806319562582,0.8625954187609215,0.8339483388800155,0.8071428569481954,-0.660486726,-0.635191489,-0.611762295,-0.59,-0.569732824,-0.550811808,-0.533107143,EU,"G. Limpens, “Generating energy transition pathways: application to Belgium,” PhD thesis, Université catholique de Louvain, 2021. Available: https://dial.uclouvain.be/pr/boreal/object/boreal:249196"
TRUCK_SH_FC_CH4_SD,H2,0.9320574167069525,0.8727598573460369,0.8205560234569067,0.7742448336198273,0.7328818651498006,0.6957142858688059,-0.536221766,-0.499789474,-0.467992832,-0.44,-0.415166932,-0.392987208,-0.373057143,EU,"G. Limpens, “Generating energy transition pathways: application to Belgium,” PhD thesis, Université catholique de Louvain, 2021. Available: https://dial.uclouvain.be/pr/boreal/object/boreal:249196"
TRUCK_SH_FC_CH4_MD,H2,0.9320574167069525,0.8727598573460369,0.8205560234569067,0.7742448336198273,0.7328818651498006,0.6957142858688059,-0.536221766,-0.499789474,-0.467992832,-0.44,-0.415166932,-0.392987208,-0.373057143,EU,"G. Limpens, “Generating energy transition pathways: application to Belgium,” PhD thesis, Université catholique de Louvain, 2021. Available: https://dial.uclouvain.be/pr/boreal/object/boreal:249196"
TRUCK_LH_FC_CH4_LD,H2,0.9320574167069525,0.8727598573460369,0.8205560234569067,0.7742448336198273,0.7328818651498006,0.6957142858688059,-0.536221766,-0.499789474,-0.467992832,-0.44,-0.415166932,-0.392987208,-0.373057143,EU,"G. Limpens, “Generating energy transition pathways: application to Belgium,” PhD thesis, Université catholique de Louvain, 2021. Available: https://dial.uclouvain.be/pr/boreal/object/boreal:249196"
SEMI_SH_FC_CH4_MD,H2,0.9320574167069525,0.8727598573460369,0.8205560234569067,0.7742448336198273,0.7328818651498006,0.6957142858688059,-0.536221766,-0.499789474,-0.467992832,-0.44,-0.415166932,-0.392987208,-0.373057143,EU,"G. Limpens, “Generating energy transition pathways: application to Belgium,” PhD thesis, Université catholique de Louvain, 2021. Available: https://dial.uclouvain.be/pr/boreal/object/boreal:249196"
SEMI_LH_FC_CH4_LD,H2,0.9320574167069525,0.8727598573460369,0.8205560234569067,0.7742448336198273,0.7328818651498006,0.6957142858688059,-0.536221766,-0.499789474,-0.467992832,-0.44,-0.415166932,-0.392987208,-0.373057143,EU,"G. Limpens, “Generating energy transition pathways: application to Belgium,” PhD thesis, Université catholique de Louvain, 2021. Available: https://dial.uclouvain.be/pr/boreal/object/boreal:249196"
SEMI_LH_FC_CH4_ELD,H2,0.9320574167069525,0.8727598573460369,0.8205560234569067,0.7742448336198273,0.7328818651498006,0.6957142858688059,-0.536221766,-0.499789474,-0.467992832,-0.44,-0.415166932,-0.392987208,-0.373057143,EU,"G. Limpens, “Generating energy transition pathways: application to Belgium,” PhD thesis, Université catholique de Louvain, 2021. Available: https://dial.uclouvain.be/pr/boreal/object/boreal:249196"
SEMI_SH_FC_H2_MD,H2,0.9320574167069525,0.8727598573460369,0.8205560234569067,0.7742448336198273,0.7328818651498006,0.6957142858688059,-0.536221766,-0.499789474,-0.467992832,-0.44,-0.415166932,-0.392987208,-0.373057143,EU,"G. Limpens, “Generating energy transition pathways: application to Belgium,” PhD thesis, Université catholique de Louvain, 2021. Available: https://dial.uclouvain.be/pr/boreal/object/boreal:249196"
SEMI_LH_FC_H2_LD,H2,0.9320574167069525,0.8727598573460369,0.8205560234569067,0.7742448336198273,0.7328818651498006,0.6957142858688059,-0.536221766,-0.499789474,-0.467992832,-0.44,-0.415166932,-0.392987208,-0.373057143,EU,"G. Limpens, “Generating energy transition pathways: application to Belgium,” PhD thesis, Université catholique de Louvain, 2021. Available: https://dial.uclouvain.be/pr/boreal/object/boreal:249196"
SEMI_LH_FC_H2_ELD,H2,0.9320574167069525,0.8727598573460369,0.8205560234569067,0.7742448336198273,0.7328818651498006,0.6957142858688059,-0.536221766,-0.499789474,-0.467992832,-0.44,-0.415166932,-0.392987208,-0.373057143,EU,"G. Limpens, “Generating energy transition pathways: application to Belgium,” PhD thesis, Université catholique de Louvain, 2021. Available: https://dial.uclouvain.be/pr/boreal/object/boreal:249196"
LCV_FC_CH4_SD,H2,0.9320574167069525,0.8727598573460369,0.8205560234569067,0.7742448336198273,0.7328818651498006,0.6957142858688059,-0.536221766,-0.499789474,-0.467992832,-0.44,-0.415166932,-0.392987208,-0.373057143,EU,"G. Limpens, “Generating energy transition pathways: application to Belgium,” PhD thesis, Université catholique de Louvain, 2021. Available: https://dial.uclouvain.be/pr/boreal/object/boreal:249196"
LCV_FC_CH4_MD,H2,0.9320574167069525,0.8727598573460369,0.8205560234569067,0.7742448336198273,0.7328818651498006,0.6957142858688059,-0.536221766,-0.499789474,-0.467992832,-0.44,-0.415166932,-0.392987208,-0.373057143,EU,"G. Limpens, “Generating energy transition pathways: application to Belgium,” PhD thesis, Université catholique de Louvain, 2021. Available: https://dial.uclouvain.be/pr/boreal/object/boreal:249196"
LCV_FC_H2_SD,H2,0.9320574167069525,0.8727598573460369,0.8205560234569067,0.7742448336198273,0.7328818651498006,0.6957142858688059,-0.536221766,-0.499789474,-0.467992832,-0.44,-0.415166932,-0.392987208,-0.373057143,EU,"G. Limpens, “Generating energy transition pathways: application to Belgium,” PhD thesis, Université catholique de Louvain, 2021. Available: https://dial.uclouvain.be/pr/boreal/object/boreal:249196"
LCV_FC_H2_MD,H2,0.9320574167069525,0.8727598573460369,0.8205560234569067,0.7742448336198273,0.7328818651498006,0.6957142858688059,-0.536221766,-0.499789474,-0.467992832,-0.44,-0.415166932,-0.392987208,-0.373057143,EU,"G. Limpens, “Generating energy transition pathways: application to Belgium,” PhD thesis, Université catholique de Louvain, 2021. Available: https://dial.uclouvain.be/pr/boreal/object/boreal:249196"
LCV_ETOH_E10_SD,METHANOL,0.9685950406729847,0.9391025648015224,0.911353032243286,0.8851963749400933,0.8604992655675822,0.8371428579073347,-0.646566639,-0.62626124,-0.607192389,-0.589250467,-0.572338445,-0.556370118,-0.541268644,EU,"G. Limpens, “Generating energy transition pathways: application to Belgium,” PhD thesis, Université catholique de Louvain, 2021. Available: https://dial.uclouvain.be/pr/boreal/object/boreal:249196"
LCV_ETOH_E10_MD,METHANOL,0.9685950406729847,0.9391025648015224,0.911353032243286,0.8851963749400933,0.8604992655675822,0.8371428579073347,-0.646566639,-0.62626124,-0.607192389,-0.589250467,-0.572338445,-0.556370118,-0.541268644,EU,"G. Limpens, “Generating energy transition pathways: application to Belgium,” PhD thesis, Université catholique de Louvain, 2021. Available: https://dial.uclouvain.be/pr/boreal/object/boreal:249196"
LCV_ETOH_E85_SD,METHANOL,0.9685950406729847,0.9391025648015224,0.911353032243286,0.8851963749400933,0.8604992655675822,0.8371428579073347,-0.646566639,-0.62626124,-0.607192389,-0.589250467,-0.572338445,-0.556370118,-0.541268644,EU,"G. Limpens, “Generating energy transition pathways: application to Belgium,” PhD thesis, Université catholique de Louvain, 2021. Available: https://dial.uclouvain.be/pr/boreal/object/boreal:249196"
LCV_ETOH_E85_MD,METHANOL,0.9685950406729847,0.9391025648015224,0.911353032243286,0.8851963749400933,0.8604992655675822,0.8371428579073347,-0.646566639,-0.62626124,-0.607192389,-0.589250467,-0.572338445,-0.556370118,-0.541268644,EU,"G. Limpens, “Generating energy transition pathways: application to Belgium,” PhD thesis, Université catholique de Louvain, 2021. Available: https://dial.uclouvain.be/pr/boreal/object/boreal:249196"
CAR_PHEV_SD,ELECTRICITY,0.9554585159576139,0.9147157202363451,0.8773055315210395,0.8428351324344981,0.8109710894928407,0.7814285716836021,-0.156843876,-0.149857817,-0.143467559,-0.1376,-0.132193529,-0.127195849,-0.122562286,EU,"G. Limpens, “Generating energy transition pathways: application to Belgium,” PhD thesis, Université catholique de Louvain, 2021. Available: https://dial.uclouvain.be/pr/boreal/object/boreal:249196"
CAR_PHEV_MD,ELECTRICITY,0.9554585159576139,0.9147157202363451,0.8773055315210395,0.8428351324344981,0.8109710894928407,0.7814285716836021,-0.156843876,-0.149857817,-0.143467559,-0.1376,-0.132193529,-0.127195849,-0.122562286,EU,"G. Limpens, “Generating energy transition pathways: application to Belgium,” PhD thesis, Université catholique de Louvain, 2021. Available: https://dial.uclouvain.be/pr/boreal/object/boreal:249196"
CAR_PHEV_LD,ELECTRICITY,0.9554585159576139,0.9147157202363451,0.8773055315210395,0.8428351324344981,0.8109710894928407,0.7814285716836021,-0.156843876,-0.149857817,-0.143467559,-0.1376,-0.132193529,-0.127195849,-0.122562286,EU,"G. Limpens, “Generating energy transition pathways: application to Belgium,” PhD thesis, Université catholique de Louvain, 2021. Available: https://dial.uclouvain.be/pr/boreal/object/boreal:249196"
CAR_PHEV_ELD,ELECTRICITY,0.9554585159576139,0.9147157202363451,0.8773055315210395,0.8428351324344981,0.8109710894928407,0.7814285716836021,-0.156843876,-0.149857817,-0.143467559,-0.1376,-0.132193529,-0.127195849,-0.122562286,EU,"G. Limpens, “Generating energy transition pathways: application to Belgium,” PhD thesis, Université catholique de Louvain, 2021. Available: https://dial.uclouvain.be/pr/boreal/object/boreal:249196"
SUV_PHEV_GASOLINE_SD,ELECTRICITY,0.9554585159576139,0.9147157202363451,0.8773055315210395,0.8428351324344981,0.8109710894928407,0.7814285716836021,-0.156843876,-0.149857817,-0.143467559,-0.1376,-0.132193529,-0.127195849,-0.122562286,EU,"G. Limpens, “Generating energy transition pathways: application to Belgium,” PhD thesis, Université catholique de Louvain, 2021. Available: https://dial.uclouvain.be/pr/boreal/object/boreal:249196"
SUV_PHEV_GASOLINE_MD,ELECTRICITY,0.9554585159576139,0.9147157202363451,0.8773055315210395,0.8428351324344981,0.8109710894928407,0.7814285716836021,-0.156843876,-0.149857817,-0.143467559,-0.1376,-0.132193529,-0.127195849,-0.122562286,EU,"G. Limpens, “Generating energy transition pathways: application to Belgium,” PhD thesis, Université catholique de Louvain, 2021. Available: https://dial.uclouvain.be/pr/boreal/object/boreal:249196"
SUV_PHEV_GASOLINE_LD,ELECTRICITY,0.9554585159576139,0.9147157202363451,0.8773055315210395,0.8428351324344981,0.8109710894928407,0.7814285716836021,-0.156843876,-0.149857817,-0.143467559,-0.1376,-0.132193529,-0.127195849,-0.122562286,EU,"G. Limpens, “Generating energy transition pathways: application to Belgium,” PhD thesis, Université catholique de Louvain, 2021. Available: https://dial.uclouvain.be/pr/boreal/object/boreal:249196"
SUV_PHEV_GASOLINE_ELD,ELECTRICITY,0.9554585159576139,0.9147157202363451,0.8773055315210395,0.8428351324344981,0.8109710894928407,0.7814285716836021,-0.156843876,-0.149857817,-0.143467559,-0.1376,-0.132193529,-0.127195849,-0.122562286,EU,"G. Limpens, “Generating energy transition pathways: application to Belgium,” PhD thesis, Université catholique de Louvain, 2021. Available: https://dial.uclouvain.be/pr/boreal/object/boreal:249196"
CAR_EV_SD,ELECTRICITY,0.9418604624926987,0.8837209301133044,0.8255813926060033,0.767441860226609,0.7093023227193077,0.6511627903399134,-0.195011338,-0.183673469,-0.172335601,-0.160997732,-0.149659864,-0.138321995,-0.126984127,EU,"G. Limpens, “Generating energy transition pathways: application to Belgium,” PhD thesis, Université catholique de Louvain, 2021. Available: https://dial.uclouvain.be/pr/boreal/object/boreal:249196"
CAR_EV_MD,ELECTRICITY,0.9418604624926987,0.8837209301133044,0.8255813926060033,0.767441860226609,0.7093023227193077,0.6511627903399134,-0.195011338,-0.183673469,-0.172335601,-0.160997732,-0.149659864,-0.138321995,-0.126984127,EU,"G. Limpens, “Generating energy transition pathways: application to Belgium,” PhD thesis, Université catholique de Louvain, 2021. Available: https://dial.uclouvain.be/pr/boreal/object/boreal:249196"
CAR_EV_LD,ELECTRICITY,0.9418604624926987,0.8837209301133044,0.8255813926060033,0.767441860226609,0.7093023227193077,0.6511627903399134,-0.195011338,-0.183673469,-0.172335601,-0.160997732,-0.149659864,-0.138321995,-0.126984127,EU,"G. Limpens, “Generating energy transition pathways: application to Belgium,” PhD thesis, Université catholique de Louvain, 2021. Available: https://dial.uclouvain.be/pr/boreal/object/boreal:249196"
CAR_EV_ELD,ELECTRICITY,0.9418604624926987,0.8837209301133044,0.8255813926060033,0.767441860226609,0.7093023227193077,0.6511627903399134,-0.195011338,-0.183673469,-0.172335601,-0.160997732,-0.149659864,-0.138321995,-0.126984127,EU,"G. Limpens, “Generating energy transition pathways: application to Belgium,” PhD thesis, Université catholique de Louvain, 2021. Available: https://dial.uclouvain.be/pr/boreal/object/boreal:249196"
SUV_EV_SD,ELECTRICITY,0.9418604624926987,0.8837209301133044,0.8255813926060033,0.767441860226609,0.7093023227193077,0.6511627903399134,-0.195011338,-0.183673469,-0.172335601,-0.160997732,-0.149659864,-0.138321995,-0.126984127,EU,"G. Limpens, “Generating energy transition pathways: application to Belgium,” PhD thesis, Université catholique de Louvain, 2021. Available: https://dial.uclouvain.be/pr/boreal/object/boreal:249196"
SUV_EV_MD,ELECTRICITY,0.9418604624926987,0.8837209301133044,0.8255813926060033,0.767441860226609,0.7093023227193077,0.6511627903399134,-0.195011338,-0.183673469,-0.172335601,-0.160997732,-0.149659864,-0.138321995,-0.126984127,EU,"G. Limpens, “Generating energy transition pathways: application to Belgium,” PhD thesis, Université catholique de Louvain, 2021. Available: https://dial.uclouvain.be/pr/boreal/object/boreal:249196"
SUV_EV_LD,ELECTRICITY,0.9418604624926987,0.8837209301133044,0.8255813926060033,0.767441860226609,0.7093023227193077,0.6511627903399134,-0.195011338,-0.183673469,-0.172335601,-0.160997732,-0.149659864,-0.138321995,-0.126984127,EU,"G. Limpens, “Generating energy transition pathways: application to Belgium,” PhD thesis, Université catholique de Louvain, 2021. Available: https://dial.uclouvain.be/pr/boreal/object/boreal:249196"
SUV_EV_ELD,ELECTRICITY,0.9418604624926987,0.8837209301133044,0.8255813926060033,0.767441860226609,0.7093023227193077,0.6511627903399134,-0.195011338,-0.183673469,-0.172335601,-0.160997732,-0.149659864,-0.138321995,-0.126984127,EU,"G. Limpens, “Generating energy transition pathways: application to Belgium,” PhD thesis, Université catholique de Louvain, 2021. Available: https://dial.uclouvain.be/pr/boreal/object/boreal:249196"
CAR_GASOLINE_SD,GASOLINE,0.9617021284094075,0.9262295085504398,0.8932806330364825,0.8625954201904712,0.83394834002746,0.8071428582216985,-0.556152212,-0.534852766,-0.51512459,-0.4968,-0.479734351,-0.463802214,-0.448894286,EU,"G. Limpens, “Generating energy transition pathways: application to Belgium,” PhD thesis, Université catholique de Louvain, 2021. Available: https://dial.uclouvain.be/pr/boreal/object/boreal:249196"
CAR_GASOLINE_MD,GASOLINE,0.9617021284094075,0.9262295085504398,0.8932806330364825,0.8625954201904712,0.83394834002746,0.8071428582216985,-0.556152212,-0.534852766,-0.51512459,-0.4968,-0.479734351,-0.463802214,-0.448894286,EU,"G. Limpens, “Generating energy transition pathways: application to Belgium,” PhD thesis, Université catholique de Louvain, 2021. Available: https://dial.uclouvain.be/pr/boreal/object/boreal:249196"
CAR_GASOLINE_LD,GASOLINE,0.9617021284094075,0.9262295085504398,0.8932806330364825,0.8625954201904712,0.83394834002746,0.8071428582216985,-0.556152212,-0.534852766,-0.51512459,-0.4968,-0.479734351,-0.463802214,-0.448894286,EU,"G. Limpens, “Generating energy transition pathways: application to Belgium,” PhD thesis, Université catholique de Louvain, 2021. Available: https://dial.uclouvain.be/pr/boreal/object/boreal:249196"
CAR_GASOLINE_ELD,GASOLINE,0.9617021284094075,0.9262295085504398,0.8932806330364825,0.8625954201904712,0.83394834002746,0.8071428582216985,-0.556152212,-0.534852766,-0.51512459,-0.4968,-0.479734351,-0.463802214,-0.448894286,EU,"G. Limpens, “Generating energy transition pathways: application to Belgium,” PhD thesis, Université catholique de Louvain, 2021. Available: https://dial.uclouvain.be/pr/boreal/object/boreal:249196"
CAR_PROPANE_SD,GASOLINE,0.9617021284094075,0.9262295085504398,0.8932806330364825,0.8625954201904712,0.83394834002746,0.8071428582216985,-0.556152212,-0.534852766,-0.51512459,-0.4968,-0.479734351,-0.463802214,-0.448894286,EU,"G. Limpens, “Generating energy transition pathways: application to Belgium,” PhD thesis, Université catholique de Louvain, 2021. Available: https://dial.uclouvain.be/pr/boreal/object/boreal:249196"
CAR_PROPANE_MD,GASOLINE,0.9617021284094075,0.9262295085504398,0.8932806330364825,0.8625954201904712,0.83394834002746,0.8071428582216985,-0.556152212,-0.534852766,-0.51512459,-0.4968,-0.479734351,-0.463802214,-0.448894286,EU,"G. Limpens, “Generating energy transition pathways: application to Belgium,” PhD thesis, Université catholique de Louvain, 2021. Available: https://dial.uclouvain.be/pr/boreal/object/boreal:249196"
CAR_PROPANE_LD,GASOLINE,0.9617021284094075,0.9262295085504398,0.8932806330364825,0.8625954201904712,0.83394834002746,0.8071428582216985,-0.556152212,-0.534852766,-0.51512459,-0.4968,-0.479734351,-0.463802214,-0.448894286,EU,"G. Limpens, “Generating energy transition pathways: application to Belgium,” PhD thesis, Université catholique de Louvain, 2021. Available: https://dial.uclouvain.be/pr/boreal/object/boreal:249196"
CAR_PROPANE_ELD,GASOLINE,0.9617021284094075,0.9262295085504398,0.8932806330364825,0.8625954201904712,0.83394834002746,0.8071428582216985,-0.556152212,-0.534852766,-0.51512459,-0.4968,-0.479734351,-0.463802214,-0.448894286,EU,"G. Limpens, “Generating energy transition pathways: application to Belgium,” PhD thesis, Université catholique de Louvain, 2021. Available: https://dial.uclouvain.be/pr/boreal/object/boreal:249196"
SUV_GASOLINE_SD,GASOLINE,0.9617021284094075,0.9262295085504398,0.8932806330364825,0.8625954201904712,0.83394834002746,0.8071428582216985,-0.556152212,-0.534852766,-0.51512459,-0.4968,-0.479734351,-0.463802214,-0.448894286,EU,"G. Limpens, “Generating energy transition pathways: application to Belgium,” PhD thesis, Université catholique de Louvain, 2021. Available: https://dial.uclouvain.be/pr/boreal/object/boreal:249196"
SUV_GASOLINE_MD,GASOLINE,0.9617021284094075,0.9262295085504398,0.8932806330364825,0.8625954201904712,0.83394834002746,0.8071428582216985,-0.556152212,-0.534852766,-0.51512459,-0.4968,-0.479734351,-0.463802214,-0.448894286,EU,"G. Limpens, “Generating energy transition pathways: application to Belgium,” PhD thesis, Université catholique de Louvain, 2021. Available: https://dial.uclouvain.be/pr/boreal/object/boreal:249196"
SUV_GASOLINE_LD,GASOLINE,0.9617021284094075,0.9262295085504398,0.8932806330364825,0.8625954201904712,0.83394834002746,0.8071428582216985,-0.556152212,-0.534852766,-0.51512459,-0.4968,-0.479734351,-0.463802214,-0.448894286,EU,"G. Limpens, “Generating energy transition pathways: application to Belgium,” PhD thesis, Université catholique de Louvain, 2021. Available: https://dial.uclouvain.be/pr/boreal/object/boreal:249196"
SUV_GASOLINE_ELD,GASOLINE,0.9617021284094075,0.9262295085504398,0.8932806330364825,0.8625954201904712,0.83394834002746,0.8071428582216985,-0.556152212,-0.534852766,-0.51512459,-0.4968,-0.479734351,-0.463802214,-0.448894286,EU,"G. Limpens, “Generating energy transition pathways: application to Belgium,” PhD thesis, Université catholique de Louvain, 2021. Available: https://dial.uclouvain.be/pr/boreal/object/boreal:249196"
SUV_PROPANE_SD,GASOLINE,0.9617021284094075,0.9262295085504398,0.8932806330364825,0.8625954201904712,0.83394834002746,0.8071428582216985,-0.556152212,-0.534852766,-0.51512459,-0.4968,-0.479734351,-0.463802214,-0.448894286,EU,"G. Limpens, “Generating energy transition pathways: application to Belgium,” PhD thesis, Université catholique de Louvain, 2021. Available: https://dial.uclouvain.be/pr/boreal/object/boreal:249196"
SUV_PROPANE_MD,GASOLINE,0.9617021284094075,0.9262295085504398,0.8932806330364825,0.8625954201904712,0.83394834002746,0.8071428582216985,-0.556152212,-0.534852766,-0.51512459,-0.4968,-0.479734351,-0.463802214,-0.448894286,EU,"G. Limpens, “Generating energy transition pathways: application to Belgium,” PhD thesis, Université catholique de Louvain, 2021. Available: https://dial.uclouvain.be/pr/boreal/object/boreal:249196"
SUV_PROPANE_LD,GASOLINE,0.9617021284094075,0.9262295085504398,0.8932806330364825,0.8625954201904712,0.83394834002746,0.8071428582216985,-0.556152212,-0.534852766,-0.51512459,-0.4968,-0.479734351,-0.463802214,-0.448894286,EU,"G. Limpens, “Generating energy transition pathways: application to Belgium,” PhD thesis, Université catholique de Louvain, 2021. Available: https://dial.uclouvain.be/pr/boreal/object/boreal:249196"
SUV_PROPANE_ELD,GASOLINE,0.9617021284094075,0.9262295085504398,0.8932806330364825,0.8625954201904712,0.83394834002746,0.8071428582216985,-0.556152212,-0.534852766,-0.51512459,-0.4968,-0.479734351,-0.463802214,-0.448894286,EU,"G. Limpens, “Generating energy transition pathways: application to Belgium,” PhD thesis, Université catholique de Louvain, 2021. Available: https://dial.uclouvain.be/pr/boreal/object/boreal:249196"
CAR_HEV_SD,GASOLINE,0.952212389339363,0.908783784133031,0.8691437800235807,0.8328173381174095,0.7994056472812232,0.7685714290735465,-0.386932528,-0.368441947,-0.351638007,-0.3363,-0.322244118,-0.309316048,-0.297385286,EU,"G. Limpens, “Generating energy transition pathways: application to Belgium,” PhD thesis, Université catholique de Louvain, 2021. Available: https://dial.uclouvain.be/pr/boreal/object/boreal:249196"
CAR_HEV_MD,GASOLINE,0.952212389339363,0.908783784133031,0.8691437800235807,0.8328173381174095,0.7994056472812232,0.7685714290735465,-0.386932528,-0.368441947,-0.351638007,-0.3363,-0.322244118,-0.309316048,-0.297385286,EU,"G. Limpens, “Generating energy transition pathways: application to Belgium,” PhD thesis, Université catholique de Louvain, 2021. Available: https://dial.uclouvain.be/pr/boreal/object/boreal:249196"
CAR_HEV_LD,GASOLINE,0.952212389339363,0.908783784133031,0.8691437800235807,0.8328173381174095,0.7994056472812232,0.7685714290735465,-0.386932528,-0.368441947,-0.351638007,-0.3363,-0.322244118,-0.309316048,-0.297385286,EU,"G. Limpens, “Generating energy transition pathways: application to Belgium,” PhD thesis, Université catholique de Louvain, 2021. Available: https://dial.uclouvain.be/pr/boreal/object/boreal:249196"
CAR_HEV_ELD,GASOLINE,0.952212389339363,0.908783784133031,0.8691437800235807,0.8328173381174095,0.7994056472812232,0.7685714290735465,-0.386932528,-0.368441947,-0.351638007,-0.3363,-0.322244118,-0.309316048,-0.297385286,EU,"G. Limpens, “Generating energy transition pathways: application to Belgium,” PhD thesis, Université catholique de Louvain, 2021. Available: https://dial.uclouvain.be/pr/boreal/object/boreal:249196"
CAR_PHEV_SD,GASOLINE,0.9554585199853994,0.9147157245161184,0.8773055359464362,0.8428351360818721,0.8109710923225499,0.7814285749567025,-0.123902102,-0.118383319,-0.113335201,-0.1087,-0.104429045,-0.100481023,-0.096820643,EU,"G. Limpens, “Generating energy transition pathways: application to Belgium,” PhD thesis, Université catholique de Louvain, 2021. Available: https://dial.uclouvain.be/pr/boreal/object/boreal:249196"
CAR_PHEV_MD,GASOLINE,0.9554585199853994,0.9147157245161184,0.8773055359464362,0.8428351360818721,0.8109710923225499,0.7814285749567025,-0.123902102,-0.118383319,-0.113335201,-0.1087,-0.104429045,-0.100481023,-0.096820643,EU,"G. Limpens, “Generating energy transition pathways: application to Belgium,” PhD thesis, Université catholique de Louvain, 2021. Available: https://dial.uclouvain.be/pr/boreal/object/boreal:249196"
CAR_PHEV_LD,GASOLINE,0.9554585199853994,0.9147157245161184,0.8773055359464362,0.8428351360818721,0.8109710923225499,0.7814285749567025,-0.123902102,-0.118383319,-0.113335201,-0.1087,-0.104429045,-0.100481023,-0.096820643,EU,"G. Limpens, “Generating energy transition pathways: application to Belgium,” PhD thesis, Université catholique de Louvain, 2021. Available: https://dial.uclouvain.be/pr/boreal/object/boreal:249196"
CAR_PHEV_ELD,GASOLINE,0.9554585199853994,0.9147157245161184,0.8773055359464362,0.8428351360818721,0.8109710923225499,0.7814285749567025,-0.123902102,-0.118383319,-0.113335201,-0.1087,-0.104429045,-0.100481023,-0.096820643,EU,"G. Limpens, “Generating energy transition pathways: application to Belgium,” PhD thesis, Université catholique de Louvain, 2021. Available: https://dial.uclouvain.be/pr/boreal/object/boreal:249196"
SUV_PHEV_GASOLINE_SD,GASOLINE,0.9554585199853994,0.9147157245161184,0.8773055359464362,0.8428351360818721,0.8109710923225499,0.7814285749567025,-0.123902102,-0.118383319,-0.113335201,-0.1087,-0.104429045,-0.100481023,-0.096820643,EU,"G. Limpens, “Generating energy transition pathways: application to Belgium,” PhD thesis, Université catholique de Louvain, 2021. Available: https://dial.uclouvain.be/pr/boreal/object/boreal:249196"
SUV_PHEV_GASOLINE_MD,GASOLINE,0.9554585199853994,0.9147157245161184,0.8773055359464362,0.8428351360818721,0.8109710923225499,0.7814285749567025,-0.123902102,-0.118383319,-0.113335201,-0.1087,-0.104429045,-0.100481023,-0.096820643,EU,"G. Limpens, “Generating energy transition pathways: application to Belgium,” PhD thesis, Université catholique de Louvain, 2021. Available: https://dial.uclouvain.be/pr/boreal/object/boreal:249196"
SUV_PHEV_GASOLINE_LD,GASOLINE,0.9554585199853994,0.9147157245161184,0.8773055359464362,0.8428351360818721,0.8109710923225499,0.7814285749567025,-0.123902102,-0.118383319,-0.113335201,-0.1087,-0.104429045,-0.100481023,-0.096820643,EU,"G. Limpens, “Generating energy transition pathways: application to Belgium,” PhD thesis, Université catholique de Louvain, 2021. Available: https://dial.uclouvain.be/pr/boreal/object/boreal:249196"
SUV_PHEV_GASOLINE_ELD,GASOLINE,0.9554585199853994,0.9147157245161184,0.8773055359464362,0.8428351360818721,0.8109710923225499,0.7814285749567025,-0.123902102,-0.118383319,-0.113335201,-0.1087,-0.104429045,-0.100481023,-0.096820643,EU,"G. Limpens, “Generating energy transition pathways: application to Belgium,” PhD thesis, Université catholique de Louvain, 2021. Available: https://dial.uclouvain.be/pr/boreal/object/boreal:249196"
CAR_DIESEL_SD,DIESEL,0.9685950407643997,0.9391025643579084,0.9113530322811894,0.8851963742296568,0.8604992647265792,0.8371428567954355,-0.476983106,-0.462003471,-0.447936058,-0.4347,-0.422223716,-0.410443612,-0.399303,EU,"G. Limpens, “Generating energy transition pathways: application to Belgium,” PhD thesis, Université catholique de Louvain, 2021. Available: https://dial.uclouvain.be/pr/boreal/object/boreal:249196"
CAR_DIESEL_MD,DIESEL,0.9685950407643997,0.9391025643579084,0.9113530322811894,0.8851963742296568,0.8604992647265792,0.8371428567954355,-0.476983106,-0.462003471,-0.447936058,-0.4347,-0.422223716,-0.410443612,-0.399303,EU,"G. Limpens, “Generating energy transition pathways: application to Belgium,” PhD thesis, Université catholique de Louvain, 2021. Available: https://dial.uclouvain.be/pr/boreal/object/boreal:249196"
CAR_DIESEL_LD,DIESEL,0.9685950407643997,0.9391025643579084,0.9113530322811894,0.8851963742296568,0.8604992647265792,0.8371428567954355,-0.476983106,-0.462003471,-0.447936058,-0.4347,-0.422223716,-0.410443612,-0.399303,EU,"G. Limpens, “Generating energy transition pathways: application to Belgium,” PhD thesis, Université catholique de Louvain, 2021. Available: https://dial.uclouvain.be/pr/boreal/object/boreal:249196"
CAR_DIESEL_ELD,DIESEL,0.9685950407643997,0.9391025643579084,0.9113530322811894,0.8851963742296568,0.8604992647265792,0.8371428567954355,-0.476983106,-0.462003471,-0.447936058,-0.4347,-0.422223716,-0.410443612,-0.399303,EU,"G. Limpens, “Generating energy transition pathways: application to Belgium,” PhD thesis, Université catholique de Louvain, 2021. Available: https://dial.uclouvain.be/pr/boreal/object/boreal:249196"
CAR_BIODIESEL_B20_SD,DIESEL,0.9685950407643997,0.9391025643579084,0.9113530322811894,0.8851963742296568,0.8604992647265792,0.8371428567954355,-0.476983106,-0.462003471,-0.447936058,-0.4347,-0.422223716,-0.410443612,-0.399303,EU,"G. Limpens, “Generating energy transition pathways: application to Belgium,” PhD thesis, Université catholique de Louvain, 2021. Available: https://dial.uclouvain.be/pr/boreal/object/boreal:249196"
CAR_BIODIESEL_B20_MD,DIESEL,0.9685950407643997,0.9391025643579084,0.9113530322811894,0.8851963742296568,0.8604992647265792,0.8371428567954355,-0.476983106,-0.462003471,-0.447936058,-0.4347,-0.422223716,-0.410443612,-0.399303,EU,"G. Limpens, “Generating energy transition pathways: application to Belgium,” PhD thesis, Université catholique de Louvain, 2021. Available: https://dial.uclouvain.be/pr/boreal/object/boreal:249196"
CAR_BIODIESEL_B20_LD,DIESEL,0.9685950407643997,0.9391025643579084,0.9113530322811894,0.8851963742296568,0.8604992647265792,0.8371428567954355,-0.476983106,-0.462003471,-0.447936058,-0.4347,-0.422223716,-0.410443612,-0.399303,EU,"G. Limpens, “Generating energy transition pathways: application to Belgium,” PhD thesis, Université catholique de Louvain, 2021. Available: https://dial.uclouvain.be/pr/boreal/object/boreal:249196"
CAR_BIODIESEL_B20_ELD,DIESEL,0.9685950407643997,0.9391025643579084,0.9113530322811894,0.8851963742296568,0.8604992647265792,0.8371428567954355,-0.476983106,-0.462003471,-0.447936058,-0.4347,-0.422223716,-0.410443612,-0.399303,EU,"G. Limpens, “Generating energy transition pathways: application to Belgium,” PhD thesis, Université catholique de Louvain, 2021. Available: https://dial.uclouvain.be/pr/boreal/object/boreal:249196"
CAR_BIODIESEL_B100_SD,DIESEL,0.9685950407643997,0.9391025643579084,0.9113530322811894,0.8851963742296568,0.8604992647265792,0.8371428567954355,-0.476983106,-0.462003471,-0.447936058,-0.4347,-0.422223716,-0.410443612,-0.399303,EU,"G. Limpens, “Generating energy transition pathways: application to Belgium,” PhD thesis, Université catholique de Louvain, 2021. Available: https://dial.uclouvain.be/pr/boreal/object/boreal:249196"
CAR_BIODIESEL_B100_MD,DIESEL,0.9685950407643997,0.9391025643579084,0.9113530322811894,0.8851963742296568,0.8604992647265792,0.8371428567954355,-0.476983106,-0.462003471,-0.447936058,-0.4347,-0.422223716,-0.410443612,-0.399303,EU,"G. Limpens, “Generating energy transition pathways: application to Belgium,” PhD thesis, Université catholique de Louvain, 2021. Available: https://dial.uclouvain.be/pr/boreal/object/boreal:249196"
CAR_BIODIESEL_B100_LD,DIESEL,0.9685950407643997,0.9391025643579084,0.9113530322811894,0.8851963742296568,0.8604992647265792,0.8371428567954355,-0.476983106,-0.462003471,-0.447936058,-0.4347,-0.422223716,-0.410443612,-0.399303,EU,"G. Limpens, “Generating energy transition pathways: application to Belgium,” PhD thesis, Université catholique de Louvain, 2021. Available: https://dial.uclouvain.be/pr/boreal/object/boreal:249196"
CAR_BIODIESEL_B100_ELD,DIESEL,0.9685950407643997,0.9391025643579084,0.9113530322811894,0.8851963742296568,0.8604992647265792,0.8371428567954355,-0.476983106,-0.462003471,-0.447936058,-0.4347,-0.422223716,-0.410443612,-0.399303,EU,"G. Limpens, “Generating energy transition pathways: application to Belgium,” PhD thesis, Université catholique de Louvain, 2021. Available: https://dial.uclouvain.be/pr/boreal/object/boreal:249196"
SUV_DIESEL_SD,DIESEL,0.9685950407643997,0.9391025643579084,0.9113530322811894,0.8851963742296568,0.8604992647265792,0.8371428567954355,-0.476983106,-0.462003471,-0.447936058,-0.4347,-0.422223716,-0.410443612,-0.399303,EU,"G. Limpens, “Generating energy transition pathways: application to Belgium,” PhD thesis, Université catholique de Louvain, 2021. Available: https://dial.uclouvain.be/pr/boreal/object/boreal:249196"
SUV_DIESEL_MD,DIESEL,0.9685950407643997,0.9391025643579084,0.9113530322811894,0.8851963742296568,0.8604992647265792,0.8371428567954355,-0.476983106,-0.462003471,-0.447936058,-0.4347,-0.422223716,-0.410443612,-0.399303,EU,"G. Limpens, “Generating energy transition pathways: application to Belgium,” PhD thesis, Université catholique de Louvain, 2021. Available: https://dial.uclouvain.be/pr/boreal/object/boreal:249196"
SUV_DIESEL_LD,DIESEL,0.9685950407643997,0.9391025643579084,0.9113530322811894,0.8851963742296568,0.8604992647265792,0.8371428567954355,-0.476983106,-0.462003471,-0.447936058,-0.4347,-0.422223716,-0.410443612,-0.399303,EU,"G. Limpens, “Generating energy transition pathways: application to Belgium,” PhD thesis, Université catholique de Louvain, 2021. Available: https://dial.uclouvain.be/pr/boreal/object/boreal:249196"
SUV_DIESEL_ELD,DIESEL,0.9685950407643997,0.9391025643579084,0.9113530322811894,0.8851963742296568,0.8604992647265792,0.8371428567954355,-0.476983106,-0.462003471,-0.447936058,-0.4347,-0.422223716,-0.410443612,-0.399303,EU,"G. Limpens, “Generating energy transition pathways: application to Belgium,” PhD thesis, Université catholique de Louvain, 2021. Available: https://dial.uclouvain.be/pr/boreal/object/boreal:249196"
SUV_BIODIESEL_B20_SD,DIESEL,0.9685950407643997,0.9391025643579084,0.9113530322811894,0.8851963742296568,0.8604992647265792,0.8371428567954355,-0.476983106,-0.462003471,-0.447936058,-0.4347,-0.422223716,-0.410443612,-0.399303,EU,"G. Limpens, “Generating energy transition pathways: application to Belgium,” PhD thesis, Université catholique de Louvain, 2021. Available: https://dial.uclouvain.be/pr/boreal/object/boreal:249196"
SUV_BIODIESEL_B20_MD,DIESEL,0.9685950407643997,0.9391025643579084,0.9113530322811894,0.8851963742296568,0.8604992647265792,0.8371428567954355,-0.476983106,-0.462003471,-0.447936058,-0.4347,-0.422223716,-0.410443612,-0.399303,EU,"G. Limpens, “Generating energy transition pathways: application to Belgium,” PhD thesis, Université catholique de Louvain, 2021. Available: https://dial.uclouvain.be/pr/boreal/object/boreal:249196"
SUV_BIODIESEL_B20_LD,DIESEL,0.9685950407643997,0.9391025643579084,0.9113530322811894,0.8851963742296568,0.8604992647265792,0.8371428567954355,-0.476983106,-0.462003471,-0.447936058,-0.4347,-0.422223716,-0.410443612,-0.399303,EU,"G. Limpens, “Generating energy transition pathways: application to Belgium,” PhD thesis, Université catholique de Louvain, 2021. Available: https://dial.uclouvain.be/pr/boreal/object/boreal:249196"
SUV_BIODIESEL_B20_ELD,DIESEL,0.9685950407643997,0.9391025643579084,0.9113530322811894,0.8851963742296568,0.8604992647265792,0.8371428567954355,-0.476983106,-0.462003471,-0.447936058,-0.4347,-0.422223716,-0.410443612,-0.399303,EU,"G. Limpens, “Generating energy transition pathways: application to Belgium,” PhD thesis, Université catholique de Louvain, 2021. Available: https://dial.uclouvain.be/pr/boreal/object/boreal:249196"
SUV_BIODIESEL_B100_SD,DIESEL,0.9685950407643997,0.9391025643579084,0.9113530322811894,0.8851963742296568,0.8604992647265792,0.8371428567954355,-0.476983106,-0.462003471,-0.447936058,-0.4347,-0.422223716,-0.410443612,-0.399303,EU,"G. Limpens, “Generating energy transition pathways: application to Belgium,” PhD thesis, Université catholique de Louvain, 2021. Available: https://dial.uclouvain.be/pr/boreal/object/boreal:249196"
SUV_BIODIESEL_B100_MD,DIESEL,0.9685950407643997,0.9391025643579084,0.9113530322811894,0.8851963742296568,0.8604992647265792,0.8371428567954355,-0.476983106,-0.462003471,-0.447936058,-0.4347,-0.422223716,-0.410443612,-0.399303,EU,"G. Limpens, “Generating energy transition pathways: application to Belgium,” PhD thesis, Université catholique de Louvain, 2021. Available: https://dial.uclouvain.be/pr/boreal/object/boreal:249196"
SUV_BIODIESEL_B100_LD,DIESEL,0.9685950407643997,0.9391025643579084,0.9113530322811894,0.8851963742296568,0.8604992647265792,0.8371428567954355,-0.476983106,-0.462003471,-0.447936058,-0.4347,-0.422223716,-0.410443612,-0.399303,EU,"G. Limpens, “Generating energy transition pathways: application to Belgium,” PhD thesis, Université catholique de Louvain, 2021. Available: https://dial.uclouvain.be/pr/boreal/object/boreal:249196"
SUV_BIODIESEL_B100_ELD,DIESEL,0.9685950407643997,0.9391025643579084,0.9113530322811894,0.8851963742296568,0.8604992647265792,0.8371428567954355,-0.476983106,-0.462003471,-0.447936058,-0.4347,-0.422223716,-0.410443612,-0.399303,EU,"G. Limpens, “Generating energy transition pathways: application to Belgium,” PhD thesis, Université catholique de Louvain, 2021. Available: https://dial.uclouvain.be/pr/boreal/object/boreal:249196"
CAR_CNG_SD,GAS,0.9617021268985192,0.9262295078780328,0.8932806311304348,0.8625954205596337,0.8339483410615499,0.8071428568281144,-0.385802469,-0.371027055,-0.357341631,-0.344629873,-0.332791443,-0.321739329,-0.311397707,EU,"G. Limpens, “Generating energy transition pathways: application to Belgium,” PhD thesis, Université catholique de Louvain, 2021. Available: https://dial.uclouvain.be/pr/boreal/object/boreal:249196"
CAR_CNG_MD,GAS,0.9617021268985192,0.9262295078780328,0.8932806311304348,0.8625954205596337,0.8339483410615499,0.8071428568281144,-0.385802469,-0.371027055,-0.357341631,-0.344629873,-0.332791443,-0.321739329,-0.311397707,EU,"G. Limpens, “Generating energy transition pathways: application to Belgium,” PhD thesis, Université catholique de Louvain, 2021. Available: https://dial.uclouvain.be/pr/boreal/object/boreal:249196"
CAR_CNG_LD,GAS,0.9617021268985192,0.9262295078780328,0.8932806311304348,0.8625954205596337,0.8339483410615499,0.8071428568281144,-0.385802469,-0.371027055,-0.357341631,-0.344629873,-0.332791443,-0.321739329,-0.311397707,EU,"G. Limpens, “Generating energy transition pathways: application to Belgium,” PhD thesis, Université catholique de Louvain, 2021. Available: https://dial.uclouvain.be/pr/boreal/object/boreal:249196"
CAR_CNG_ELD,GAS,0.9617021268985192,0.9262295078780328,0.8932806311304348,0.8625954205596337,0.8339483410615499,0.8071428568281144,-0.385802469,-0.371027055,-0.357341631,-0.344629873,-0.332791443,-0.321739329,-0.311397707,EU,"G. Limpens, “Generating energy transition pathways: application to Belgium,” PhD thesis, Université catholique de Louvain, 2021. Available: https://dial.uclouvain.be/pr/boreal/object/boreal:249196"
SUV_CNG_SD,GAS,0.9617021268985192,0.9262295078780328,0.8932806311304348,0.8625954205596337,0.8339483410615499,0.8071428568281144,-0.385802469,-0.371027055,-0.357341631,-0.344629873,-0.332791443,-0.321739329,-0.311397707,EU,"G. Limpens, “Generating energy transition pathways: application to Belgium,” PhD thesis, Université catholique de Louvain, 2021. Available: https://dial.uclouvain.be/pr/boreal/object/boreal:249196"
SUV_CNG_MD,GAS,0.9617021268985192,0.9262295078780328,0.8932806311304348,0.8625954205596337,0.8339483410615499,0.8071428568281144,-0.385802469,-0.371027055,-0.357341631,-0.344629873,-0.332791443,-0.321739329,-0.311397707,EU,"G. Limpens, “Generating energy transition pathways: application to Belgium,” PhD thesis, Université catholique de Louvain, 2021. Available: https://dial.uclouvain.be/pr/boreal/object/boreal:249196"
SUV_CNG_LD,GAS,0.9617021268985192,0.9262295078780328,0.8932806311304348,0.8625954205596337,0.8339483410615499,0.8071428568281144,-0.385802469,-0.371027055,-0.357341631,-0.344629873,-0.332791443,-0.321739329,-0.311397707,EU,"G. Limpens, “Generating energy transition pathways: application to Belgium,” PhD thesis, Université catholique de Louvain, 2021. Available: https://dial.uclouvain.be/pr/boreal/object/boreal:249196"
SUV_CNG_ELD,GAS,0.9617021268985192,0.9262295078780328,0.8932806311304348,0.8625954205596337,0.8339483410615499,0.8071428568281144,-0.385802469,-0.371027055,-0.357341631,-0.344629873,-0.332791443,-0.321739329,-0.311397707,EU,"G. Limpens, “Generating energy transition pathways: application to Belgium,” PhD thesis, Université catholique de Louvain, 2021. Available: https://dial.uclouvain.be/pr/boreal/object/boreal:249196"
CAR_CSNG_SD,GAS,0.9617021268985192,0.9262295078780328,0.8932806311304348,0.8625954205596337,0.8339483410615499,0.8071428568281144,-0.385802469,-0.371027055,-0.357341631,-0.344629873,-0.332791443,-0.321739329,-0.311397707,EU,"G. Limpens, “Generating energy transition pathways: application to Belgium,” PhD thesis, Université catholique de Louvain, 2021. Available: https://dial.uclouvain.be/pr/boreal/object/boreal:249196"
CAR_CSNG_MD,GAS,0.9617021268985192,0.9262295078780328,0.8932806311304348,0.8625954205596337,0.8339483410615499,0.8071428568281144,-0.385802469,-0.371027055,-0.357341631,-0.344629873,-0.332791443,-0.321739329,-0.311397707,EU,"G. Limpens, “Generating energy transition pathways: application to Belgium,” PhD thesis, Université catholique de Louvain, 2021. Available: https://dial.uclouvain.be/pr/boreal/object/boreal:249196"
CAR_CSNG_LD,GAS,0.9617021268985192,0.9262295078780328,0.8932806311304348,0.8625954205596337,0.8339483410615499,0.8071428568281144,-0.385802469,-0.371027055,-0.357341631,-0.344629873,-0.332791443,-0.321739329,-0.311397707,EU,"G. Limpens, “Generating energy transition pathways: application to Belgium,” PhD thesis, Université catholique de Louvain, 2021. Available: https://dial.uclouvain.be/pr/boreal/object/boreal:249196"
CAR_CSNG_ELD,GAS,0.9617021268985192,0.9262295078780328,0.8932806311304348,0.8625954205596337,0.8339483410615499,0.8071428568281144,-0.385802469,-0.371027055,-0.357341631,-0.344629873,-0.332791443,-0.321739329,-0.311397707,EU,"G. Limpens, “Generating energy transition pathways: application to Belgium,” PhD thesis, Université catholique de Louvain, 2021. Available: https://dial.uclouvain.be/pr/boreal/object/boreal:249196"
SUV_CSNG_SD,GAS,0.9617021268985192,0.9262295078780328,0.8932806311304348,0.8625954205596337,0.8339483410615499,0.8071428568281144,-0.385802469,-0.371027055,-0.357341631,-0.344629873,-0.332791443,-0.321739329,-0.311397707,EU,"G. Limpens, “Generating energy transition pathways: application to Belgium,” PhD thesis, Université catholique de Louvain, 2021. Available: https://dial.uclouvain.be/pr/boreal/object/boreal:249196"
SUV_CSNG_MD,GAS,0.9617021268985192,0.9262295078780328,0.8932806311304348,0.8625954205596337,0.8339483410615499,0.8071428568281144,-0.385802469,-0.371027055,-0.357341631,-0.344629873,-0.332791443,-0.321739329,-0.311397707,EU,"G. Limpens, “Generating energy transition pathways: application to Belgium,” PhD thesis, Université catholique de Louvain, 2021. Available: https://dial.uclouvain.be/pr/boreal/object/boreal:249196"
SUV_CSNG_LD,GAS,0.9617021268985192,0.9262295078780328,0.8932806311304348,0.8625954205596337,0.8339483410615499,0.8071428568281144,-0.385802469,-0.371027055,-0.357341631,-0.344629873,-0.332791443,-0.321739329,-0.311397707,EU,"G. Limpens, “Generating energy transition pathways: application to Belgium,” PhD thesis, Université catholique de Louvain, 2021. Available: https://dial.uclouvain.be/pr/boreal/object/boreal:249196"
SUV_CSNG_ELD,GAS,0.9617021268985192,0.9262295078780328,0.8932806311304348,0.8625954205596337,0.8339483410615499,0.8071428568281144,-0.385802469,-0.371027055,-0.357341631,-0.344629873,-0.332791443,-0.321739329,-0.311397707,EU,"G. Limpens, “Generating energy transition pathways: application to Belgium,” PhD thesis, Université catholique de Louvain, 2021. Available: https://dial.uclouvain.be/pr/boreal/object/boreal:249196"
CAR_FC_H2_SD,H2,0.9552238813635435,0.910447762727087,0.8656716401400599,0.8208955215036036,0.7761194028671471,0.7313432842306906,-0.253127992,-0.241793903,-0.230459814,-0.219125724,-0.207791635,-0.196457546,-0.185123457,EU,"G. Limpens, “Generating energy transition pathways: application to Belgium,” PhD thesis, Université catholique de Louvain, 2021. Available: https://dial.uclouvain.be/pr/boreal/object/boreal:249196"
CAR_FC_H2_MD,H2,0.9552238813635435,0.910447762727087,0.8656716401400599,0.8208955215036036,0.7761194028671471,0.7313432842306906,-0.253127992,-0.241793903,-0.230459814,-0.219125724,-0.207791635,-0.196457546,-0.185123457,EU,"G. Limpens, “Generating energy transition pathways: application to Belgium,” PhD thesis, Université catholique de Louvain, 2021. Available: https://dial.uclouvain.be/pr/boreal/object/boreal:249196"
CAR_FC_H2_LD,H2,0.9552238813635435,0.910447762727087,0.8656716401400599,0.8208955215036036,0.7761194028671471,0.7313432842306906,-0.253127992,-0.241793903,-0.230459814,-0.219125724,-0.207791635,-0.196457546,-0.185123457,EU,"G. Limpens, “Generating energy transition pathways: application to Belgium,” PhD thesis, Université catholique de Louvain, 2021. Available: https://dial.uclouvain.be/pr/boreal/object/boreal:249196"
CAR_FC_H2_ELD,H2,0.9552238813635435,0.910447762727087,0.8656716401400599,0.8208955215036036,0.7761194028671471,0.7313432842306906,-0.253127992,-0.241793903,-0.230459814,-0.219125724,-0.207791635,-0.196457546,-0.185123457,EU,"G. Limpens, “Generating energy transition pathways: application to Belgium,” PhD thesis, Université catholique de Louvain, 2021. Available: https://dial.uclouvain.be/pr/boreal/object/boreal:249196"
CAR_FC_CH4_SD,H2,0.9552238813635435,0.910447762727087,0.8656716401400599,0.8208955215036036,0.7761194028671471,0.7313432842306906,-0.253127992,-0.241793903,-0.230459814,-0.219125724,-0.207791635,-0.196457546,-0.185123457,EU,"G. Limpens, “Generating energy transition pathways: application to Belgium,” PhD thesis, Université catholique de Louvain, 2021. Available: https://dial.uclouvain.be/pr/boreal/object/boreal:249196"
CAR_FC_CH4_MD,H2,0.9552238813635435,0.910447762727087,0.8656716401400599,0.8208955215036036,0.7761194028671471,0.7313432842306906,-0.253127992,-0.241793903,-0.230459814,-0.219125724,-0.207791635,-0.196457546,-0.185123457,EU,"G. Limpens, “Generating energy transition pathways: application to Belgium,” PhD thesis, Université catholique de Louvain, 2021. Available: https://dial.uclouvain.be/pr/boreal/object/boreal:249196"
CAR_FC_CH4_LD,H2,0.9552238813635435,0.910447762727087,0.8656716401400599,0.8208955215036036,0.7761194028671471,0.7313432842306906,-0.253127992,-0.241793903,-0.230459814,-0.219125724,-0.207791635,-0.196457546,-0.185123457,EU,"G. Limpens, “Generating energy transition pathways: application to Belgium,” PhD thesis, Université catholique de Louvain, 2021. Available: https://dial.uclouvain.be/pr/boreal/object/boreal:249196"
CAR_FC_CH4_ELD,H2,0.9552238813635435,0.910447762727087,0.8656716401400599,0.8208955215036036,0.7761194028671471,0.7313432842306906,-0.253127992,-0.241793903,-0.230459814,-0.219125724,-0.207791635,-0.196457546,-0.185123457,EU,"G. Limpens, “Generating energy transition pathways: application to Belgium,” PhD thesis, Université catholique de Louvain, 2021. Available: https://dial.uclouvain.be/pr/boreal/object/boreal:249196"
SUV_FC_H2_SD,H2,0.9552238813635435,0.910447762727087,0.8656716401400599,0.8208955215036036,0.7761194028671471,0.7313432842306906,-0.253127992,-0.241793903,-0.230459814,-0.219125724,-0.207791635,-0.196457546,-0.185123457,EU,"G. Limpens, “Generating energy transition pathways: application to Belgium,” PhD thesis, Université catholique de Louvain, 2021. Available: https://dial.uclouvain.be/pr/boreal/object/boreal:249196"
SUV_FC_H2_MD,H2,0.9552238813635435,0.910447762727087,0.8656716401400599,0.8208955215036036,0.7761194028671471,0.7313432842306906,-0.253127992,-0.241793903,-0.230459814,-0.219125724,-0.207791635,-0.196457546,-0.185123457,EU,"G. Limpens, “Generating energy transition pathways: application to Belgium,” PhD thesis, Université catholique de Louvain, 2021. Available: https://dial.uclouvain.be/pr/boreal/object/boreal:249196"
SUV_FC_H2_LD,H2,0.9552238813635435,0.910447762727087,0.8656716401400599,0.8208955215036036,0.7761194028671471,0.7313432842306906,-0.253127992,-0.241793903,-0.230459814,-0.219125724,-0.207791635,-0.196457546,-0.185123457,EU,"G. Limpens, “Generating energy transition pathways: application to Belgium,” PhD thesis, Université catholique de Louvain, 2021. Available: https://dial.uclouvain.be/pr/boreal/object/boreal:249196"
SUV_FC_H2_ELD,H2,0.9552238813635435,0.910447762727087,0.8656716401400599,0.8208955215036036,0.7761194028671471,0.7313432842306906,-0.253127992,-0.241793903,-0.230459814,-0.219125724,-0.207791635,-0.196457546,-0.185123457,EU,"G. Limpens, “Generating energy transition pathways: application to Belgium,” PhD thesis, Université catholique de Louvain, 2021. Available: https://dial.uclouvain.be/pr/boreal/object/boreal:249196"
SUV_FC_CH4_SD,H2,0.9552238813635435,0.910447762727087,0.8656716401400599,0.8208955215036036,0.7761194028671471,0.7313432842306906,-0.253127992,-0.241793903,-0.230459814,-0.219125724,-0.207791635,-0.196457546,-0.185123457,EU,"G. Limpens, “Generating energy transition pathways: application to Belgium,” PhD thesis, Université catholique de Louvain, 2021. Available: https://dial.uclouvain.be/pr/boreal/object/boreal:249196"
SUV_FC_CH4_MD,H2,0.9552238813635435,0.910447762727087,0.8656716401400599,0.8208955215036036,0.7761194028671471,0.7313432842306906,-0.253127992,-0.241793903,-0.230459814,-0.219125724,-0.207791635,-0.196457546,-0.185123457,EU,"G. Limpens, “Generating energy transition pathways: application to Belgium,” PhD thesis, Université catholique de Louvain, 2021. Available: https://dial.uclouvain.be/pr/boreal/object/boreal:249196"
SUV_FC_CH4_LD,H2,0.9552238813635435,0.910447762727087,0.8656716401400599,0.8208955215036036,0.7761194028671471,0.7313432842306906,-0.253127992,-0.241793903,-0.230459814,-0.219125724,-0.207791635,-0.196457546,-0.185123457,EU,"G. Limpens, “Generating energy transition pathways: application to Belgium,” PhD thesis, Université catholique de Louvain, 2021. Available: https://dial.uclouvain.be/pr/boreal/object/boreal:249196"
SUV_FC_CH4_ELD,H2,0.9552238813635435,0.910447762727087,0.8656716401400599,0.8208955215036036,0.7761194028671471,0.7313432842306906,-0.253127992,-0.241793903,-0.230459814,-0.219125724,-0.207791635,-0.196457546,-0.185123457,EU,"G. Limpens, “Generating energy transition pathways: application to Belgium,” PhD thesis, Université catholique de Louvain, 2021. Available: https://dial.uclouvain.be/pr/boreal/object/boreal:249196"
CAR_MEOH_SD,METHANOL,0.9617021294710849,0.9262295092164502,0.8932806332101235,0.8625954209899013,0.8339483402867606,0.8071428573094735,-0.514440796,-0.494738809,-0.476490246,-0.45954,-0.443754275,-0.429017048,-0.415227214,EU,"G. Limpens, “Generating energy transition pathways: application to Belgium,” PhD thesis, Université catholique de Louvain, 2021. Available: https://dial.uclouvain.be/pr/boreal/object/boreal:249196"
CAR_MEOH_MD,METHANOL,0.9617021294710849,0.9262295092164502,0.8932806332101235,0.8625954209899013,0.8339483402867606,0.8071428573094735,-0.514440796,-0.494738809,-0.476490246,-0.45954,-0.443754275,-0.429017048,-0.415227214,EU,"G. Limpens, “Generating energy transition pathways: application to Belgium,” PhD thesis, Université catholique de Louvain, 2021. Available: https://dial.uclouvain.be/pr/boreal/object/boreal:249196"
CAR_MEOH_LD,METHANOL,0.9617021294710849,0.9262295092164502,0.8932806332101235,0.8625954209899013,0.8339483402867606,0.8071428573094735,-0.514440796,-0.494738809,-0.476490246,-0.45954,-0.443754275,-0.429017048,-0.415227214,EU,"G. Limpens, “Generating energy transition pathways: application to Belgium,” PhD thesis, Université catholique de Louvain, 2021. Available: https://dial.uclouvain.be/pr/boreal/object/boreal:249196"
CAR_MEOH_ELD,METHANOL,0.9617021294710849,0.9262295092164502,0.8932806332101235,0.8625954209899013,0.8339483402867606,0.8071428573094735,-0.514440796,-0.494738809,-0.476490246,-0.45954,-0.443754275,-0.429017048,-0.415227214,EU,"G. Limpens, “Generating energy transition pathways: application to Belgium,” PhD thesis, Université catholique de Louvain, 2021. Available: https://dial.uclouvain.be/pr/boreal/object/boreal:249196"
CAR_ETOH_E10_SD,METHANOL,0.9617021294710849,0.9262295092164502,0.8932806332101235,0.8625954209899013,0.8339483402867606,0.8071428573094735,-0.514440796,-0.494738809,-0.476490246,-0.45954,-0.443754275,-0.429017048,-0.415227214,EU,"G. Limpens, “Generating energy transition pathways: application to Belgium,” PhD thesis, Université catholique de Louvain, 2021. Available: https://dial.uclouvain.be/pr/boreal/object/boreal:249196"
CAR_ETOH_E10_MD,METHANOL,0.9617021294710849,0.9262295092164502,0.8932806332101235,0.8625954209899013,0.8339483402867606,0.8071428573094735,-0.514440796,-0.494738809,-0.476490246,-0.45954,-0.443754275,-0.429017048,-0.415227214,EU,"G. Limpens, “Generating energy transition pathways: application to Belgium,” PhD thesis, Université catholique de Louvain, 2021. Available: https://dial.uclouvain.be/pr/boreal/object/boreal:249196"
CAR_ETOH_E10_LD,METHANOL,0.9617021294710849,0.9262295092164502,0.8932806332101235,0.8625954209899013,0.8339483402867606,0.8071428573094735,-0.514440796,-0.494738809,-0.476490246,-0.45954,-0.443754275,-0.429017048,-0.415227214,EU,"G. Limpens, “Generating energy transition pathways: application to Belgium,” PhD thesis, Université catholique de Louvain, 2021. Available: https://dial.uclouvain.be/pr/boreal/object/boreal:249196"
CAR_ETOH_E10_ELD,METHANOL,0.9617021294710849,0.9262295092164502,0.8932806332101235,0.8625954209899013,0.8339483402867606,0.8071428573094735,-0.514440796,-0.494738809,-0.476490246,-0.45954,-0.443754275,-0.429017048,-0.415227214,EU,"G. Limpens, “Generating energy transition pathways: application to Belgium,” PhD thesis, Université catholique de Louvain, 2021. Available: https://dial.uclouvain.be/pr/boreal/object/boreal:249196"
CAR_ETOH_E85_SD,METHANOL,0.9617021294710849,0.9262295092164502,0.8932806332101235,0.8625954209899013,0.8339483402867606,0.8071428573094735,-0.514440796,-0.494738809,-0.476490246,-0.45954,-0.443754275,-0.429017048,-0.415227214,EU,"G. Limpens, “Generating energy transition pathways: application to Belgium,” PhD thesis, Université catholique de Louvain, 2021. Available: https://dial.uclouvain.be/pr/boreal/object/boreal:249196"
CAR_ETOH_E85_MD,METHANOL,0.9617021294710849,0.9262295092164502,0.8932806332101235,0.8625954209899013,0.8339483402867606,0.8071428573094735,-0.514440796,-0.494738809,-0.476490246,-0.45954,-0.443754275,-0.429017048,-0.415227214,EU,"G. Limpens, “Generating energy transition pathways: application to Belgium,” PhD thesis, Université catholique de Louvain, 2021. Available: https://dial.uclouvain.be/pr/boreal/object/boreal:249196"
CAR_ETOH_E85_LD,METHANOL,0.9617021294710849,0.9262295092164502,0.8932806332101235,0.8625954209899013,0.8339483402867606,0.8071428573094735,-0.514440796,-0.494738809,-0.476490246,-0.45954,-0.443754275,-0.429017048,-0.415227214,EU,"G. Limpens, “Generating energy transition pathways: application to Belgium,” PhD thesis, Université catholique de Louvain, 2021. Available: https://dial.uclouvain.be/pr/boreal/object/boreal:249196"
CAR_ETOH_E85_ELD,METHANOL,0.9617021294710849,0.9262295092164502,0.8932806332101235,0.8625954209899013,0.8339483402867606,0.8071428573094735,-0.514440796,-0.494738809,-0.476490246,-0.45954,-0.443754275,-0.429017048,-0.415227214,EU,"G. Limpens, “Generating energy transition pathways: application to Belgium,” PhD thesis, Université catholique de Louvain, 2021. Available: https://dial.uclouvain.be/pr/boreal/object/boreal:249196"
SUV_ETOH_E10_SD,METHANOL,0.9617021294710849,0.9262295092164502,0.8932806332101235,0.8625954209899013,0.8339483402867606,0.8071428573094735,-0.514440796,-0.494738809,-0.476490246,-0.45954,-0.443754275,-0.429017048,-0.415227214,EU,"G. Limpens, “Generating energy transition pathways: application to Belgium,” PhD thesis, Université catholique de Louvain, 2021. Available: https://dial.uclouvain.be/pr/boreal/object/boreal:249196"
SUV_ETOH_E10_MD,METHANOL,0.9617021294710849,0.9262295092164502,0.8932806332101235,0.8625954209899013,0.8339483402867606,0.8071428573094735,-0.514440796,-0.494738809,-0.476490246,-0.45954,-0.443754275,-0.429017048,-0.415227214,EU,"G. Limpens, “Generating energy transition pathways: application to Belgium,” PhD thesis, Université catholique de Louvain, 2021. Available: https://dial.uclouvain.be/pr/boreal/object/boreal:249196"
SUV_ETOH_E10_LD,METHANOL,0.9617021294710849,0.9262295092164502,0.8932806332101235,0.8625954209899013,0.8339483402867606,0.8071428573094735,-0.514440796,-0.494738809,-0.476490246,-0.45954,-0.443754275,-0.429017048,-0.415227214,EU,"G. Limpens, “Generating energy transition pathways: application to Belgium,” PhD thesis, Université catholique de Louvain, 2021. Available: https://dial.uclouvain.be/pr/boreal/object/boreal:249196"
SUV_ETOH_E10_ELD,METHANOL,0.9617021294710849,0.9262295092164502,0.8932806332101235,0.8625954209899013,0.8339483402867606,0.8071428573094735,-0.514440796,-0.494738809,-0.476490246,-0.45954,-0.443754275,-0.429017048,-0.415227214,EU,"G. Limpens, “Generating energy transition pathways: application to Belgium,” PhD thesis, Université catholique de Louvain, 2021. Available: https://dial.uclouvain.be/pr/boreal/object/boreal:249196"
SUV_ETOH_E85_SD,METHANOL,0.9617021294710849,0.9262295092164502,0.8932806332101235,0.8625954209899013,0.8339483402867606,0.8071428573094735,-0.514440796,-0.494738809,-0.476490246,-0.45954,-0.443754275,-0.429017048,-0.415227214,EU,"G. Limpens, “Generating energy transition pathways: application to Belgium,” PhD thesis, Université catholique de Louvain, 2021. Available: https://dial.uclouvain.be/pr/boreal/object/boreal:249196"
SUV_ETOH_E85_MD,METHANOL,0.9617021294710849,0.9262295092164502,0.8932806332101235,0.8625954209899013,0.8339483402867606,0.8071428573094735,-0.514440796,-0.494738809,-0.476490246,-0.45954,-0.443754275,-0.429017048,-0.415227214,EU,"G. Limpens, “Generating energy transition pathways: application to Belgium,” PhD thesis, Université catholique de Louvain, 2021. Available: https://dial.uclouvain.be/pr/boreal/object/boreal:249196"
SUV_ETOH_E85_LD,METHANOL,0.9617021294710849,0.9262295092164502,0.8932806332101235,0.8625954209899013,0.8339483402867606,0.8071428573094735,-0.514440796,-0.494738809,-0.476490246,-0.45954,-0.443754275,-0.429017048,-0.415227214,EU,"G. Limpens, “Generating energy transition pathways: application to Belgium,” PhD thesis, Université catholique de Louvain, 2021. Available: https://dial.uclouvain.be/pr/boreal/object/boreal:249196"
SUV_ETOH_E85_ELD,METHANOL,0.9617021294710849,0.9262295092164502,0.8932806332101235,0.8625954209899013,0.8339483402867606,0.8071428573094735,-0.514440796,-0.494738809,-0.476490246,-0.45954,-0.443754275,-0.429017048,-0.415227214,EU,"G. Limpens, “Generating energy transition pathways: application to Belgium,” PhD thesis, Université catholique de Louvain, 2021. Available: https://dial.uclouvain.be/pr/boreal/object/boreal:249196"
CAR_BIOMEOH_SD,METHANOL,0.9617021294710849,0.9262295092164502,0.8932806332101235,0.8625954209899013,0.8339483402867606,0.8071428573094735,-0.514440796,-0.494738809,-0.476490246,-0.45954,-0.443754275,-0.429017048,-0.415227214,EU,"G. Limpens, “Generating energy transition pathways: application to Belgium,” PhD thesis, Université catholique de Louvain, 2021. Available: https://dial.uclouvain.be/pr/boreal/object/boreal:249196"
CAR_BIOMEOH_MD,METHANOL,0.9617021294710849,0.9262295092164502,0.8932806332101235,0.8625954209899013,0.8339483402867606,0.8071428573094735,-0.514440796,-0.494738809,-0.476490246,-0.45954,-0.443754275,-0.429017048,-0.415227214,EU,"G. Limpens, “Generating energy transition pathways: application to Belgium,” PhD thesis, Université catholique de Louvain, 2021. Available: https://dial.uclouvain.be/pr/boreal/object/boreal:249196"
CAR_BIOMEOH_LD,METHANOL,0.9617021294710849,0.9262295092164502,0.8932806332101235,0.8625954209899013,0.8339483402867606,0.8071428573094735,-0.514440796,-0.494738809,-0.476490246,-0.45954,-0.443754275,-0.429017048,-0.415227214,EU,"G. Limpens, “Generating energy transition pathways: application to Belgium,” PhD thesis, Université catholique de Louvain, 2021. Available: https://dial.uclouvain.be/pr/boreal/object/boreal:249196"
CAR_BIOMEOH_ELD,METHANOL,0.9617021294710849,0.9262295092164502,0.8932806332101235,0.8625954209899013,0.8339483402867606,0.8071428573094735,-0.514440796,-0.494738809,-0.476490246,-0.45954,-0.443754275,-0.429017048,-0.415227214,EU,"G. Limpens, “Generating energy transition pathways: application to Belgium,” PhD thesis, Université catholique de Louvain, 2021. Available: https://dial.uclouvain.be/pr/boreal/object/boreal:249196"
CAR_BIOETOH_E10_SD,METHANOL,0.9617021294710849,0.9262295092164502,0.8932806332101235,0.8625954209899013,0.8339483402867606,0.8071428573094735,-0.514440796,-0.494738809,-0.476490246,-0.45954,-0.443754275,-0.429017048,-0.415227214,EU,"G. Limpens, “Generating energy transition pathways: application to Belgium,” PhD thesis, Université catholique de Louvain, 2021. Available: https://dial.uclouvain.be/pr/boreal/object/boreal:249196"
CAR_BIOETOH_E10_MD,METHANOL,0.9617021294710849,0.9262295092164502,0.8932806332101235,0.8625954209899013,0.8339483402867606,0.8071428573094735,-0.514440796,-0.494738809,-0.476490246,-0.45954,-0.443754275,-0.429017048,-0.415227214,EU,"G. Limpens, “Generating energy transition pathways: application to Belgium,” PhD thesis, Université catholique de Louvain, 2021. Available: https://dial.uclouvain.be/pr/boreal/object/boreal:249196"
CAR_BIOETOH_E10_LD,METHANOL,0.9617021294710849,0.9262295092164502,0.8932806332101235,0.8625954209899013,0.8339483402867606,0.8071428573094735,-0.514440796,-0.494738809,-0.476490246,-0.45954,-0.443754275,-0.429017048,-0.415227214,EU,"G. Limpens, “Generating energy transition pathways: application to Belgium,” PhD thesis, Université catholique de Louvain, 2021. Available: https://dial.uclouvain.be/pr/boreal/object/boreal:249196"
CAR_BIOETOH_E10_ELD,METHANOL,0.9617021294710849,0.9262295092164502,0.8932806332101235,0.8625954209899013,0.8339483402867606,0.8071428573094735,-0.514440796,-0.494738809,-0.476490246,-0.45954,-0.443754275,-0.429017048,-0.415227214,EU,"G. Limpens, “Generating energy transition pathways: application to Belgium,” PhD thesis, Université catholique de Louvain, 2021. Available: https://dial.uclouvain.be/pr/boreal/object/boreal:249196"
CAR_BIOETOH_E85_SD,METHANOL,0.9617021294710849,0.9262295092164502,0.8932806332101235,0.8625954209899013,0.8339483402867606,0.8071428573094735,-0.514440796,-0.494738809,-0.476490246,-0.45954,-0.443754275,-0.429017048,-0.415227214,EU,"G. Limpens, “Generating energy transition pathways: application to Belgium,” PhD thesis, Université catholique de Louvain, 2021. Available: https://dial.uclouvain.be/pr/boreal/object/boreal:249196"
CAR_BIOETOH_E85_MD,METHANOL,0.9617021294710849,0.9262295092164502,0.8932806332101235,0.8625954209899013,0.8339483402867606,0.8071428573094735,-0.514440796,-0.494738809,-0.476490246,-0.45954,-0.443754275,-0.429017048,-0.415227214,EU,"G. Limpens, “Generating energy transition pathways: application to Belgium,” PhD thesis, Université catholique de Louvain, 2021. Available: https://dial.uclouvain.be/pr/boreal/object/boreal:249196"
CAR_BIOETOH_E85_LD,METHANOL,0.9617021294710849,0.9262295092164502,0.8932806332101235,0.8625954209899013,0.8339483402867606,0.8071428573094735,-0.514440796,-0.494738809,-0.476490246,-0.45954,-0.443754275,-0.429017048,-0.415227214,EU,"G. Limpens, “Generating energy transition pathways: application to Belgium,” PhD thesis, Université catholique de Louvain, 2021. Available: https://dial.uclouvain.be/pr/boreal/object/boreal:249196"
CAR_BIOETOH_E85_ELD,METHANOL,0.9617021294710849,0.9262295092164502,0.8932806332101235,0.8625954209899013,0.8339483402867606,0.8071428573094735,-0.514440796,-0.494738809,-0.476490246,-0.45954,-0.443754275,-0.429017048,-0.415227214,EU,"G. Limpens, “Generating energy transition pathways: application to Belgium,” PhD thesis, Université catholique de Louvain, 2021. Available: https://dial.uclouvain.be/pr/boreal/object/boreal:249196"
SUV_BIOETOH_E10_SD,METHANOL,0.9617021294710849,0.9262295092164502,0.8932806332101235,0.8625954209899013,0.8339483402867606,0.8071428573094735,-0.514440796,-0.494738809,-0.476490246,-0.45954,-0.443754275,-0.429017048,-0.415227214,EU,"G. Limpens, “Generating energy transition pathways: application to Belgium,” PhD thesis, Université catholique de Louvain, 2021. Available: https://dial.uclouvain.be/pr/boreal/object/boreal:249196"
SUV_BIOETOH_E10_MD,METHANOL,0.9617021294710849,0.9262295092164502,0.8932806332101235,0.8625954209899013,0.8339483402867606,0.8071428573094735,-0.514440796,-0.494738809,-0.476490246,-0.45954,-0.443754275,-0.429017048,-0.415227214,EU,"G. Limpens, “Generating energy transition pathways: application to Belgium,” PhD thesis, Université catholique de Louvain, 2021. Available: https://dial.uclouvain.be/pr/boreal/object/boreal:249196"
SUV_BIOETOH_E10_LD,METHANOL,0.9617021294710849,0.9262295092164502,0.8932806332101235,0.8625954209899013,0.8339483402867606,0.8071428573094735,-0.514440796,-0.494738809,-0.476490246,-0.45954,-0.443754275,-0.429017048,-0.415227214,EU,"G. Limpens, “Generating energy transition pathways: application to Belgium,” PhD thesis, Université catholique de Louvain, 2021. Available: https://dial.uclouvain.be/pr/boreal/object/boreal:249196"
SUV_BIOETOH_E10_ELD,METHANOL,0.9617021294710849,0.9262295092164502,0.8932806332101235,0.8625954209899013,0.8339483402867606,0.8071428573094735,-0.514440796,-0.494738809,-0.476490246,-0.45954,-0.443754275,-0.429017048,-0.415227214,EU,"G. Limpens, “Generating energy transition pathways: application to Belgium,” PhD thesis, Université catholique de Louvain, 2021. Available: https://dial.uclouvain.be/pr/boreal/object/boreal:249196"
SUV_BIOETOH_E85_SD,METHANOL,0.9617021294710849,0.9262295092164502,0.8932806332101235,0.8625954209899013,0.8339483402867606,0.8071428573094735,-0.514440796,-0.494738809,-0.476490246,-0.45954,-0.443754275,-0.429017048,-0.415227214,EU,"G. Limpens, “Generating energy transition pathways: application to Belgium,” PhD thesis, Université catholique de Louvain, 2021. Available: https://dial.uclouvain.be/pr/boreal/object/boreal:249196"
SUV_BIOETOH_E85_MD,METHANOL,0.9617021294710849,0.9262295092164502,0.8932806332101235,0.8625954209899013,0.8339483402867606,0.8071428573094735,-0.514440796,-0.494738809,-0.476490246,-0.45954,-0.443754275,-0.429017048,-0.415227214,EU,"G. Limpens, “Generating energy transition pathways: application to Belgium,” PhD thesis, Université catholique de Louvain, 2021. Available: https://dial.uclouvain.be/pr/boreal/object/boreal:249196"
SUV_BIOETOH_E85_LD,METHANOL,0.9617021294710849,0.9262295092164502,0.8932806332101235,0.8625954209899013,0.8339483402867606,0.8071428573094735,-0.514440796,-0.494738809,-0.476490246,-0.45954,-0.443754275,-0.429017048,-0.415227214,EU,"G. Limpens, “Generating energy transition pathways: application to Belgium,” PhD thesis, Université catholique de Louvain, 2021. Available: https://dial.uclouvain.be/pr/boreal/object/boreal:249196"
SUV_BIOETOH_E85_ELD,METHANOL,0.9617021294710849,0.9262295092164502,0.8932806332101235,0.8625954209899013,0.8339483402867606,0.8071428573094735,-0.514440796,-0.494738809,-0.476490246,-0.45954,-0.443754275,-0.429017048,-0.415227214,EU,"G. Limpens, “Generating energy transition pathways: application to Belgium,” PhD thesis, Université catholique de Louvain, 2021. Available: https://dial.uclouvain.be/pr/boreal/object/boreal:249196"
TRAMWAY_SD,ELECTRICITY,0.9596566492871745,0.9224422493590335,0.8880063573866976,0.8560490119266927,0.8263118954816802,0.7985714293630228,-0.070382379,-0.067542918,-0.06492368,-0.0625,-0.060250766,-0.058157797,-0.056205357,EU,"G. Limpens, “Generating energy transition pathways: application to Belgium,” PhD thesis, Université catholique de Louvain, 2021. Available: https://dial.uclouvain.be/pr/boreal/object/boreal:249196"
TRAIN_ELEC_LD,ELECTRICITY,0.9596566517958949,0.9224422378247923,0.8880063518765459,0.8560490040275611,0.8263118913190953,0.7985714225221789,-0.072972451,-0.070028498,-0.067312871,-0.0648,-0.062467994,-0.060298004,-0.058273714,EU,"G. Limpens, “Generating energy transition pathways: application to Belgium,” PhD thesis, Université catholique de Louvain, 2021. Available: https://dial.uclouvain.be/pr/boreal/object/boreal:249196"
TRAIN_ELEC_ELD,ELECTRICITY,0.9596566517958949,0.9224422378247923,0.8880063518765459,0.8560490040275611,0.8263118913190953,0.7985714225221789,-0.072972451,-0.070028498,-0.067312871,-0.0648,-0.062467994,-0.060298004,-0.058273714,EU,"G. Limpens, “Generating energy transition pathways: application to Belgium,” PhD thesis, Université catholique de Louvain, 2021. Available: https://dial.uclouvain.be/pr/boreal/object/boreal:249196"
TRAIN_NG_LD,ELECTRICITY,0.9596566517958949,0.9224422378247923,0.8880063518765459,0.8560490040275611,0.8263118913190953,0.7985714225221789,-0.072972451,-0.070028498,-0.067312871,-0.0648,-0.062467994,-0.060298004,-0.058273714,EU,"G. Limpens, “Generating energy transition pathways: application to Belgium,” PhD thesis, Université catholique de Louvain, 2021. Available: https://dial.uclouvain.be/pr/boreal/object/boreal:249196"
TRAIN_NG_ELD,ELECTRICITY,0.9596566517958949,0.9224422378247923,0.8880063518765459,0.8560490040275611,0.8263118913190953,0.7985714225221789,-0.072972451,-0.070028498,-0.067312871,-0.0648,-0.062467994,-0.060298004,-0.058273714,EU,"G. Limpens, “Generating energy transition pathways: application to Belgium,” PhD thesis, Université catholique de Louvain, 2021. Available: https://dial.uclouvain.be/pr/boreal/object/boreal:249196"
TRAIN_SNG_LD,ELECTRICITY,0.9596566517958949,0.9224422378247923,0.8880063518765459,0.8560490040275611,0.8263118913190953,0.7985714225221789,-0.072972451,-0.070028498,-0.067312871,-0.0648,-0.062467994,-0.060298004,-0.058273714,EU,"G. Limpens, “Generating energy transition pathways: application to Belgium,” PhD thesis, Université catholique de Louvain, 2021. Available: https://dial.uclouvain.be/pr/boreal/object/boreal:249196"
TRAIN_SNG_ELD,ELECTRICITY,0.9596566517958949,0.9224422378247923,0.8880063518765459,0.8560490040275611,0.8263118913190953,0.7985714225221789,-0.072972451,-0.070028498,-0.067312871,-0.0648,-0.062467994,-0.060298004,-0.058273714,EU,"G. Limpens, “Generating energy transition pathways: application to Belgium,” PhD thesis, Université catholique de Louvain, 2021. Available: https://dial.uclouvain.be/pr/boreal/object/boreal:249196"
TRAIN_BIODIESEL_LD,ELECTRICITY,0.9596566517958949,0.9224422378247923,0.8880063518765459,0.8560490040275611,0.8263118913190953,0.7985714225221789,-0.072972451,-0.070028498,-0.067312871,-0.0648,-0.062467994,-0.060298004,-0.058273714,EU,"G. Limpens, “Generating energy transition pathways: application to Belgium,” PhD thesis, Université catholique de Louvain, 2021. Available: https://dial.uclouvain.be/pr/boreal/object/boreal:249196"
TRAIN_BIODIESEL_ELD,ELECTRICITY,0.9596566517958949,0.9224422378247923,0.8880063518765459,0.8560490040275611,0.8263118913190953,0.7985714225221789,-0.072972451,-0.070028498,-0.067312871,-0.0648,-0.062467994,-0.060298004,-0.058273714,EU,"G. Limpens, “Generating energy transition pathways: application to Belgium,” PhD thesis, Université catholique de Louvain, 2021. Available: https://dial.uclouvain.be/pr/boreal/object/boreal:249196"
BUS_EV_SD,ELECTRICITY,0.9596566516656241,0.9224422454308409,0.888006354017128,0.8560490060250661,0.8263118985943534,0.7985714288720159,-0.280403399,-0.269090987,-0.258655941,-0.249,-0.240039051,-0.231700665,-0.223922143,EU,"G. Limpens, “Generating energy transition pathways: application to Belgium,” PhD thesis, Université catholique de Louvain, 2021. Available: https://dial.uclouvain.be/pr/boreal/object/boreal:249196"
SCHOOLBUS_EV_SD,ELECTRICITY,0.9596566516656241,0.9224422454308409,0.888006354017128,0.8560490060250661,0.8263118985943534,0.7985714288720159,-0.280403399,-0.269090987,-0.258655941,-0.249,-0.240039051,-0.231700665,-0.223922143,EU,"G. Limpens, “Generating energy transition pathways: application to Belgium,” PhD thesis, Université catholique de Louvain, 2021. Available: https://dial.uclouvain.be/pr/boreal/object/boreal:249196"
COACH_EV_MD,ELECTRICITY,0.9596566516656241,0.9224422454308409,0.888006354017128,0.8560490060250661,0.8263118985943534,0.7985714288720159,-0.280403399,-0.269090987,-0.258655941,-0.249,-0.240039051,-0.231700665,-0.223922143,EU,"G. Limpens, “Generating energy transition pathways: application to Belgium,” PhD thesis, Université catholique de Louvain, 2021. Available: https://dial.uclouvain.be/pr/boreal/object/boreal:249196"
COACH_EV_LD,ELECTRICITY,0.9596566516656241,0.9224422454308409,0.888006354017128,0.8560490060250661,0.8263118985943534,0.7985714288720159,-0.280403399,-0.269090987,-0.258655941,-0.249,-0.240039051,-0.231700665,-0.223922143,EU,"G. Limpens, “Generating energy transition pathways: application to Belgium,” PhD thesis, Université catholique de Louvain, 2021. Available: https://dial.uclouvain.be/pr/boreal/object/boreal:249196"
COACH_EV_ELD,ELECTRICITY,0.9596566516656241,0.9224422454308409,0.888006354017128,0.8560490060250661,0.8263118985943534,0.7985714288720159,-0.280403399,-0.269090987,-0.258655941,-0.249,-0.240039051,-0.231700665,-0.223922143,EU,"G. Limpens, “Generating energy transition pathways: application to Belgium,” PhD thesis, Université catholique de Louvain, 2021. Available: https://dial.uclouvain.be/pr/boreal/object/boreal:249196"
BUS_DIESEL_SD,DIESEL,0.9685950422017383,0.9391025664679717,0.9113530336737052,0.885196374352727,0.8604992666525781,0.8371428570938202,-0.291325085,-0.282176033,-0.273584135,-0.2655,-0.257879909,-0.250685022,-0.243880714,EU,"G. Limpens, “Generating energy transition pathways: application to Belgium,” PhD thesis, Université catholique de Louvain, 2021. Available: https://dial.uclouvain.be/pr/boreal/object/boreal:249196"
BUS_BIODIESEL_B20_SD,DIESEL,0.9685950422017383,0.9391025664679717,0.9113530336737052,0.885196374352727,0.8604992666525781,0.8371428570938202,-0.291325085,-0.282176033,-0.273584135,-0.2655,-0.257879909,-0.250685022,-0.243880714,EU,"G. Limpens, “Generating energy transition pathways: application to Belgium,” PhD thesis, Université catholique de Louvain, 2021. Available: https://dial.uclouvain.be/pr/boreal/object/boreal:249196"
BUS_BIODIESEL_B100_SD,DIESEL,0.9685950422017383,0.9391025664679717,0.9113530336737052,0.885196374352727,0.8604992666525781,0.8371428570938202,-0.291325085,-0.282176033,-0.273584135,-0.2655,-0.257879909,-0.250685022,-0.243880714,EU,"G. Limpens, “Generating energy transition pathways: application to Belgium,” PhD thesis, Université catholique de Louvain, 2021. Available: https://dial.uclouvain.be/pr/boreal/object/boreal:249196"
BUS_GASOLINE_SD,DIESEL,0.9685950422017383,0.9391025664679717,0.9113530336737052,0.885196374352727,0.8604992666525781,0.8371428570938202,-0.291325085,-0.282176033,-0.273584135,-0.2655,-0.257879909,-0.250685022,-0.243880714,EU,"G. Limpens, “Generating energy transition pathways: application to Belgium,” PhD thesis, Université catholique de Louvain, 2021. Available: https://dial.uclouvain.be/pr/boreal/object/boreal:249196"
BUS_PROPANE_SD,DIESEL,0.9685950422017383,0.9391025664679717,0.9113530336737052,0.885196374352727,0.8604992666525781,0.8371428570938202,-0.291325085,-0.282176033,-0.273584135,-0.2655,-0.257879909,-0.250685022,-0.243880714,EU,"G. Limpens, “Generating energy transition pathways: application to Belgium,” PhD thesis, Université catholique de Louvain, 2021. Available: https://dial.uclouvain.be/pr/boreal/object/boreal:249196"
COACH_DIESEL_MD,DIESEL,0.9685950422017383,0.9391025664679717,0.9113530336737052,0.885196374352727,0.8604992666525781,0.8371428570938202,-0.291325085,-0.282176033,-0.273584135,-0.2655,-0.257879909,-0.250685022,-0.243880714,EU,"G. Limpens, “Generating energy transition pathways: application to Belgium,” PhD thesis, Université catholique de Louvain, 2021. Available: https://dial.uclouvain.be/pr/boreal/object/boreal:249196"
COACH_DIESEL_LD,DIESEL,0.9685950422017383,0.9391025664679717,0.9113530336737052,0.885196374352727,0.8604992666525781,0.8371428570938202,-0.291325085,-0.282176033,-0.273584135,-0.2655,-0.257879909,-0.250685022,-0.243880714,EU,"G. Limpens, “Generating energy transition pathways: application to Belgium,” PhD thesis, Université catholique de Louvain, 2021. Available: https://dial.uclouvain.be/pr/boreal/object/boreal:249196"
COACH_DIESEL_ELD,DIESEL,0.9685950422017383,0.9391025664679717,0.9113530336737052,0.885196374352727,0.8604992666525781,0.8371428570938202,-0.291325085,-0.282176033,-0.273584135,-0.2655,-0.257879909,-0.250685022,-0.243880714,EU,"G. Limpens, “Generating energy transition pathways: application to Belgium,” PhD thesis, Université catholique de Louvain, 2021. Available: https://dial.uclouvain.be/pr/boreal/object/boreal:249196"
COACH_BIODIESEL_B20_MD,DIESEL,0.9685950422017383,0.9391025664679717,0.9113530336737052,0.885196374352727,0.8604992666525781,0.8371428570938202,-0.291325085,-0.282176033,-0.273584135,-0.2655,-0.257879909,-0.250685022,-0.243880714,EU,"G. Limpens, “Generating energy transition pathways: application to Belgium,” PhD thesis, Université catholique de Louvain, 2021. Available: https://dial.uclouvain.be/pr/boreal/object/boreal:249196"
COACH_BIODIESEL_B20_LD,DIESEL,0.9685950422017383,0.9391025664679717,0.9113530336737052,0.885196374352727,0.8604992666525781,0.8371428570938202,-0.291325085,-0.282176033,-0.273584135,-0.2655,-0.257879909,-0.250685022,-0.243880714,EU,"G. Limpens, “Generating energy transition pathways: application to Belgium,” PhD thesis, Université catholique de Louvain, 2021. Available: https://dial.uclouvain.be/pr/boreal/object/boreal:249196"
COACH_BIODIESEL_B20_ELD,DIESEL,0.9685950422017383,0.9391025664679717,0.9113530336737052,0.885196374352727,0.8604992666525781,0.8371428570938202,-0.291325085,-0.282176033,-0.273584135,-0.2655,-0.257879909,-0.250685022,-0.243880714,EU,"G. Limpens, “Generating energy transition pathways: application to Belgium,” PhD thesis, Université catholique de Louvain, 2021. Available: https://dial.uclouvain.be/pr/boreal/object/boreal:249196"
COACH_BIODIESEL_B100_MD,DIESEL,0.9685950422017383,0.9391025664679717,0.9113530336737052,0.885196374352727,0.8604992666525781,0.8371428570938202,-0.291325085,-0.282176033,-0.273584135,-0.2655,-0.257879909,-0.250685022,-0.243880714,EU,"G. Limpens, “Generating energy transition pathways: application to Belgium,” PhD thesis, Université catholique de Louvain, 2021. Available: https://dial.uclouvain.be/pr/boreal/object/boreal:249196"
COACH_BIODIESEL_B100_LD,DIESEL,0.9685950422017383,0.9391025664679717,0.9113530336737052,0.885196374352727,0.8604992666525781,0.8371428570938202,-0.291325085,-0.282176033,-0.273584135,-0.2655,-0.257879909,-0.250685022,-0.243880714,EU,"G. Limpens, “Generating energy transition pathways: application to Belgium,” PhD thesis, Université catholique de Louvain, 2021. Available: https://dial.uclouvain.be/pr/boreal/object/boreal:249196"
COACH_BIODIESEL_B100_ELD,DIESEL,0.9685950422017383,0.9391025664679717,0.9113530336737052,0.885196374352727,0.8604992666525781,0.8371428570938202,-0.291325085,-0.282176033,-0.273584135,-0.2655,-0.257879909,-0.250685022,-0.243880714,EU,"G. Limpens, “Generating energy transition pathways: application to Belgium,” PhD thesis, Université catholique de Louvain, 2021. Available: https://dial.uclouvain.be/pr/boreal/object/boreal:249196"
COACH_GASOLINE_MD,DIESEL,0.9685950422017383,0.9391025664679717,0.9113530336737052,0.885196374352727,0.8604992666525781,0.8371428570938202,-0.291325085,-0.282176033,-0.273584135,-0.2655,-0.257879909,-0.250685022,-0.243880714,EU,"G. Limpens, “Generating energy transition pathways: application to Belgium,” PhD thesis, Université catholique de Louvain, 2021. Available: https://dial.uclouvain.be/pr/boreal/object/boreal:249196"
COACH_GASOLINE_LD,DIESEL,0.9685950422017383,0.9391025664679717,0.9113530336737052,0.885196374352727,0.8604992666525781,0.8371428570938202,-0.291325085,-0.282176033,-0.273584135,-0.2655,-0.257879909,-0.250685022,-0.243880714,EU,"G. Limpens, “Generating energy transition pathways: application to Belgium,” PhD thesis, Université catholique de Louvain, 2021. Available: https://dial.uclouvain.be/pr/boreal/object/boreal:249196"
COACH_GASOLINE_ELD,DIESEL,0.9685950422017383,0.9391025664679717,0.9113530336737052,0.885196374352727,0.8604992666525781,0.8371428570938202,-0.291325085,-0.282176033,-0.273584135,-0.2655,-0.257879909,-0.250685022,-0.243880714,EU,"G. Limpens, “Generating energy transition pathways: application to Belgium,” PhD thesis, Université catholique de Louvain, 2021. Available: https://dial.uclouvain.be/pr/boreal/object/boreal:249196"
COACH_PROPANE_MD,DIESEL,0.9685950422017383,0.9391025664679717,0.9113530336737052,0.885196374352727,0.8604992666525781,0.8371428570938202,-0.291325085,-0.282176033,-0.273584135,-0.2655,-0.257879909,-0.250685022,-0.243880714,EU,"G. Limpens, “Generating energy transition pathways: application to Belgium,” PhD thesis, Université catholique de Louvain, 2021. Available: https://dial.uclouvain.be/pr/boreal/object/boreal:249196"
COACH_PROPANE_LD,DIESEL,0.9685950422017383,0.9391025664679717,0.9113530336737052,0.885196374352727,0.8604992666525781,0.8371428570938202,-0.291325085,-0.282176033,-0.273584135,-0.2655,-0.257879909,-0.250685022,-0.243880714,EU,"G. Limpens, “Generating energy transition pathways: application to Belgium,” PhD thesis, Université catholique de Louvain, 2021. Available: https://dial.uclouvain.be/pr/boreal/object/boreal:249196"
COACH_PROPANE_ELD,DIESEL,0.9685950422017383,0.9391025664679717,0.9113530336737052,0.885196374352727,0.8604992666525781,0.8371428570938202,-0.291325085,-0.282176033,-0.273584135,-0.2655,-0.257879909,-0.250685022,-0.243880714,EU,"G. Limpens, “Generating energy transition pathways: application to Belgium,” PhD thesis, Université catholique de Louvain, 2021. Available: https://dial.uclouvain.be/pr/boreal/object/boreal:249196"
SCHOOLBUS_DIESEL_SD,DIESEL,0.9685950422017383,0.9391025664679717,0.9113530336737052,0.885196374352727,0.8604992666525781,0.8371428570938202,-0.291325085,-0.282176033,-0.273584135,-0.2655,-0.257879909,-0.250685022,-0.243880714,EU,"G. Limpens, “Generating energy transition pathways: application to Belgium,” PhD thesis, Université catholique de Louvain, 2021. Available: https://dial.uclouvain.be/pr/boreal/object/boreal:249196"
SCHOOLBUS_BIODIESEL_B20_SD,DIESEL,0.9685950422017383,0.9391025664679717,0.9113530336737052,0.885196374352727,0.8604992666525781,0.8371428570938202,-0.291325085,-0.282176033,-0.273584135,-0.2655,-0.257879909,-0.250685022,-0.243880714,EU,"G. Limpens, “Generating energy transition pathways: application to Belgium,” PhD thesis, Université catholique de Louvain, 2021. Available: https://dial.uclouvain.be/pr/boreal/object/boreal:249196"
SCHOOLBUS_BIODIESEL_B100_SD,DIESEL,0.9685950422017383,0.9391025664679717,0.9113530336737052,0.885196374352727,0.8604992666525781,0.8371428570938202,-0.291325085,-0.282176033,-0.273584135,-0.2655,-0.257879909,-0.250685022,-0.243880714,EU,"G. Limpens, “Generating energy transition pathways: application to Belgium,” PhD thesis, Université catholique de Louvain, 2021. Available: https://dial.uclouvain.be/pr/boreal/object/boreal:249196"
SCHOOLBUS_GASOLINE_SD,DIESEL,0.9685950422017383,0.9391025664679717,0.9113530336737052,0.885196374352727,0.8604992666525781,0.8371428570938202,-0.291325085,-0.282176033,-0.273584135,-0.2655,-0.257879909,-0.250685022,-0.243880714,EU,"G. Limpens, “Generating energy transition pathways: application to Belgium,” PhD thesis, Université catholique de Louvain, 2021. Available: https://dial.uclouvain.be/pr/boreal/object/boreal:249196"
SCHOOLBUS_PROPANE_SD,DIESEL,0.9685950422017383,0.9391025664679717,0.9113530336737052,0.885196374352727,0.8604992666525781,0.8371428570938202,-0.291325085,-0.282176033,-0.273584135,-0.2655,-0.257879909,-0.250685022,-0.243880714,EU,"G. Limpens, “Generating energy transition pathways: application to Belgium,” PhD thesis, Université catholique de Louvain, 2021. Available: https://dial.uclouvain.be/pr/boreal/object/boreal:249196"
BUS_HY_DIESEL_SD,DIESEL,0.9522123868050134,0.9087837824470781,0.8691437788987558,0.8328173365493792,0.7994056472153226,0.76857142859655,-0.227465242,-0.216595221,-0.206716723,-0.1977,-0.189436997,-0.181836999,-0.174823286,EU,"G. Limpens, “Generating energy transition pathways: application to Belgium,” PhD thesis, Université catholique de Louvain, 2021. Available: https://dial.uclouvain.be/pr/boreal/object/boreal:249196"
COACH_HY_DIESEL_MD,DIESEL,0.9522123868050134,0.9087837824470781,0.8691437788987558,0.8328173365493792,0.7994056472153226,0.76857142859655,-0.227465242,-0.216595221,-0.206716723,-0.1977,-0.189436997,-0.181836999,-0.174823286,EU,"G. Limpens, “Generating energy transition pathways: application to Belgium,” PhD thesis, Université catholique de Louvain, 2021. Available: https://dial.uclouvain.be/pr/boreal/object/boreal:249196"
COACH_HY_DIESEL_LD,DIESEL,0.9522123868050134,0.9087837824470781,0.8691437788987558,0.8328173365493792,0.7994056472153226,0.76857142859655,-0.227465242,-0.216595221,-0.206716723,-0.1977,-0.189436997,-0.181836999,-0.174823286,EU,"G. Limpens, “Generating energy transition pathways: application to Belgium,” PhD thesis, Université catholique de Louvain, 2021. Available: https://dial.uclouvain.be/pr/boreal/object/boreal:249196"
COACH_HY_DIESEL_ELD,DIESEL,0.9522123868050134,0.9087837824470781,0.8691437788987558,0.8328173365493792,0.7994056472153226,0.76857142859655,-0.227465242,-0.216595221,-0.206716723,-0.1977,-0.189436997,-0.181836999,-0.174823286,EU,"G. Limpens, “Generating energy transition pathways: application to Belgium,” PhD thesis, Université catholique de Louvain, 2021. Available: https://dial.uclouvain.be/pr/boreal/object/boreal:249196"
SCHOOLBUS_HY_DIESEL_SD,DIESEL,0.9522123868050134,0.9087837824470781,0.8691437788987558,0.8328173365493792,0.7994056472153226,0.76857142859655,-0.227465242,-0.216595221,-0.206716723,-0.1977,-0.189436997,-0.181836999,-0.174823286,EU,"G. Limpens, “Generating energy transition pathways: application to Belgium,” PhD thesis, Université catholique de Louvain, 2021. Available: https://dial.uclouvain.be/pr/boreal/object/boreal:249196"
BUS_CNG_SD,GAS,0.9617021272337498,0.9262295096458047,0.8932806333339676,0.8625954195417747,0.8339483399265037,0.8071428594063176,-0.299793805,-0.28831234,-0.277677869,-0.2678,-0.258600763,-0.250012546,-0.241976429,EU,"G. Limpens, “Generating energy transition pathways: application to Belgium,” PhD thesis, Université catholique de Louvain, 2021. Available: https://dial.uclouvain.be/pr/boreal/object/boreal:249196"
COACH_CNG_MD,GAS,0.9617021272337498,0.9262295096458047,0.8932806333339676,0.8625954195417747,0.8339483399265037,0.8071428594063176,-0.299793805,-0.28831234,-0.277677869,-0.2678,-0.258600763,-0.250012546,-0.241976429,EU,"G. Limpens, “Generating energy transition pathways: application to Belgium,” PhD thesis, Université catholique de Louvain, 2021. Available: https://dial.uclouvain.be/pr/boreal/object/boreal:249196"
COACH_CNG_LD,GAS,0.9617021272337498,0.9262295096458047,0.8932806333339676,0.8625954195417747,0.8339483399265037,0.8071428594063176,-0.299793805,-0.28831234,-0.277677869,-0.2678,-0.258600763,-0.250012546,-0.241976429,EU,"G. Limpens, “Generating energy transition pathways: application to Belgium,” PhD thesis, Université catholique de Louvain, 2021. Available: https://dial.uclouvain.be/pr/boreal/object/boreal:249196"
COACH_CNG_ELD,GAS,0.9617021272337498,0.9262295096458047,0.8932806333339676,0.8625954195417747,0.8339483399265037,0.8071428594063176,-0.299793805,-0.28831234,-0.277677869,-0.2678,-0.258600763,-0.250012546,-0.241976429,EU,"G. Limpens, “Generating energy transition pathways: application to Belgium,” PhD thesis, Université catholique de Louvain, 2021. Available: https://dial.uclouvain.be/pr/boreal/object/boreal:249196"
SCHOOLBUS_CNG_SD,GAS,0.9617021272337498,0.9262295096458047,0.8932806333339676,0.8625954195417747,0.8339483399265037,0.8071428594063176,-0.299793805,-0.28831234,-0.277677869,-0.2678,-0.258600763,-0.250012546,-0.241976429,EU,"G. Limpens, “Generating energy transition pathways: application to Belgium,” PhD thesis, Université catholique de Louvain, 2021. Available: https://dial.uclouvain.be/pr/boreal/object/boreal:249196"
BUS_CSNG_SD,GAS,0.9617021272337498,0.9262295096458047,0.8932806333339676,0.8625954195417747,0.8339483399265037,0.8071428594063176,-0.299793805,-0.28831234,-0.277677869,-0.2678,-0.258600763,-0.250012546,-0.241976429,EU,"G. Limpens, “Generating energy transition pathways: application to Belgium,” PhD thesis, Université catholique de Louvain, 2021. Available: https://dial.uclouvain.be/pr/boreal/object/boreal:249196"
COACH_CSNG_MD,GAS,0.9617021272337498,0.9262295096458047,0.8932806333339676,0.8625954195417747,0.8339483399265037,0.8071428594063176,-0.299793805,-0.28831234,-0.277677869,-0.2678,-0.258600763,-0.250012546,-0.241976429,EU,"G. Limpens, “Generating energy transition pathways: application to Belgium,” PhD thesis, Université catholique de Louvain, 2021. Available: https://dial.uclouvain.be/pr/boreal/object/boreal:249196"
COACH_CSNG_LD,GAS,0.9617021272337498,0.9262295096458047,0.8932806333339676,0.8625954195417747,0.8339483399265037,0.8071428594063176,-0.299793805,-0.28831234,-0.277677869,-0.2678,-0.258600763,-0.250012546,-0.241976429,EU,"G. Limpens, “Generating energy transition pathways: application to Belgium,” PhD thesis, Université catholique de Louvain, 2021. Available: https://dial.uclouvain.be/pr/boreal/object/boreal:249196"
COACH_CSNG_ELD,GAS,0.9617021272337498,0.9262295096458047,0.8932806333339676,0.8625954195417747,0.8339483399265037,0.8071428594063176,-0.299793805,-0.28831234,-0.277677869,-0.2678,-0.258600763,-0.250012546,-0.241976429,EU,"G. Limpens, “Generating energy transition pathways: application to Belgium,” PhD thesis, Université catholique de Louvain, 2021. Available: https://dial.uclouvain.be/pr/boreal/object/boreal:249196"
SCHOOLBUS_CSNG_SD,GAS,0.9617021272337498,0.9262295096458047,0.8932806333339676,0.8625954195417747,0.8339483399265037,0.8071428594063176,-0.299793805,-0.28831234,-0.277677869,-0.2678,-0.258600763,-0.250012546,-0.241976429,EU,"G. Limpens, “Generating energy transition pathways: application to Belgium,” PhD thesis, Université catholique de Louvain, 2021. Available: https://dial.uclouvain.be/pr/boreal/object/boreal:249196"
BUS_FC_H2_SD,H2,0.93205741541482,0.872759856128692,0.8205560236808466,0.7742448314658891,0.7328818649859302,0.6957142868319262,-0.274813655,-0.256142105,-0.239846326,-0.2255,-0.212773052,-0.201405944,-0.191191786,EU,"G. Limpens, “Generating energy transition pathways: application to Belgium,” PhD thesis, Université catholique de Louvain, 2021. Available: https://dial.uclouvain.be/pr/boreal/object/boreal:249196"
BUS_FC_CH4_SD,H2,0.93205741541482,0.872759856128692,0.8205560236808466,0.7742448314658891,0.7328818649859302,0.6957142868319262,-0.274813655,-0.256142105,-0.239846326,-0.2255,-0.212773052,-0.201405944,-0.191191786,EU,"G. Limpens, “Generating energy transition pathways: application to Belgium,” PhD thesis, Université catholique de Louvain, 2021. Available: https://dial.uclouvain.be/pr/boreal/object/boreal:249196"
COACH_FC_CH4_MD,H2,0.93205741541482,0.872759856128692,0.8205560236808466,0.7742448314658891,0.7328818649859302,0.6957142868319262,-0.274813655,-0.256142105,-0.239846326,-0.2255,-0.212773052,-0.201405944,-0.191191786,EU,"G. Limpens, “Generating energy transition pathways: application to Belgium,” PhD thesis, Université catholique de Louvain, 2021. Available: https://dial.uclouvain.be/pr/boreal/object/boreal:249196"
COACH_FC_CH4_LD,H2,0.93205741541482,0.872759856128692,0.8205560236808466,0.7742448314658891,0.7328818649859302,0.6957142868319262,-0.274813655,-0.256142105,-0.239846326,-0.2255,-0.212773052,-0.201405944,-0.191191786,EU,"G. Limpens, “Generating energy transition pathways: application to Belgium,” PhD thesis, Université catholique de Louvain, 2021. Available: https://dial.uclouvain.be/pr/boreal/object/boreal:249196"
COACH_FC_CH4_ELD,H2,0.93205741541482,0.872759856128692,0.8205560236808466,0.7742448314658891,0.7328818649859302,0.6957142868319262,-0.274813655,-0.256142105,-0.239846326,-0.2255,-0.212773052,-0.201405944,-0.191191786,EU,"G. Limpens, “Generating energy transition pathways: application to Belgium,” PhD thesis, Université catholique de Louvain, 2021. Available: https://dial.uclouvain.be/pr/boreal/object/boreal:249196"
SCHOOLBUS_FC_CH4_SD,H2,0.93205741541482,0.872759856128692,0.8205560236808466,0.7742448314658891,0.7328818649859302,0.6957142868319262,-0.274813655,-0.256142105,-0.239846326,-0.2255,-0.212773052,-0.201405944,-0.191191786,EU,"G. Limpens, “Generating energy transition pathways: application to Belgium,” PhD thesis, Université catholique de Louvain, 2021. Available: https://dial.uclouvain.be/pr/boreal/object/boreal:249196"
